class_name,source,observation_id,photo_id,license,url,sha256,split
badger,inaturalist,279491882,501892291,cc-by-nc,https://inaturalist-open-data.s3.amazonaws.com/photos/501892291/large.jpg,4491bdc37ad5b0625870da6b1f1d1ef011be4e5224b6af19b1c95066f83bffce,train
badger,inaturalist,251059515,449140217,cc-by-nc,https://inaturalist-open-data.s3.amazonaws.com/photos/449140217/large.png,ac259c10528b0f9e69366bc2b8a23efae862e1eef6f2636baae1dd63cb8623c4,val
badger,inaturalist,304564266,549055367,cc-by-nc,https://inaturalist-open-data.s3.amazonaws.com/photos/549055367/large.jpg,63b92aee1230a028f489626ec1dea1d28f8c9379d68f48712d37a1af209b2285,test
badger,inaturalist,304564266,549055364,cc-by-nc,https://inaturalist-open-data.s3.amazonaws.com/photos/549055364/large.jpg,0e77970f7f2434a959a7fc273929c405c6b2dc363f099d881562045ef4ac2072,test
badger,inaturalist,304564266,549055441,cc-by-nc,https://inaturalist-open-data.s3.amazonaws.com/photos/549055441/large.jpg,a0656336a16c584686ab1dc49d4f2ed6542e765c8a7f436691521da1291e884d,test
badger,inaturalist,281319836,505337312,cc-by-nc,https://inaturalist-open-data.s3.amazonaws.com/photos/505337312/large.jpg,7bfbf86b145e0868bd05f55c74c3b27af6355d3cd2cc852f090024e90a90e85b,train
badger,inaturalist,339153921,616902513,cc-by-nc,https://inaturalist-open-data.s3.amazonaws.com/photos/616902513/large.jpg,a629397d5ac9974f9f5adaba65c00daa18422f3d607099c90598fac066dd390a,train
badger,inaturalist,275767944,495419956,cc-by-nc,https://inaturalist-open-data.s3.amazonaws.com/photos/495419956/large.jpg,4a15e115c39308c2d917077bbc31ea575a77a4fc806d9d1ae2f10986b739aff7,train
badger,inaturalist,310174778,559782613,cc-by-nc,https://inaturalist-open-data.s3.amazonaws.com/photos/559782613/large.jpg,61b5bdeb0ae754c61ba809193f27ba13976ea1a2ce8182ab9457e0db9a7e21fd,train
badger,inaturalist,305230740,550877542,cc-by-nc,https://inaturalist-open-data.s3.amazonaws.com/photos/550877542/large.jpg,2c60a58bbab1a5a5d0dce816e84ded4e807ac6501bdfec1fd32304cd7ff1f62d,val
badger,inaturalist,267879062,481456058,cc0,https://inaturalist-open-data.s3.amazonaws.com/photos/481456058/large.jpg,9cc73c7e10c9a494290ad85f9cd1ad14ee6980701d95be165f442885191a7db6,train
badger,inaturalist,277878498,498950348,cc0,https://inaturalist-open-data.s3.amazonaws.com/photos/498950348/large.jpeg,1256ce8486e56925e92fe45499d7b9ebf171bad687e2c44f7005542b5610dc2d,train
badger,inaturalist,285777961,513684827,cc-by,https://inaturalist-open-data.s3.amazonaws.com/photos/513684827/large.jpg,0f79f4dc68253e9cfe81e5113f317011680109eaaf4bed7680b099ab7e01aa7a,train
badger,inaturalist,285777961,513684881,cc-by,https://inaturalist-open-data.s3.amazonaws.com/photos/513684881/large.jpg,1fbf7ff6dbf9d6b3aa3a79c4299408190a719d41f040f1e53c4e11a79d16a2dc,train
badger,inaturalist,330741179,599825255,cc-by-nc,https://inaturalist-open-data.s3.amazonaws.com/photos/599825255/large.jpg,f09500f2f709ad911a43a4675b7af31ae85a0a7d3cc2fb11a05adcc774798a0e,val
badger,inaturalist,304236546,548426319,cc-by-nc,https://inaturalist-open-data.s3.amazonaws.com/photos/548426319/large.jpg,1c930f0d6fb664b89ba1ff3be94701642c486a00fe876689b71ee2155e69f245,train
badger,inaturalist,304236546,548426338,cc-by-nc,https://inaturalist-open-data.s3.amazonaws.com/photos/548426338/large.jpg,9b58b35067d98e6b8b8edf69e52b2a43ac8b5a027c8eeef5427a1d0dd8acaa66,train
badger,inaturalist,304236546,548426356,cc-by-nc,https://inaturalist-open-data.s3.amazonaws.com/photos/548426356/large.jpg,b3ee4c9b58c986faec1f32e3872c69ce3df79cefcceb5609b75c3a28b3a7ef0f,train
badger,inaturalist,304236546,548426363,cc-by-nc,https://inaturalist-open-data.s3.amazonaws.com/photos/548426363/large.jpg,356b178b073b62872963217df6083478dba8500ed23727e052f3120ade6a35b7,train
badger,inaturalist,299569367,539698988,cc-by-nc,https://inaturalist-open-data.s3.amazonaws.com/photos/539698988/large.jpg,fec24a8ad05b9103ad6c3b5db40441c09149b0d538a594e10dfc854235baf7e0,val
badger,inaturalist,339154330,616902753,cc-by-nc,https://inaturalist-open-data.s3.amazonaws.com/photos/616902753/large.jpg,e5c297b194dc50ad323f71da33330f12813c1911be3850a976476c0c4ad45a3d,test
badger,inaturalist,277878481,498950063,cc0,https://inaturalist-open-data.s3.amazonaws.com/photos/498950063/large.jpeg,eb07eebcb6d7c0472986e21b1fffbf9f19860d26aaeeb36caac9b1c22998726a,train
badger,inaturalist,300339521,541146148,cc-by-nc,https://inaturalist-open-data.s3.amazonaws.com/photos/541146148/large.jpg,3fe6ce1b9c1ddcf7d715a82d020f761df788b66361fbbf9a5b749544a31e8299,train
badger,inaturalist,300339521,541146178,cc-by-nc,https://inaturalist-open-data.s3.amazonaws.com/photos/541146178/large.jpg,858577c9326196c3bd99fc5f7c8decc3d3e5791c8b2799228d51e62138416771,train
badger,inaturalist,300339521,541146221,cc-by-nc,https://inaturalist-open-data.s3.amazonaws.com/photos/541146221/large.jpg,73db6a3790843a6189ffed1958f9158e20df141808de239e690c2deb5ab7786f,train
badger,inaturalist,300339521,541146277,cc-by-nc,https://inaturalist-open-data.s3.amazonaws.com/photos/541146277/large.jpg,d6042968bd1f795c35218802aeed3c658e866686ed5d982246538a3b367eda43,train
badger,inaturalist,300339521,541146309,cc-by-nc,https://inaturalist-open-data.s3.amazonaws.com/photos/541146309/large.jpg,ce9d227068a9c7cc2bafecc489ee19cd7e06f11afb8aabd6dfb7e015991d61e3,train
badger,inaturalist,300339521,541146338,cc-by-nc,https://inaturalist-open-data.s3.amazonaws.com/photos/541146338/large.jpg,28a1ec196d905b5fac8e6b3ff6b34a502fe54b6e3192f8180468084d76a26173,train
badger,inaturalist,300339521,541146381,cc-by-nc,https://inaturalist-open-data.s3.amazonaws.com/photos/541146381/large.jpg,14c61055f54ccf425e87f55618bcde7f744853d35550710df2a2919e760e2d8e,train
badger,inaturalist,300339521,541146420,cc-by-nc,https://inaturalist-open-data.s3.amazonaws.com/photos/541146420/large.jpg,c8974df9da7acd9f7c1421fe22a35057215d7f1f6a2ebdd790c136f8d1bc6864,train
badger,inaturalist,304671356,549268897,cc-by-nc,https://inaturalist-open-data.s3.amazonaws.com/photos/549268897/large.jpg,7394cd8886a3aa1c9060501825d3253f104a25d94a5fe673454c9c6888a21e11,val
badger,inaturalist,338894989,616384223,cc-by-nc,https://inaturalist-open-data.s3.amazonaws.com/photos/616384223/large.jpg,0105eec56726e696557c6598745ced3dd69e2425e3977cda4095602219724d8c,test
badger,inaturalist,287501972,516955344,cc-by-nc,https://inaturalist-open-data.s3.amazonaws.com/photos/516955344/large.jpg,a05869ea136521120b0e2b0335bc01320f3fb1e565c33d0c8f63b797602b3c6c,val
badger,inaturalist,319798753,578124226,cc-by-nc,https://inaturalist-open-data.s3.amazonaws.com/photos/578124226/large.jpg,007f52905cd3dfab718c8b92080913e7157dacffcead04b1fe697e20064a9ded,test
badger,inaturalist,281902424,506429908,cc-by-nc,https://inaturalist-open-data.s3.amazonaws.com/photos/506429908/large.jpg,11e864dc784e951674a277b876d3e657014628757fb330f55e197715aacf3442,train
badger,inaturalist,281902424,506429942,cc-by-nc,https://inaturalist-open-data.s3.amazonaws.com/photos/506429942/large.jpg,902677ab060d2c9b12b2a971496fc3d5ae042f03b859e864e285c1abbf8b8a7a,train
badger,inaturalist,277878541,498950618,cc0,https://inaturalist-open-data.s3.amazonaws.com/photos/498950618/large.jpeg,a4bea33ee701b5480a74105f1defe6906b9239cdf013786d929b494942e631d4,train
badger,inaturalist,336691986,611898233,cc-by,https://inaturalist-open-data.s3.amazonaws.com/photos/611898233/large.jpg,914ec7eef5e854f2c3506928677cf8c56e181bce6b281aa24afeb94d2026b794,val
badger,inaturalist,260936311,468687033,cc-by-nc,https://inaturalist-open-data.s3.amazonaws.com/photos/468687033/large.png,47485c5afffcd3714b00d40cab3978da74388578c35efed1186076fb838f5431,test
badger,inaturalist,319160140,576902031,cc-by-nc,https://inaturalist-open-data.s3.amazonaws.com/photos/576902031/large.jpg,ede165b4ccfba6a0226e624e7dae58fad03da619a6254437c8137fbb6a125e4a,train
badger,inaturalist,277878461,498949925,cc0,https://inaturalist-open-data.s3.amazonaws.com/photos/498949925/large.jpeg,cede7fe9837b7bc8798be46b0959c7b0c8438d8f7925e6fb35a887bd4e2676bc,train
badger,inaturalist,298271887,537246514,cc-by-nc,https://inaturalist-open-data.s3.amazonaws.com/photos/537246514/large.jpg,634b440d9247552600e5f526f3a4e715b7f2a93c7dd40e7713031b887d1de391,train
badger,inaturalist,304564278,549056399,cc-by-nc,https://inaturalist-open-data.s3.amazonaws.com/photos/549056399/large.jpg,11ec6b36e39a30609e669648fe43d7f9f577ab543783b2e2f245240d17d561df,train
badger,inaturalist,262975136,472342015,cc-by-nc,https://inaturalist-open-data.s3.amazonaws.com/photos/472342015/large.jpeg,25781fac2bfeac1f47a4f43ed6cc12f1186345ef941949a4766c6a1f20aa703e,val
badger,inaturalist,317178660,573117791,cc-by-nc,https://inaturalist-open-data.s3.amazonaws.com/photos/573117791/large.jpg,8f53e75ed4c92de9749810c450c7fefa9c699bcd609bffbc87b9bacecbef60a5,test
badger,inaturalist,316279565,571799988,cc-by-nc,https://inaturalist-open-data.s3.amazonaws.com/photos/571799988/large.jpg,962a280f850bc7dc5b0ed9093f99128449b00c6c912b818715f716c5ab1d8007,train
badger,inaturalist,316279565,571800053,cc-by-nc,https://inaturalist-open-data.s3.amazonaws.com/photos/571800053/large.jpg,8f2628987f19cbf7fa03ea144528a1ff53ba2851702ae1f0a961074c54d10e54,train
badger,inaturalist,308949451,557449111,cc-by-nc,https://inaturalist-open-data.s3.amazonaws.com/photos/557449111/large.jpg,f157e1b736040211d14b4c2bcbcbdaebb8fe68f4b2a3e090a65c5744ddd9ab63,train
badger,inaturalist,311557816,562432787,cc-by-nc,https://inaturalist-open-data.s3.amazonaws.com/photos/562432787/large.jpg,25cb27b8838e68c1fa3a4ff2c484740a98e0bd9d7a555cbac282668c7ad0a48f,train
badger,inaturalist,331195801,600761085,cc-by-nc,https://inaturalist-open-data.s3.amazonaws.com/photos/600761085/large.jpg,a3ddb770663a7c39e4ee07e326298b1beb82eece1ac27d81e545fa7ad1ba2f83,val
badger,inaturalist,286365513,514807366,cc-by-nc,https://inaturalist-open-data.s3.amazonaws.com/photos/514807366/large.jpg,80bb37000126bf058a3c5846ad4754f5196bd465e5635b5d55a004c6cd2107c1,test
badger,inaturalist,286365513,514806654,cc-by-nc,https://inaturalist-open-data.s3.amazonaws.com/photos/514806654/large.jpg,3d037c0bb99b9c368ed573facc4e7176547f4b4512a46920396f25fb7b7b75b8,test
badger,inaturalist,286365513,514806991,cc-by-nc,https://inaturalist-open-data.s3.amazonaws.com/photos/514806991/large.jpg,efc74878073ba4abaa591ff396718f4d443651411bc5f04cdead12e5681a33b3,test
badger,inaturalist,286365513,514806136,cc-by-nc,https://inaturalist-open-data.s3.amazonaws.com/photos/514806136/large.jpg,5f4c59c8f83d91fb348ac6bd3f39286e17e9c9b5ef4032213ae68f60623dfebc,test
badger,inaturalist,339153888,616902487,cc-by-nc,https://inaturalist-open-data.s3.amazonaws.com/photos/616902487/large.jpg,44c439255bb435403b2b3e322e4e95a3858f92d3d013d8b907eeb58ff86676b8,train
badger,inaturalist,312910633,565018079,cc-by-nc,https://inaturalist-open-data.s3.amazonaws.com/photos/565018079/large.jpg,e9ae5a4577e41479bdd01c1918e777def8e89128f01d1b8b3f0923c6426f08c5,train
badger,inaturalist,339153843,616902466,cc-by-nc,https://inaturalist-open-data.s3.amazonaws.com/photos/616902466/large.jpg,8bd54a9814635c512f5a1caab0113fd793547bfa1e6a44f629187bcc63734843,train
badger,inaturalist,304579867,549082788,cc-by-nc,https://inaturalist-open-data.s3.amazonaws.com/photos/549082788/large.jpg,6ecfd187ff2210a357f91fbe376a57c957c671247b6179e7fdf358fb9bf7b66a,train
badger,inaturalist,313883448,566873039,cc-by-nc,https://inaturalist-open-data.s3.amazonaws.com/photos/566873039/large.jpg,6c33f960555df90e644fc8dca28f930b44bdaf399be74dde0d7664c09eb508f4,val
badger,inaturalist,324703195,587755697,cc-by-nc,https://inaturalist-open-data.s3.amazonaws.com/photos/587755697/large.jpg,4abf06d5343aef6db0daaa4fd9bee4c844db9a53bf20ad3cbdbba02770d76c53,train
badger,inaturalist,278077305,499304620,cc-by-nc,https://inaturalist-open-data.s3.amazonaws.com/photos/499304620/large.jpg,11cb4d86f25d6248ce2c63480d79e8c0449f96cf05e3b23321d026568a928d73,train
badger,inaturalist,330026012,598352177,cc-by-nc,https://inaturalist-open-data.s3.amazonaws.com/photos/598352177/large.jpg,deb0a217ad83bbd9a654c4396e16246aba68b0aba838c78802870121623747ea,train
badger,inaturalist,303310745,546675597,cc-by-nc,https://inaturalist-open-data.s3.amazonaws.com/photos/546675597/large.jpg,a1ae526195bd0123df1d77383b6614e761eaf89c454074b8bd17b15334479379,train
badger,inaturalist,339154903,616902880,cc-by-nc,https://inaturalist-open-data.s3.amazonaws.com/photos/616902880/large.jpg,316bfff79fb2ac90cb89b25ab2a2d26bb5494edba25503cacebf40eec3473971,val
badger,inaturalist,339154220,616902738,cc-by-nc,https://inaturalist-open-data.s3.amazonaws.com/photos/616902738/large.jpg,cb68d534c9c2c6d7872e0da4dbd4d996e5ad32f5315fb62ed4da5975e233e111,train
badger,inaturalist,338729216,616058271,cc-by,https://inaturalist-open-data.s3.amazonaws.com/photos/616058271/large.jpg,c0e6f3f0275a8574ebc6235e10d75112572ba402c3c35b812f23ce6fa153d621,train
badger,inaturalist,338729216,616058243,cc-by,https://inaturalist-open-data.s3.amazonaws.com/photos/616058243/large.jpg,b94573d24be68790628d84f87c0ed3a8e01a373265f9f68c71bed4c00517b9be,train
badger,inaturalist,307841753,555313592,cc-by-nc,https://inaturalist-open-data.s3.amazonaws.com/photos/555313592/large.jpg,18acab8b1a97bc2619a8bab3bcad838fced629ab5bff552aef57fcceca96c5c8,train
badger,inaturalist,307841753,555313630,cc-by-nc,https://inaturalist-open-data.s3.amazonaws.com/photos/555313630/large.jpg,bea10b926a9aad38ab256d5871f7f0156cd667ce4227e2a021d4698035606a60,train
badger,inaturalist,307841753,555313670,cc-by-nc,https://inaturalist-open-data.s3.amazonaws.com/photos/555313670/large.jpg,c0ef52876b37d1e54e80760dda30987382fd9162a338adcb97ba3d538e6e0d92,train
badger,inaturalist,307841753,555313705,cc-by-nc,https://inaturalist-open-data.s3.amazonaws.com/photos/555313705/large.jpg,82c4667a904b2e09ccdaf07e4b9b33608b163603a0b6870abb74828ecc31c72d,train
badger,inaturalist,294681775,530417964,cc-by-nc,https://inaturalist-open-data.s3.amazonaws.com/photos/530417964/large.jpg,7a706e2858c3c783a49218bd928533ee678bb5a5368111339eadc7d91aa91d99,val
badger,inaturalist,294681775,530418042,cc-by-nc,https://inaturalist-open-data.s3.amazonaws.com/photos/530418042/large.jpg,93ff14b6b9b25e7c3f8f63fd12bd3bb2219b6d9761b4fd785c72e80d0e74a586,val
badger,inaturalist,294681775,530418033,cc-by-nc,https://inaturalist-open-data.s3.amazonaws.com/photos/530418033/large.jpg,f8a27558bf03ccd6b593ed239b0d6ca210a9c87c8eb0fe11894f3d4095726590,val
badger,inaturalist,294681775,530417963,cc-by-nc,https://inaturalist-open-data.s3.amazonaws.com/photos/530417963/large.jpg,29c05ebfd6ce6fb2f7fc2f016b4a7e7edba073edb95cd3075c9800a98542f2e2,val
badger,inaturalist,273705577,492219758,cc-by-nc,https://inaturalist-open-data.s3.amazonaws.com/photos/492219758/large.jpeg,aa73b55e00557a27e6bf326028119acccd0ca11f528becc826253148bfaf4498,train
badger,inaturalist,332436870,603308259,cc-by-nc,https://inaturalist-open-data.s3.amazonaws.com/photos/603308259/large.jpg,fd86904a67ada21ce49367ef4c1233714bbc6cbd1e822802400eb37e98341080,test
badger,inaturalist,284473593,511253822,cc-by-nc,https://inaturalist-open-data.s3.amazonaws.com/photos/511253822/large.jpg,e924ae4d966f04cb865d81ffedd347a284674b4b6a36ced126b6b6ab1f66b1db,train
badger,inaturalist,264797149,475527442,cc-by-nc,https://inaturalist-open-data.s3.amazonaws.com/photos/475527442/large.jpeg,0dc6d516e3d8675d9ba3e2a35cd91e025110470beb2974d35134058e1712d075,train
badger,inaturalist,291263977,524030658,cc-by-nc,https://inaturalist-open-data.s3.amazonaws.com/photos/524030658/large.jpg,bb5aa0aed98f26f464646f27c8704a8ed134bcd2bc82033c8d8a040a51e95f2b,train
badger,inaturalist,339154434,616902767,cc-by-nc,https://inaturalist-open-data.s3.amazonaws.com/photos/616902767/large.jpg,318cf28de99b970a2a1144ba1858fe99c0b9bc3c5ab26fd13b2b6b8ad3d48c5a,train
badger,inaturalist,277878560,498950825,cc0,https://inaturalist-open-data.s3.amazonaws.com/photos/498950825/large.jpeg,4ab4c91ae0c9d408ce6b7a484d5990d0f826283c40c5944d4e270d1a00a103f5,test
badger,inaturalist,319178078,576933415,cc-by,https://inaturalist-open-data.s3.amazonaws.com/photos/576933415/large.jpg,d01593c0686c7afcd3a129f05cd8153ebef529e287403290be7aed6b6be1bf33,train
badger,inaturalist,270613311,486695039,cc-by-nc,https://inaturalist-open-data.s3.amazonaws.com/photos/486695039/large.jpeg,c8edcb519826cd60226ba0b4f122c896bb38f2af3b9818c133c8f03ca0f63f27,train
badger,inaturalist,269489818,484549557,cc-by-nc,https://inaturalist-open-data.s3.amazonaws.com/photos/484549557/large.jpg,efd3074d65f0172678f3daecd6c9ec4b5469e649be7ea396029d7361c2f2443a,train
badger,inaturalist,301416500,543142014,cc-by,https://inaturalist-open-data.s3.amazonaws.com/photos/543142014/large.jpg,a66485f5333e9caa01b1260e1dd3c8f21b5e9543422428b9926781e36a392aec,train
badger,inaturalist,258795859,464412535,cc-by,https://inaturalist-open-data.s3.amazonaws.com/photos/464412535/large.jpg,a99d6acb808f8210fbea5a9bb6a666a8a3f17fbce95162717945afcdbaf066d0,test
badger,inaturalist,339153842,616902461,cc-by-nc,https://inaturalist-open-data.s3.amazonaws.com/photos/616902461/large.jpg,12c0e7f294e98646fb244e26724228f5d21936b72e9e401e5b4886550fa84dd5,train
badger,inaturalist,308647489,556864421,cc-by,https://inaturalist-open-data.s3.amazonaws.com/photos/556864421/large.jpg,8a301b1bb253b672515e869278af7d5a6f4ea7dae4ae1ed466702e96b22bf325,train
badger,inaturalist,311131234,561617728,cc-by-nc,https://inaturalist-open-data.s3.amazonaws.com/photos/561617728/large.jpg,2be1cbf421fc5cbf43ef6b6190ca43009e3689f7986599d7fb83e85ff1d05097,train
badger,inaturalist,311131234,561618156,cc-by-nc,https://inaturalist-open-data.s3.amazonaws.com/photos/561618156/large.jpg,0b4fa0fb1c04087d30ca8f466e0a80bca12e3fdbaec3bf4ad4d849d0ef9192fd,train
badger,inaturalist,311131234,561618285,cc-by-nc,https://inaturalist-open-data.s3.amazonaws.com/photos/561618285/large.jpg,95111258e42daf2b6d5de2c6f37908d2b5bb3d90bb45a93bf245bcc64c7aca18,train
badger,inaturalist,304579885,549084748,cc-by-nc,https://inaturalist-open-data.s3.amazonaws.com/photos/549084748/large.jpg,6cf60cc04f68f66f82c248e209593c2c1095981dcc0ceda5b7b08f9ee3835b12,val
badger,inaturalist,304579885,549084847,cc-by-nc,https://inaturalist-open-data.s3.amazonaws.com/photos/549084847/large.jpg,e317e90e4df0da143b54903ca526ee4bdf9c2cfcff7af9f7270452c093868f78,val
badger,inaturalist,339154933,616902982,cc-by-nc,https://inaturalist-open-data.s3.amazonaws.com/photos/616902982/large.jpg,ee2aa1450d3a332ac9942029f8df6501d2228efc4c94d573a1aaaf9ff4e7956f,test
badger,inaturalist,264103685,474550169,cc-by-nc,https://inaturalist-open-data.s3.amazonaws.com/photos/474550169/large.jpeg,187ef72b00b6ee0c23af788e742f9a89e6daadb4de73a56bc8ff7c3aed5051a9,train
badger,inaturalist,264103685,474550191,cc-by-nc,https://inaturalist-open-data.s3.amazonaws.com/photos/474550191/large.jpeg,258b50c987c7852e64557e7745da8ef7212aedd92a751166c962a6a02e930f03,train
badger,inaturalist,339153984,616902535,cc-by-nc,https://inaturalist-open-data.s3.amazonaws.com/photos/616902535/large.jpg,4ad8b03f6fe50e0c6a20f5b7af481e3c2d2e3c4f3c7143d5b5475fb91e52729e,train
badger,inaturalist,339153819,616902397,cc-by-nc,https://inaturalist-open-data.s3.amazonaws.com/photos/616902397/large.jpg,b74bf0bec2d86a6caa629cac49f6d1c5c4a87eca5d071bbf0e854c83d632d660,test
badger,inaturalist,312926000,565064192,cc-by-nc,https://inaturalist-open-data.s3.amazonaws.com/photos/565064192/large.jpg,9672ba81bb6907ab1f34a372d1a82e0a357057d8cf3bdd2a06896eb82879a09d,train
badger,inaturalist,339154887,616902873,cc-by-nc,https://inaturalist-open-data.s3.amazonaws.com/photos/616902873/large.jpg,90b8ec5fe9e3b08b0715a7b14418bdc4ef520589b108a47ea6af8a2db1fbac62,train
badger,inaturalist,299722608,539985380,cc-by,https://inaturalist-open-data.s3.amazonaws.com/photos/539985380/large.jpg,c2c3c075613ed839c19beea27814bd302d480c3092565128a338f2c2f05bbebe,train
badger,inaturalist,299722608,539985381,cc-by,https://inaturalist-open-data.s3.amazonaws.com/photos/539985381/large.jpg,ba4f8bc0ac44fa2ca809aae1549b7a427a9e022f0d15e70adacc2ac64b0ffc10,train
badger,inaturalist,299722608,539985388,cc-by,https://inaturalist-open-data.s3.amazonaws.com/photos/539985388/large.jpg,5b6670b1d3d7f008da7fd359505dd793df5b84733ed2578cda1f7c9812bc0732,train
badger,inaturalist,303792792,547577654,cc-by,https://inaturalist-open-data.s3.amazonaws.com/photos/547577654/large.jpg,b769c38f15bd5d9fa14a1adeaf35ec8b796a1961b1b0304c964a772e4c192e66,val
badger,inaturalist,303792792,547577687,cc-by,https://inaturalist-open-data.s3.amazonaws.com/photos/547577687/large.jpg,f0fb59916629372aaeaebdc050eb8cfac09f4a03fb82f4e61c507c442af689cc,val
badger,inaturalist,303792792,547577707,cc-by,https://inaturalist-open-data.s3.amazonaws.com/photos/547577707/large.jpg,f762b1058f62ad8e4ed7230227d8551e6f9e60f2d034ec11d86ef3e7aa5eeba0,val
badger,inaturalist,303792792,547577709,cc-by,https://inaturalist-open-data.s3.amazonaws.com/photos/547577709/large.jpg,d8d0303a97a4240a4baf7814a6a67df693d36b3f7ea9259b15de44b0c670e96f,val
badger,inaturalist,303792792,547577736,cc-by,https://inaturalist-open-data.s3.amazonaws.com/photos/547577736/large.jpg,70bda90bffa7a92173eb66c339e62a340e427e072417e7da78e7d696a57e968e,val
badger,inaturalist,337126352,612781692,cc0,https://inaturalist-open-data.s3.amazonaws.com/photos/612781692/large.jpg,60d0149b41a2625d4abe6580d8b085b43610c32a553211f849e3a54437ef2e6f,test
badger,inaturalist,337126352,612781720,cc0,https://inaturalist-open-data.s3.amazonaws.com/photos/612781720/large.jpg,63351966e6e8608de43e10ea64a6a3e5963fb78d6ff9aa70b365615696d42ed2,test
badger,inaturalist,337126352,612781730,cc0,https://inaturalist-open-data.s3.amazonaws.com/photos/612781730/large.jpg,6acc97ead6e89190fee8bcef64553abae23449dfb6083412a7d873bd9c4c5c5d,test
badger,inaturalist,277878640,498952196,cc0,https://inaturalist-open-data.s3.amazonaws.com/photos/498952196/large.jpeg,ec940d18f8d0b81c38d9fd439596d60fd454c3ac17bfe56e7f1f3c64356b963e,train
badger,inaturalist,304587852,549105658,cc-by,https://inaturalist-open-data.s3.amazonaws.com/photos/549105658/large.jpg,d7cac4a64b37562fc1cfce88f804da1fe25c6015a8cfa3dd8d70e056a26fbb09,train
badger,inaturalist,304587852,549105686,cc-by,https://inaturalist-open-data.s3.amazonaws.com/photos/549105686/large.jpg,83799a6b4d80ecb5c4601808579fe617cd79bf8250e04714f3bd11e71f461944,train
badger,inaturalist,304587852,549105704,cc-by,https://inaturalist-open-data.s3.amazonaws.com/photos/549105704/large.jpg,decfa535ad1456583191a535a4c93458a7bb44ca6749975dd92a7baa408b1dd9,train
badger,inaturalist,304587852,549105713,cc-by,https://inaturalist-open-data.s3.amazonaws.com/photos/549105713/large.jpg,5bc55707f43bfaf977d386fcb1892e3993fbf8f69bf5964da3ba781b91754b35,train
badger,inaturalist,277878514,498950467,cc0,https://inaturalist-open-data.s3.amazonaws.com/photos/498950467/large.jpeg,5d7852c8297d33c3b272ea3f755535dd89a1c8fec9a297b155f92a1404ff7d41,train
badger,inaturalist,330213377,598739167,cc-by-nc,https://inaturalist-open-data.s3.amazonaws.com/photos/598739167/large.jpg,d164681f6411ffb1614f445e72e75fd79820f770afb868259cb9efc62f8f9c5e,train
badger,inaturalist,268776192,483162750,cc-by-nc,https://inaturalist-open-data.s3.amazonaws.com/photos/483162750/large.jpeg,e04d9365a2d9be1c420cc6c4bf7ed939ddce3f130d355f8fd404be598e4f5a45,train
badger,inaturalist,262975115,472341955,cc-by-nc,https://inaturalist-open-data.s3.amazonaws.com/photos/472341955/large.jpeg,9c4a9084c7cd2959cf2eac087fb5b4002f91f2c2ce267af2dcd0613c6fc910ce,train
badger,inaturalist,314892485,568787632,cc0,https://inaturalist-open-data.s3.amazonaws.com/photos/568787632/large.jpg,ead470467e152a8fbbcb5e77318846d7af1d18370178f591bca1d76a82bff6ac,train
badger,inaturalist,299809716,557962325,cc-by-nc,https://inaturalist-open-data.s3.amazonaws.com/photos/557962325/large.jpg,88213c2a8adab0cb58f6769185829dd6b17bfb2672ca620d0b68f7bb283a29eb,train
badger,inaturalist,261913145,470626549,cc-by-nc,https://inaturalist-open-data.s3.amazonaws.com/photos/470626549/large.jpg,4d7e450d6cbb337e6c6709cfc7f4243d6282ce7deb27940942e7647cc9a40dfb,test
badger,inaturalist,301566764,543425624,cc-by-nc,https://inaturalist-open-data.s3.amazonaws.com/photos/543425624/large.jpg,162521f1458300a64627274b1fea96153805990cbe83503894c90c1c50bfa7d8,train
badger,inaturalist,277878537,498950581,cc0,https://inaturalist-open-data.s3.amazonaws.com/photos/498950581/large.jpeg,fdb285bbfe6cd6e90d4a3a97e3af5ddcdd4dced61752208251f84165d48d389a,train
badger,inaturalist,251045431,449113699,cc0,https://inaturalist-open-data.s3.amazonaws.com/photos/449113699/large.jpeg,772fff07adb7a8c261dbb212a508ee0cf8652dbdb6e665ec31ea09734be521de,train
badger,inaturalist,277878613,498951933,cc0,https://inaturalist-open-data.s3.amazonaws.com/photos/498951933/large.jpeg,beb46cce4216b18faa464ac48710c86b55f8c6f17b83c3f6d04183c2f2eeefa2,train
badger,inaturalist,261620278,470050728,cc-by-nc,https://inaturalist-open-data.s3.amazonaws.com/photos/470050728/large.jpg,ec5de4383d5527910665435d60b6b7aa381ecb37d681977d70a2e2e9d1004659,test
badger,inaturalist,252876763,452728191,cc-by-nc,https://inaturalist-open-data.s3.amazonaws.com/photos/452728191/large.jpeg,a40d1f63ba9f53e2610a30f7448beb479e90706bec9c556a8193ebc9ecd457d5,train
badger,inaturalist,302318430,545280380,cc-by-nc,https://inaturalist-open-data.s3.amazonaws.com/photos/545280380/large.jpg,8bb69b89abc9bfa31ac621db6b2f7a8d84b5fa9bb718ce660a8eed776c71b767,train
badger,inaturalist,338144737,614868702,cc-by-nc,https://inaturalist-open-data.s3.amazonaws.com/photos/614868702/large.jpg,6525ecab2d490d4a898b32e9a246de53c45166e9262b595d675ff69da9372c9e,train
badger,inaturalist,300200846,540878322,cc-by-nc,https://inaturalist-open-data.s3.amazonaws.com/photos/540878322/large.jpg,3047c99fedd1e717593e4ccdfcb5b7a96d137d6112825c09da9e7e65e555c443,train
badger,inaturalist,251045438,449113740,cc0,https://inaturalist-open-data.s3.amazonaws.com/photos/449113740/large.jpeg,a88cf99dcbd6821ec05e91ae8da4a7f8e21c49a74d9004ea0d48f44bec45e75f,val
badger,inaturalist,251045438,449113722,cc0,https://inaturalist-open-data.s3.amazonaws.com/photos/449113722/large.jpeg,c1d3f7a65b58d733e9221c0fa4c109a09b1e10928a0d79d3b15575d7b31364ed,val
badger,inaturalist,251045438,449113737,cc0,https://inaturalist-open-data.s3.amazonaws.com/photos/449113737/large.jpeg,2c1e92dd3a5c485a50d977c96035b95824bddcd34e701c7ecb66a0ea57d1d446,val
badger,inaturalist,331067875,600498472,cc-by-nc,https://inaturalist-open-data.s3.amazonaws.com/photos/600498472/large.jpg,3b76ea3b6e3bc6f493e854e0ed148e3efc58ae4c50d121120270863468644d09,test
badger,inaturalist,275530310,495080813,cc0,https://inaturalist-open-data.s3.amazonaws.com/photos/495080813/large.jpeg,7b126a7105ba2e3217f521146fba0299fdf7ff99675f9e61f947015c4fe77758,train
badger,inaturalist,302985549,546069137,cc-by,https://inaturalist-open-data.s3.amazonaws.com/photos/546069137/large.jpg,20fe81f048deb188e5993a578aea8c0b1e16979274a9eadcbd47e64cb085d209,train
badger,inaturalist,302985549,546069142,cc-by,https://inaturalist-open-data.s3.amazonaws.com/photos/546069142/large.jpg,f1a26f87a1d871f3a8502edb1b58a1fede14c4223238dff9c007adf2aa23f759,train
badger,inaturalist,302985549,546069143,cc-by,https://inaturalist-open-data.s3.amazonaws.com/photos/546069143/large.jpg,02c5a82f3dbaab42686fca8c033effd34045320b217a0107db537fbaac64d1de,train
badger,inaturalist,264570003,475079710,cc-by-nc,https://inaturalist-open-data.s3.amazonaws.com/photos/475079710/large.png,a968a8ee03a21d136c7f1f947e306340fb0d89204be94627445c0b7b81946c91,test
badger,inaturalist,269427152,484435810,cc0,https://inaturalist-open-data.s3.amazonaws.com/photos/484435810/large.jpg,82f2f828816d98f7f7803765ed0db5b55626dccc07f1745767963625e6c75c79,train
badger,inaturalist,324396452,587134253,cc-by-nc,https://inaturalist-open-data.s3.amazonaws.com/photos/587134253/large.jpg,10cc97d006ce42514b4b5a60612b261377df7f6b2cf77c15c8fb674f044e2f79,train
badger,inaturalist,324396452,587134286,cc-by-nc,https://inaturalist-open-data.s3.amazonaws.com/photos/587134286/large.jpg,c02bd8b7f325e447db10111d89d6819e30dadc61cd6a781ffaf8fbeccd6140f9,train
badger,inaturalist,324396452,587134311,cc-by-nc,https://inaturalist-open-data.s3.amazonaws.com/photos/587134311/large.jpg,7c35cfbb97338b9171b85385ff45d48ad2b9f99dfd816b2e611d6857bb419df3,train
badger,inaturalist,308572102,556713680,cc-by,https://inaturalist-open-data.s3.amazonaws.com/photos/556713680/large.jpg,950f6d9cba433e632c94014a8849f453681d57675e22c30ecc5843fcde84b03e,test
badger,inaturalist,331598610,601585859,cc-by-nc,https://inaturalist-open-data.s3.amazonaws.com/photos/601585859/large.jpg,b2e61e2ce5b733a6cf0eb3a6d136125e9dbcb634416324cfb354a6f752f9dbb2,train
badger,inaturalist,287829023,517566665,cc-by-nc,https://inaturalist-open-data.s3.amazonaws.com/photos/517566665/large.jpg,825148e73afcbc2752c2a9b723e3213e1095321b6f8d939e7165249cf11ef92f,train
badger,inaturalist,287829023,517566689,cc-by-nc,https://inaturalist-open-data.s3.amazonaws.com/photos/517566689/large.jpg,cda7c0476d4a3374bf74fb0f30b3a522480cee98f83ca30ea74295f9472e1f77,train
badger,inaturalist,295701678,532359030,cc-by-nc,https://inaturalist-open-data.s3.amazonaws.com/photos/532359030/large.jpg,c6ee40301853f56395d326ed7b02620cbbda241c1bd35c440c252e5872ccbf09,train
badger,inaturalist,260639144,468102516,cc-by-nc,https://inaturalist-open-data.s3.amazonaws.com/photos/468102516/large.jpg,9afbb48d243b88e8ca5154e0444df824c2036d659cd3879de16969b45295b2ba,val
badger,inaturalist,326349984,591040439,cc-by-nc,https://inaturalist-open-data.s3.amazonaws.com/photos/591040439/large.jpg,be15fe5e2a046dc3bba6c07a91b68ead7989d7b648c2490527f787de6c0cf7c4,test
badger,inaturalist,326331199,591003151,cc-by-nc,https://inaturalist-open-data.s3.amazonaws.com/photos/591003151/large.jpg,6b62b55548153dd1eb4ddfeb93d02591882760578d17c099f0ad8cdbfff28848,train
badger,inaturalist,277878635,498952177,cc0,https://inaturalist-open-data.s3.amazonaws.com/photos/498952177/large.jpeg,b41bdd99d5a9261817abd31a4aae67f10ee94d1c1d7ea2acf008de05ba436bf2,train
badger,inaturalist,260522626,467875470,cc-by,https://inaturalist-open-data.s3.amazonaws.com/photos/467875470/large.jpg,5c7ecc5e0654ef9544b79054a60bfd2708585eddb444c514baaa2454459105f9,train
badger,inaturalist,303792799,547580989,cc-by,https://inaturalist-open-data.s3.amazonaws.com/photos/547580989/large.jpg,a7badb003792c2f61bbf1a533973b83570c76bf17ba0b0bfcb60bcec7b7997bc,train
badger,inaturalist,303792799,547581009,cc-by,https://inaturalist-open-data.s3.amazonaws.com/photos/547581009/large.jpg,7cfb015ca233577814fb2591500ada86d84a1bbb98c410bd2407cf22df16d0e5,train
badger,inaturalist,303792799,547581027,cc-by,https://inaturalist-open-data.s3.amazonaws.com/photos/547581027/large.jpg,3925ad871c4fabd0beddbe5976f3288fa63467dcb396b2f1a7a5bbf266c72756,train
badger,inaturalist,303792799,547581029,cc-by,https://inaturalist-open-data.s3.amazonaws.com/photos/547581029/large.jpg,27d6e3045374256b9ba6fad5d2e43e5412817e07c17fc1af97ec787cb132c4dc,train
badger,inaturalist,316352171,571556959,cc-by-nc,https://inaturalist-open-data.s3.amazonaws.com/photos/571556959/large.jpg,cffbbb89590fcf6a6b7d637367f182ef26883a7e47b8490c996dbab94863f530,val
badger,inaturalist,304088093,548151351,cc-by-nc,https://inaturalist-open-data.s3.amazonaws.com/photos/548151351/large.jpg,7e122c411be029a0e069b1b0759d169e4b6fe16b368ffc2ff71bc75b3cef4a86,test
badger,inaturalist,301956037,544156976,cc-by,https://inaturalist-open-data.s3.amazonaws.com/photos/544156976/large.jpg,e9589b32603b3f4ee7232f5247abd65faaf492d29b6e204547e96eb821d8c27e,train
badger,inaturalist,265046264,476012360,cc0,https://inaturalist-open-data.s3.amazonaws.com/photos/476012360/large.jpeg,16117200d2dec7818146cb954225419412a1b4d42cc42fcb58fa847f8f45c6f1,val
badger,inaturalist,319330983,577228422,cc-by-nc,https://inaturalist-open-data.s3.amazonaws.com/photos/577228422/large.jpg,123f5f060babaff8025115a4d67eae5ea1547de8ab5592c8b9b240232ebc5f33,test
badger,inaturalist,261194755,469202383,cc-by,https://inaturalist-open-data.s3.amazonaws.com/photos/469202383/large.jpg,4e22b3647c37fef299e2be62d5ccc618d1b5d98b56142d31014a99b47b965fbd,train
badger,inaturalist,324068028,586483204,cc-by-nc,https://inaturalist-open-data.s3.amazonaws.com/photos/586483204/large.jpg,ca9f0d0afdc618d1ac3ea10def3bcf56152fae5063c6ce23017cbbcfedea3db9,train
badger,inaturalist,319331263,577228856,cc-by-nc,https://inaturalist-open-data.s3.amazonaws.com/photos/577228856/large.jpg,94c53b64089734054694864cf0426418f2ca12fd8c88558048d3232199f7ecee,train
badger,inaturalist,310018574,559474568,cc-by-nc,https://inaturalist-open-data.s3.amazonaws.com/photos/559474568/large.jpg,5d5c7b107d1873107db4dffbdf8e41fca18b0d7427fae58ed60260adaa8e101b,train
badger,inaturalist,339153836,616902451,cc-by-nc,https://inaturalist-open-data.s3.amazonaws.com/photos/616902451/large.jpg,81ab15486348ac6913214ced4a77f12e818a0be6f867620481f11271ba731d31,val
badger,inaturalist,277878621,498951998,cc0,https://inaturalist-open-data.s3.amazonaws.com/photos/498951998/large.jpeg,6d6f64df3fae00134a1ce8f2aaa01a00aad2037dc48cd67f9e023e00cf184480,test
badger,inaturalist,277878596,498951797,cc0,https://inaturalist-open-data.s3.amazonaws.com/photos/498951797/large.jpeg,6862e3e15a5b252fb21e712c48661d28cadd2d440c6987347cff750378171c67,train
badger,inaturalist,260936308,468687007,cc-by-nc,https://inaturalist-open-data.s3.amazonaws.com/photos/468687007/large.png,dfbce16d6b6f3d8506955db8f503a5a44464144802131f68db10e3edda25c94d,train
badger,inaturalist,339154908,616902909,cc-by-nc,https://inaturalist-open-data.s3.amazonaws.com/photos/616902909/large.jpg,f0d2e418553e61527b717c501030b1d77d4addacd7f22cd6cbaa2725f37d9460,train
badger,inaturalist,266904587,479586377,cc-by-nc,https://inaturalist-open-data.s3.amazonaws.com/photos/479586377/large.jpeg,65be39b90c13086e7617ac8e7c8392617639ddd55b9cdfbb144b9d37cb0efed3,train
badger,inaturalist,264669202,475275752,cc-by-nc,https://inaturalist-open-data.s3.amazonaws.com/photos/475275752/large.jpeg,6084e7047de6c201f59d9357ea8b07d676d336dcd2eff978179c6cff78633282,val
badger,inaturalist,264669202,475275793,cc-by-nc,https://inaturalist-open-data.s3.amazonaws.com/photos/475275793/large.jpeg,b04a1c29d1dcd5a4e7e88e0f2597a717e6758ebc8c0256e2e7d98c63c100bfb6,val
badger,inaturalist,262975103,472341908,cc-by-nc,https://inaturalist-open-data.s3.amazonaws.com/photos/472341908/large.jpeg,322ec81beae5afee52cd001217c48ccdd2ce61fbd49eb6080e40056ec0bf023f,test
badger,inaturalist,291594814,524648788,cc-by-nc,https://inaturalist-open-data.s3.amazonaws.com/photos/524648788/large.jpg,1e7c1304a6e4b711e1474ca364f975a7cc305113ae08bd8d4f19e8d4799b064d,train
badger,inaturalist,339153829,616902428,cc-by-nc,https://inaturalist-open-data.s3.amazonaws.com/photos/616902428/large.jpg,c99357f581549789cb9f63225238e549f847b2ef29895b91af6c91d90e45876d,train
badger,inaturalist,304236533,548426280,cc-by-nc,https://inaturalist-open-data.s3.amazonaws.com/photos/548426280/large.jpg,ce4069e5e9fae22f1cc9a10ad8103acf64600571845514523f2ceb4b8e5a1786,train
badger,inaturalist,304236533,548426288,cc-by-nc,https://inaturalist-open-data.s3.amazonaws.com/photos/548426288/large.jpg,8a87422b86d9e4ca48aac39a96bddd42666978fadf3aff4327569f498edaf7a5,train
badger,inaturalist,304236533,548426305,cc-by-nc,https://inaturalist-open-data.s3.amazonaws.com/photos/548426305/large.jpg,3d0af79b53d302c7356e5b23e70c1464fca9c1d731c8d3654f0e6f8af9f00ddf,train
badger,inaturalist,304236533,548426317,cc-by-nc,https://inaturalist-open-data.s3.amazonaws.com/photos/548426317/large.jpg,c17eb3319386d2059698550741c8b4fb42340d881a9c37e7a3cfb8d7c07281b6,train
badger,inaturalist,304878485,549655635,cc-by,https://inaturalist-open-data.s3.amazonaws.com/photos/549655635/large.jpg,dc0acc6ed89ecffbe3bf09f2847891d2c085e8166f3aa1b25634a823bad68edd,test
badger,inaturalist,304878485,549655645,cc-by,https://inaturalist-open-data.s3.amazonaws.com/photos/549655645/large.jpg,9319f8c74fd2dd3aa998fa06a1bfaf2684f4e42b8b5dfe0c0b66532bdcab727a,test
badger,inaturalist,304579884,549084546,cc-by-nc,https://inaturalist-open-data.s3.amazonaws.com/photos/549084546/large.jpg,f813bb1d4f97e0fb5615317b2d796f4281315841695301a6269448d6960c282a,train
badger,inaturalist,304579884,549084683,cc-by-nc,https://inaturalist-open-data.s3.amazonaws.com/photos/549084683/large.jpg,e4938c8687e6b3cf4b4808ab03f8cd3e4364288feb9826eb17ee9e1a51214afb,train
badger,inaturalist,304579884,549084721,cc-by-nc,https://inaturalist-open-data.s3.amazonaws.com/photos/549084721/large.jpg,d345761ae62b171d40d7e3a18fb05865321f65035abb84ef3df3b38188d84474,train
badger,inaturalist,265046314,476012471,cc0,https://inaturalist-open-data.s3.amazonaws.com/photos/476012471/large.jpeg,1b792196e8b847f778235a8c57f177a1a7de4db78fbbf239b082a262f72736c6,val
badger,inaturalist,261634892,470078844,cc-by-nc,https://inaturalist-open-data.s3.amazonaws.com/photos/470078844/large.jpg,0f96f5bc69b5aff45c8d20fdc97527afaaa33dd4d7239dd4a494fcf41cde2d2a,train
badger,inaturalist,333712588,605859999,cc-by-nc,https://inaturalist-open-data.s3.amazonaws.com/photos/605859999/large.jpg,1bb58c7c0cf9e2a6a09519b9edd15f13c7969bada0b6401dd7a59078c930ff15,train
badger,inaturalist,333712588,605860005,cc-by-nc,https://inaturalist-open-data.s3.amazonaws.com/photos/605860005/large.jpg,8bf3e8198c0303ccc3a2c3c9f5778071028c7a0eb8b09fca18f264afd837369b,train
badger,inaturalist,333712588,605860015,cc-by-nc,https://inaturalist-open-data.s3.amazonaws.com/photos/605860015/large.jpg,bc638ab0203ecfe6f2ac6ed0620f381e68ced8826ec9dbd64393858359a68362,train
badger,inaturalist,333712588,605860032,cc-by-nc,https://inaturalist-open-data.s3.amazonaws.com/photos/605860032/large.jpg,c77aaf11e9eccb0a0339828e1648ad356825636dd2d052e51fd418f9ebb324d1,train
badger,inaturalist,277878574,498950963,cc0,https://inaturalist-open-data.s3.amazonaws.com/photos/498950963/large.jpeg,4aac824773352b74cd259785964eefcf80666c1f0429abebf9ea3911366fcab2,val
badger,inaturalist,316283763,571431923,cc-by,https://inaturalist-open-data.s3.amazonaws.com/photos/571431923/large.jpg,963bbb1684da20606f262023a20c055ce1ce41047a640c84792e84d56917e6a2,test
badger,inaturalist,316283763,571431937,cc-by,https://inaturalist-open-data.s3.amazonaws.com/photos/571431937/large.jpg,cbf7b6996ce12fd4b9dd4a3e27a0dc10520a0c10640bb0e1da3c2be1c5c8f374,test
badger,inaturalist,277878429,498949604,cc0,https://inaturalist-open-data.s3.amazonaws.com/photos/498949604/large.jpeg,758ed479036bec9dd7d75c32a15307c6c5a6b2fad9399ea097ac20ee7af4795b,train
badger,inaturalist,336219347,610935802,cc-by-nc,https://inaturalist-open-data.s3.amazonaws.com/photos/610935802/large.jpg,d5144fe3eed6bf1c95c65e72b433d56bbfcb5f62d684b116bc91cca234667da2,train
badger,inaturalist,336219347,610935819,cc-by-nc,https://inaturalist-open-data.s3.amazonaws.com/photos/610935819/large.jpg,1edfd140c5fe6d99b1cb270c53360e9278474cce7dc021eaa932b17a8d2df627,train
badger,inaturalist,339154206,616902731,cc-by-nc,https://inaturalist-open-data.s3.amazonaws.com/photos/616902731/large.jpg,edab33d4df4bdcbb3dadc6923fcb5708b2cf932439c8d9625a89a60ebd5a904f,val
badger,inaturalist,277878495,498950247,cc0,https://inaturalist-open-data.s3.amazonaws.com/photos/498950247/large.jpeg,35977a64ca16e6114350de43431ea7ab814d603c59aec3e943322d788094d630,train
badger,inaturalist,319331814,577230124,cc-by-nc,https://inaturalist-open-data.s3.amazonaws.com/photos/577230124/large.jpg,a4bd162d0f7bdcbca5b6e358053fbdd18a6c3363442ffcd30c09b75bc4bb5116,train
badger,inaturalist,267483466,480699169,cc-by-nc,https://inaturalist-open-data.s3.amazonaws.com/photos/480699169/large.jpeg,1bbb866fbebabdbb279f669c18e7e0395d91434d4502163ea79349e5b8a9c8e9,train
badger,inaturalist,261253608,469321890,cc-by-nc,https://inaturalist-open-data.s3.amazonaws.com/photos/469321890/large.jpeg,c32a5dc1a801a3fea304315d5d8890fbf2b5a3f2420028090bf13168f112f7b6,val
badger,inaturalist,261253608,469321915,cc-by-nc,https://inaturalist-open-data.s3.amazonaws.com/photos/469321915/large.jpeg,87aa9fd975716d72dba4a013c07c75fe1f41c7531a065453d918be9665421222,val
badger,inaturalist,261253608,469321934,cc-by-nc,https://inaturalist-open-data.s3.amazonaws.com/photos/469321934/large.jpeg,3b47f1d27fd66ee611c7c19f21b6d7695a85e96df3f3aca22150e52b8d0c8ffa,val
badger,inaturalist,261253608,469321955,cc-by-nc,https://inaturalist-open-data.s3.amazonaws.com/photos/469321955/large.jpeg,cffb1353fba5972a1624a82d9086f8f4db393248ce990386beeb465609f141cd,val
badger,inaturalist,261253608,469321974,cc-by-nc,https://inaturalist-open-data.s3.amazonaws.com/photos/469321974/large.jpeg,efb9f3a8d6542880488446b6e2e081ff8088a86b3b9470b63b67c73e43fd0551,val
badger,inaturalist,261253608,469321995,cc-by-nc,https://inaturalist-open-data.s3.amazonaws.com/photos/469321995/large.jpeg,7193d798c29da58dacc0eeb9912a8096fc218b8e4a0e82a69f8b8e2295891d86,val
badger,inaturalist,261253608,469322012,cc-by-nc,https://inaturalist-open-data.s3.amazonaws.com/photos/469322012/large.jpeg,6e5c690ca39e54335b59e905c4d3805b37a5e13095f8f432f08b1fba9409ee51,val
badger,inaturalist,261253608,469322028,cc-by-nc,https://inaturalist-open-data.s3.amazonaws.com/photos/469322028/large.jpeg,8436f98e985a7c2bd510354685a901f8f281def8e7a4101befdfe93c66c4e59f,val
badger,inaturalist,261253608,469322045,cc-by-nc,https://inaturalist-open-data.s3.amazonaws.com/photos/469322045/large.jpeg,f940dc0e4510d5efeb320c01fbec01b07f5e67b04946fe0d2e274e724d61a355,val
badger,inaturalist,261253608,469322065,cc-by-nc,https://inaturalist-open-data.s3.amazonaws.com/photos/469322065/large.jpeg,4a75c6435018e9068af44c403623c9ab80d5312ca8db03ae14313a88d80785c4,val
badger,inaturalist,261253608,469322083,cc-by-nc,https://inaturalist-open-data.s3.amazonaws.com/photos/469322083/large.jpeg,d89c9af9792911a0b2e9380842e447b8231f36affc0519317a0d534d4a4d8e68,val
badger,inaturalist,313780536,566679816,cc-by-nc,https://inaturalist-open-data.s3.amazonaws.com/photos/566679816/large.jpg,8946c85af34bada89d56b014fe71565d06d2659073f1df14abafc1eecfa75d74,test
badger,inaturalist,303792770,547564863,cc-by,https://inaturalist-open-data.s3.amazonaws.com/photos/547564863/large.jpg,c79e14a213711fcd2153b23248cc1a8ca8b91ef1877f4d2cb759ad0a27e655de,train
badger,inaturalist,303792770,547564856,cc-by,https://inaturalist-open-data.s3.amazonaws.com/photos/547564856/large.jpg,bb54007f0804b4116dd281e82edd689a4abbc0a25b6f92956d7b12afb361d32e,train
badger,inaturalist,303792770,547564867,cc-by,https://inaturalist-open-data.s3.amazonaws.com/photos/547564867/large.jpg,a19ce89d156f8b6983a870f5c3370cb7f3a8651ea8f935ca695ddbdc814150b8,train
badger,inaturalist,303792770,547564883,cc-by,https://inaturalist-open-data.s3.amazonaws.com/photos/547564883/large.jpg,0b2bee5be3fa8e736884c0feb2bfd350d8511d69466da41fce2abb41ef8a72f6,train
badger,inaturalist,303792770,547564890,cc-by,https://inaturalist-open-data.s3.amazonaws.com/photos/547564890/large.jpg,32eb49d47b8ce1ddd5029cc8a960e883da4d7e78088cd463ccbdc503a5e82336,train
badger,inaturalist,291906502,525242655,cc-by,https://inaturalist-open-data.s3.amazonaws.com/photos/525242655/large.jpg,0cdc79ffac7944aa5a56181f0193730da9257236eb35cbc93c7bc26b8c1a2d94,test
badger,inaturalist,278452444,499980544,cc-by-nc,https://inaturalist-open-data.s3.amazonaws.com/photos/499980544/large.jpeg,3fa70fc05b7c842f47d1cc5a4714aef5d296b67422c5a173f960344e7a861b2f,train
badger,inaturalist,278452444,499980464,cc-by-nc,https://inaturalist-open-data.s3.amazonaws.com/photos/499980464/large.jpeg,97058d3f6f9666d1848917a49a9380cefa70d6836976543ae62333e3f66ff997,train
badger,inaturalist,278452444,499980367,cc-by-nc,https://inaturalist-open-data.s3.amazonaws.com/photos/499980367/large.jpeg,750ca89ae469bad13d42608df140c7a49e54f574aadd2ee584dd087b2b8ae99e,train
badger,inaturalist,277878438,498949637,cc0,https://inaturalist-open-data.s3.amazonaws.com/photos/498949637/large.jpeg,913cbf304e5d8cb75e8f603ed5393942880952dab02774936e9f46abd8e8ba07,test
badger,inaturalist,311351816,562038060,cc-by,https://inaturalist-open-data.s3.amazonaws.com/photos/562038060/large.jpg,06ede670ca38205e5cf4c99e5bfdf88c7d635e37b8dc29f1282ba5d142e392d1,train
badger,inaturalist,311351816,562038057,cc-by,https://inaturalist-open-data.s3.amazonaws.com/photos/562038057/large.jpg,226f818e2503841d10c03b4217f345137d25b76a2ebbd1589ff89f957c4fc6a1,train
badger,inaturalist,313828257,566770336,cc-by-nc,https://inaturalist-open-data.s3.amazonaws.com/photos/566770336/large.jpg,b22d5061ce42f8a0e7ad97cee37ce3b47577a110ddb73fef43c35456763a262c,train
badger,inaturalist,339154845,616902863,cc-by-nc,https://inaturalist-open-data.s3.amazonaws.com/photos/616902863/large.jpg,86f52c9d6c865c0682f3beab275666f45ecbbcd4e5bd276a129752fc72d2871c,train
badger,inaturalist,268028568,481736690,cc0,https://inaturalist-open-data.s3.amazonaws.com/photos/481736690/large.jpeg,4ff05d1fb79ebbe5fc43a0b9019cf73159e97c21fcba60da8c752de2d0f8d9fc,test
badger,inaturalist,268028568,481736691,cc0,https://inaturalist-open-data.s3.amazonaws.com/photos/481736691/large.jpeg,2742ee928dd39b677b573b24ea5c1071965142edc381377f13fc40dc8b95db9b,test
badger,inaturalist,268028568,481736692,cc0,https://inaturalist-open-data.s3.amazonaws.com/photos/481736692/large.jpeg,a301908b346f19a78d07bbe4cd5c56c1faae5154c7b358b32689c2e79790d4db,test
badger,inaturalist,268028568,481736705,cc0,https://inaturalist-open-data.s3.amazonaws.com/photos/481736705/large.jpeg,d768089a90caa21996f1454a9e36d42c7e989943393b74a6da79c92ac615dea8,test
badger,inaturalist,268028568,481736708,cc0,https://inaturalist-open-data.s3.amazonaws.com/photos/481736708/large.jpeg,696456c73c7968fe392933b866f77b71840d2d05ecdc7ea0da7cb79615653f9d,test
badger,inaturalist,339153849,616902479,cc-by-nc,https://inaturalist-open-data.s3.amazonaws.com/photos/616902479/large.jpg,9a4aa148298fddb1ceab31456e018117eb1517b19a3f315a9accea5ad2389b07,train
badger,inaturalist,258749050,464317243,cc-by-nc,https://inaturalist-open-data.s3.amazonaws.com/photos/464317243/large.jpeg,2ec9bc0cde4267a56a1a47a7bc3596606d5542c664178268204658d3091fc602,train
badger,inaturalist,258749050,464317565,cc-by-nc,https://inaturalist-open-data.s3.amazonaws.com/photos/464317565/large.jpeg,7b92666e6e7d46a9b795dcf7d41f4d510f7b67f86612fd13eb168edb7e4df068,train
badger,inaturalist,258749050,464317571,cc-by-nc,https://inaturalist-open-data.s3.amazonaws.com/photos/464317571/large.jpeg,3c7c67f9bd0769ed761de9cb4d69e1e65946af73f29dbdda3ac40789e08866e0,train
badger,inaturalist,256882128,460679759,cc-by-nc,https://inaturalist-open-data.s3.amazonaws.com/photos/460679759/large.jpg,05f2e4eb8f7b0c6bd204b957d1fad4a5b26a52bcc4f97a94e11d77876bf9feee,train
badger,inaturalist,263697425,473771124,cc0,https://inaturalist-open-data.s3.amazonaws.com/photos/473771124/large.jpg,cb44c412e037f56b4556f1516f6daf9931e276b983a030298e12fd07955c3b6b,train
badger,inaturalist,277878617,498951971,cc0,https://inaturalist-open-data.s3.amazonaws.com/photos/498951971/large.jpeg,6f15d87eaa18da8b88d9d0fceaa1c7570a3239654c203af912c91e85d5116327,train
badger,inaturalist,282994140,508468795,cc-by-nc,https://inaturalist-open-data.s3.amazonaws.com/photos/508468795/large.jpg,4f7d4f6a969f8c3cabf3151d59a5dee1175389e453265970bdce7eb9e0018dc1,train
badger,inaturalist,288716893,519244367,cc-by-nc,https://inaturalist-open-data.s3.amazonaws.com/photos/519244367/large.jpg,181f22d1ead6f01d7298bab11d958d07cda5210d25274d1a994a64b2ca90d97d,train
badger,inaturalist,311948995,563170563,cc-by-nc,https://inaturalist-open-data.s3.amazonaws.com/photos/563170563/large.jpg,e3359ccc22b8fdad28a24833908b21ee9911e5053a73a4ffc26b1b62e781bfba,train
badger,inaturalist,303667653,547354726,cc-by-nc,https://inaturalist-open-data.s3.amazonaws.com/photos/547354726/large.jpg,dd55cc214c2a9a513333410ff9ec4d8ea3f78ce3b430eccd4a7db547e51a6abd,train
badger,inaturalist,339153814,616902383,cc-by-nc,https://inaturalist-open-data.s3.amazonaws.com/photos/616902383/large.jpg,5a3ad2f43e32734c285f6ce6c9b560337c98e916cf61d3d8bda6c224bfc8a671,train
badger,inaturalist,327094815,592524610,cc-by-nc,https://inaturalist-open-data.s3.amazonaws.com/photos/592524610/large.jpg,7257f82fc64c2a751222b292c31ad4c73ea7cf5578332853a90df4b4a7d44686,train
badger,inaturalist,299722612,539986504,cc-by,https://inaturalist-open-data.s3.amazonaws.com/photos/539986504/large.jpg,bed37537551cf02233a83e82435ba3efb70c23c105a8d10c8acc5b5a5b210bf7,train
badger,inaturalist,299722612,539986488,cc-by,https://inaturalist-open-data.s3.amazonaws.com/photos/539986488/large.jpg,1dc30204fe27684d41ea712b74a2218fc3cf666c162ead9a6038a173df752e00,train
badger,inaturalist,299722612,539986490,cc-by,https://inaturalist-open-data.s3.amazonaws.com/photos/539986490/large.jpg,073e49a308a0bd162fe10fc21cb99858cbdcd116e14c6d51f8030c7f13c813fe,train
badger,inaturalist,299722612,539986497,cc-by,https://inaturalist-open-data.s3.amazonaws.com/photos/539986497/large.jpg,b1c545afe96526fb2e522dcc38d22079487a3185ea362961cba41e0b9dcc1b3a,train
badger,inaturalist,299722612,539986502,cc-by,https://inaturalist-open-data.s3.amazonaws.com/photos/539986502/large.jpg,69d1d9fc52b77f067445083ceb5893fa8849b2d907d889b6f6d75c95702d7b54,train
badger,inaturalist,339154941,616902990,cc-by-nc,https://inaturalist-open-data.s3.amazonaws.com/photos/616902990/large.jpg,ffa773802a35d4093d5d4356d9eccecb6e9f8821c2889ed26601531210e9474a,train
badger,inaturalist,273715077,492230810,cc-by-nc,https://inaturalist-open-data.s3.amazonaws.com/photos/492230810/large.jpeg,4fa5b3d561ba79d5679eb3638de05b3c916af1ed5461b2b76b01a91227554bd6,train
badger,inaturalist,337475782,613498787,cc-by-nc,https://inaturalist-open-data.s3.amazonaws.com/photos/613498787/large.jpg,e8c54dda2b9040db9332c3eb2ea9c6579bbcf613c32f3d0b11a1e8d6fcfc4b7b,test
badger,inaturalist,262413125,471421597,cc-by,https://inaturalist-open-data.s3.amazonaws.com/photos/471421597/large.jpg,c766f1c382b6238d2dbc9045a29d89ee6f76a104fea54f4a9d4d1de0ed8cd17f,train
badger,inaturalist,265973859,477833607,cc-by,https://inaturalist-open-data.s3.amazonaws.com/photos/477833607/large.jpeg,d31eb8ac873c63bc450bcaa637cfd6d8c2cb439dad8b7d5d345fe0ffb37fd154,train
badger,inaturalist,265973859,477833632,cc-by,https://inaturalist-open-data.s3.amazonaws.com/photos/477833632/large.jpeg,8a5edf165d9ce19ef7a3cfa9a25c2a8364742954dcb84ad38229bbce9f57b4c1,train
badger,inaturalist,265973859,477833646,cc-by,https://inaturalist-open-data.s3.amazonaws.com/photos/477833646/large.jpeg,1fa8df0e1664c7b24f2522ad30649f2f02e2b5af66bebdcd93f217af5bf1ca36,train
badger,inaturalist,326358778,591055785,cc-by-nc,https://inaturalist-open-data.s3.amazonaws.com/photos/591055785/large.jpg,e0090eb419cc8e7177fa98a8c3a56a19e704f075d19b0edcef29311ecee67add,test
badger,inaturalist,326358778,591055784,cc-by-nc,https://inaturalist-open-data.s3.amazonaws.com/photos/591055784/large.jpg,c26a0407180982173db4ab5d70e713a3f56d01a7d52f9d8e77fc7cc2cc1e0a18,test
badger,inaturalist,259508931,465854814,cc-by-nc,https://inaturalist-open-data.s3.amazonaws.com/photos/465854814/large.jpg,270f1b9e51a4ce25499387c9d5c90ad907de9538b065ba720d001b1a076a0aaa,train
badger,inaturalist,259508931,465854825,cc-by-nc,https://inaturalist-open-data.s3.amazonaws.com/photos/465854825/large.jpg,9fba27ce15bb66da43f15a3f7f7d226dbc30e36250d3f61fc9193c3eae0859ea,train
badger,inaturalist,286232901,514556815,cc-by-nc,https://inaturalist-open-data.s3.amazonaws.com/photos/514556815/large.jpg,d285893ec4ee2dcec0eb1367f7a93e5e35b22ad7833757c9589b80d38fafd082,train
badger,inaturalist,286232901,514556794,cc-by-nc,https://inaturalist-open-data.s3.amazonaws.com/photos/514556794/large.jpg,54b4f169461291781d8e2bd39e77dac87ee603a5b840b4b69479a167f56543e0,train
badger,inaturalist,294416114,529931518,cc-by-nc,https://inaturalist-open-data.s3.amazonaws.com/photos/529931518/large.jpg,436a8166abbd89546c6b1db9e56cb00d55a209ee54c7b1fc9bb4dd2ce4ff930d,train
badger,inaturalist,339153802,616902341,cc-by-nc,https://inaturalist-open-data.s3.amazonaws.com/photos/616902341/large.jpg,512fe30d55e6f24618fa817ee8f2f98ac4c65a1e21f543af8221283faf45cffd,train
badger,inaturalist,312542020,564305826,cc-by-nc,https://inaturalist-open-data.s3.amazonaws.com/photos/564305826/large.jpg,783ea684ab082eb6526afe34a585b5d9033a836ce1f0abfbc73f48801dcd66bb,train
badger,inaturalist,304587850,549105635,cc-by,https://inaturalist-open-data.s3.amazonaws.com/photos/549105635/large.jpg,f89896de825f1ce7b2843cfa4fd6b3747876148e88a24761fe966b91a5a7b6dc,train
badger,inaturalist,304587850,549105647,cc-by,https://inaturalist-open-data.s3.amazonaws.com/photos/549105647/large.jpg,a1b290812bb9697050ee3db2b94e9741dc628a1eb3f71fcd7d26a407bbe66dd8,train
badger,inaturalist,276637744,496767413,cc-by-nc,https://inaturalist-open-data.s3.amazonaws.com/photos/496767413/large.jpeg,fd876bac2e27b53c6b8d072a6519b12980b6313b01e007f27a3666cd4441de83,val
badger,inaturalist,267035241,479835506,cc0,https://inaturalist-open-data.s3.amazonaws.com/photos/479835506/large.jpeg,933748872d0f6e00d35d1714d8549dfdd0b8100c0a582fee42748e9562a6cd37,test
badger,inaturalist,327821950,593956499,cc-by-nc,https://inaturalist-open-data.s3.amazonaws.com/photos/593956499/large.jpg,0350da69278a07e4b5405cce52aee93e87238586406522e5b7e2da82a63b5a22,train
badger,inaturalist,251079660,449178863,cc-by-nc,https://inaturalist-open-data.s3.amazonaws.com/photos/449178863/large.png,d9dde774f099d2ce6d2e2ae0a757050a36ce7ead88696a3804fd0546c3ec1d45,train
badger,inaturalist,304579929,549086804,cc-by-nc,https://inaturalist-open-data.s3.amazonaws.com/photos/549086804/large.jpg,d0a199671ece56b170b2b2ef7c41382ff99158990246e49d7f94d839da2c98fd,train
badger,inaturalist,261125960,469063940,cc-by-nc,https://inaturalist-open-data.s3.amazonaws.com/photos/469063940/large.jpeg,083a835135707a7fc18ee2434f6e767df532158afa6dcb50d87880bdee156324,val
badger,inaturalist,261125960,469064885,cc-by-nc,https://inaturalist-open-data.s3.amazonaws.com/photos/469064885/large.jpeg,2fc027b77824c646449c23a51a1c86af53c45a8678b8f5029d87cefde311a80e,val
badger,inaturalist,277878584,498951134,cc0,https://inaturalist-open-data.s3.amazonaws.com/photos/498951134/large.jpeg,e0a286ccfb7c070b0dc5be95196bc45a0af496cbc53deb359e0a693d741bbb70,test
badger,inaturalist,290462820,522528667,cc0,https://inaturalist-open-data.s3.amazonaws.com/photos/522528667/large.jpg,4ea9afe4be543e08b70c71d77b0faa522fafc87e7bb8316bb75688843b017a92,train
badger,inaturalist,277878616,498951942,cc0,https://inaturalist-open-data.s3.amazonaws.com/photos/498951942/large.jpeg,ea9981612ce6c3310bd0fac86417c2f45b03da428784c527f467baeb6a727086,train
badger,inaturalist,339153796,616902327,cc-by-nc,https://inaturalist-open-data.s3.amazonaws.com/photos/616902327/large.jpg,d7b0e1f9cf1bbaf64cad66568c60a3f1b8e45c7b13d506bf895cc6730d7ff3ee,train
badger,inaturalist,339154446,616902774,cc-by-nc,https://inaturalist-open-data.s3.amazonaws.com/photos/616902774/large.jpg,e377a648d5b7681090cd0ab9bbde40574e233ad86aa754d8d395c5b2b4e9e6c8,train
badger,inaturalist,310426433,560264579,cc-by-nc,https://inaturalist-open-data.s3.amazonaws.com/photos/560264579/large.jpg,52b25f0d744e869789ece9551cdad4bee1a5c5da80da7be0696cae2f40502525,test
badger,inaturalist,303792784,547575257,cc-by,https://inaturalist-open-data.s3.amazonaws.com/photos/547575257/large.jpg,cffeb40d399daca21e4f4bd6082aea3ada47bb16731acacd5aabecba45a9d301,train
badger,inaturalist,303792784,547575273,cc-by,https://inaturalist-open-data.s3.amazonaws.com/photos/547575273/large.jpg,ff26bf02bf4e068c9e2de87ea377b3014cca115da784b74f55f4905033965e04,train
badger,inaturalist,303792784,547575296,cc-by,https://inaturalist-open-data.s3.amazonaws.com/photos/547575296/large.jpg,c787a205dbc192302fc305b2ecebf7fe7b102eed8c72911ec77ab7959fa1d446,train
badger,inaturalist,303792784,547575316,cc-by,https://inaturalist-open-data.s3.amazonaws.com/photos/547575316/large.jpg,c6084eb8759976cbeb77f2a9dc785b245eb49f9ffe45ac15bacc1c38e1131b87,train
badger,inaturalist,303792784,547575338,cc-by,https://inaturalist-open-data.s3.amazonaws.com/photos/547575338/large.jpg,669ac6bc33c58cbcd13155093c7e505df92ba5e9ea521b3069bbc44d787a491d,train
badger,inaturalist,303792768,547564075,cc-by,https://inaturalist-open-data.s3.amazonaws.com/photos/547564075/large.jpg,c1ee15b7eb196dad7aba68a0df7f08f217fac4ea9e3653c751a3512fd4067c3b,val
badger,inaturalist,303792768,547564090,cc-by,https://inaturalist-open-data.s3.amazonaws.com/photos/547564090/large.jpg,110c23d45682a3f6997cf8a9745d2a22c97898d2141933866e4d84a86fe95d2b,val
badger,inaturalist,303792768,547564078,cc-by,https://inaturalist-open-data.s3.amazonaws.com/photos/547564078/large.jpg,230db5dece941080311634e2943d14b4e53df6f1a397038f156444a6a650ce53,val
badger,inaturalist,303792768,547564097,cc-by,https://inaturalist-open-data.s3.amazonaws.com/photos/547564097/large.jpg,e58c40278b032206b3b38d0f6018f301a306e5163e412be18562dff1b6a1e719,val
badger,inaturalist,319123716,576833081,cc-by,https://inaturalist-open-data.s3.amazonaws.com/photos/576833081/large.jpg,14980620b9fd944d78c5aee9f38c3a7e9fe7eb392daecd9b2383caa35f40dce0,test
badger,inaturalist,339153794,616902318,cc-by-nc,https://inaturalist-open-data.s3.amazonaws.com/photos/616902318/large.jpg,0663f6f67af74a64a99173f6916891fdcb9de40677e174b6f6a1bf22304dfac7,train
badger,inaturalist,303792774,547569875,cc-by,https://inaturalist-open-data.s3.amazonaws.com/photos/547569875/large.jpg,f159eac8a678bef3a432b20f7cc265b7f375d22eed29c9ebcef6a626d29d03c6,train
badger,inaturalist,303792774,547569888,cc-by,https://inaturalist-open-data.s3.amazonaws.com/photos/547569888/large.jpg,b133722237c1bdaf7c8d5c6cf1536b3fb78e548d5a8e9ac8df7aeb099e95385f,train
badger,inaturalist,303792774,547569889,cc-by,https://inaturalist-open-data.s3.amazonaws.com/photos/547569889/large.jpg,6510c97e27d3f19daab16f923a27196b6d3b6b600ecc6e219c001909eb22b2de,train
badger,inaturalist,303792774,547569908,cc-by,https://inaturalist-open-data.s3.amazonaws.com/photos/547569908/large.jpg,b7a88f18755712742c4eb566655dafc7cc981c554e208802f5f7026231b7ed3a,train
badger,inaturalist,263793679,473959674,cc-by-nc,https://inaturalist-open-data.s3.amazonaws.com/photos/473959674/large.jpg,62eab38bd98b9a358964ede29dfce1fefeada3926d0ad4996d219b43bfb1ea25,test
badger,inaturalist,263793679,473959693,cc-by-nc,https://inaturalist-open-data.s3.amazonaws.com/photos/473959693/large.jpg,66190fa33c5ff1b01c6547ee7ca2c2dd2a893e11674f282af7f721dd8cb87597,test
badger,inaturalist,267963399,481609757,cc-by-nc,https://inaturalist-open-data.s3.amazonaws.com/photos/481609757/large.jpeg,d7696fa6a66aa8b6e77c8836cadc861c40429ab192b41442251121e61a8c7007,train
badger,inaturalist,262975092,472341872,cc-by-nc,https://inaturalist-open-data.s3.amazonaws.com/photos/472341872/large.jpeg,70aa6b6e22d950011573f950341c142c29037c188eb1dbd8277766ce5922bdd9,train
badger,inaturalist,305152910,550170797,cc-by,https://inaturalist-open-data.s3.amazonaws.com/photos/550170797/large.jpg,7c226d4aa538779e97b5a357530e75f537bd2737d8600ca89162395d6dd66b1f,train
badger,inaturalist,305152910,550170803,cc-by,https://inaturalist-open-data.s3.amazonaws.com/photos/550170803/large.jpg,ca7b7d167c7c30f83efeee431b0bd7226406da3a62c0056eb8ebac078c3ad8b7,train
badger,inaturalist,319332432,577231471,cc-by-nc,https://inaturalist-open-data.s3.amazonaws.com/photos/577231471/large.jpg,28cdfbbd8c9778186704c2e0cfc417d60ccf0e6c649c5a9b86a8a1ba86413c30,train
badger,inaturalist,304573139,549069906,cc-by-nc,https://inaturalist-open-data.s3.amazonaws.com/photos/549069906/large.jpg,9a9e5b6c6c886d31a0e26bd8988ca8bbcaa72e802fc56eb159f4c01aa5acadd7,train
badger,inaturalist,304573139,549069961,cc-by-nc,https://inaturalist-open-data.s3.amazonaws.com/photos/549069961/large.jpg,78f4bb864dda4edd9caf23ad9da66e8e11e7777b84ad3dbcb455b7317bc5bb68,train
badger,inaturalist,311356372,562043968,cc-by,https://inaturalist-open-data.s3.amazonaws.com/photos/562043968/large.jpg,f99644eb190366c5b6472e58dc7209b50ae684ae02098352f3eaea9290671113,test
badger,inaturalist,311356372,562043976,cc-by,https://inaturalist-open-data.s3.amazonaws.com/photos/562043976/large.jpg,f134856242cde261248de437508c0213251b28c8da894cae0c9090ed201ac75f,test
badger,inaturalist,339153909,616902504,cc-by-nc,https://inaturalist-open-data.s3.amazonaws.com/photos/616902504/large.jpg,99295298340ee378f2e3fefd05068901dd1670210a087bc3b5af27ed6de765c7,train
badger,inaturalist,277878493,498950185,cc0,https://inaturalist-open-data.s3.amazonaws.com/photos/498950185/large.jpeg,260b53c47e80c3f44fe07138a9dafd6374ef122bb45e65f4a73581e0d9c89e82,train
badger,inaturalist,334867686,608213610,cc-by-nc,https://inaturalist-open-data.s3.amazonaws.com/photos/608213610/large.jpg,27e417f87d5cdc500cc6ea9574c695f1ac9482755ebf58f6169b22f2f0698e46,train
badger,inaturalist,304579892,549085215,cc-by-nc,https://inaturalist-open-data.s3.amazonaws.com/photos/549085215/large.jpg,56e45ca26ba06fddb0ff70c2fe87e12ec133fea9855c91535352152d00acb504,val
badger,inaturalist,304579892,549085277,cc-by-nc,https://inaturalist-open-data.s3.amazonaws.com/photos/549085277/large.jpg,04db1e19855ba2ccd2ed50a3a858bd380215e4e1d29440fb8fec73571c60d97f,val
badger,inaturalist,271660343,488680790,cc0,https://inaturalist-open-data.s3.amazonaws.com/photos/488680790/large.jpeg,b7045a254bd6888ce4328d08d6f4f39e01a0fc376b2cc7d03f6cf0f56a156c88,train
badger,inaturalist,333768161,605971339,cc-by-nc,https://inaturalist-open-data.s3.amazonaws.com/photos/605971339/large.jpg,a00505222a5db6db6fd69e4495e8cec4e27561e0a0251757b8f31121c1a4dff0,train
badger,inaturalist,333768161,605971393,cc-by-nc,https://inaturalist-open-data.s3.amazonaws.com/photos/605971393/large.jpg,de4c46b4922ad8e2b64ea7a2988a3fed09a7c5fadfacd162ce0075aabe94c4e5,train
badger,inaturalist,259524656,465887972,cc0,https://inaturalist-open-data.s3.amazonaws.com/photos/465887972/large.jpeg,1fc918d2fa1701bde07bf7afeda2b530ddc43eb00ad3524f641f49a9f0be9674,train
badger,inaturalist,259524656,465887984,cc0,https://inaturalist-open-data.s3.amazonaws.com/photos/465887984/large.jpeg,14a15376af56ed346dad90d03641838c3f1ff1691618fa07f41b0bf65756e99c,train
badger,inaturalist,310574222,560541255,cc-by-nc,https://inaturalist-open-data.s3.amazonaws.com/photos/560541255/large.jpg,f77545f5770c9605c7bebac7a309d1d485cfef7d2176d5bf88f1ed8aa2711d8b,test
badger,inaturalist,339153831,616902434,cc-by-nc,https://inaturalist-open-data.s3.amazonaws.com/photos/616902434/large.jpg,ba1c8c36a1b02f2b56b25624b23cd9fdcda570868c4ef1a1fd7932d2a8261ef0,train
badger,inaturalist,263899673,474171872,cc-by,https://inaturalist-open-data.s3.amazonaws.com/photos/474171872/large.jpeg,333d56fd9ed3ad1b939dd8286ef79a6043829e02f87b66ab4f00483095cb9335,train
badger,inaturalist,263899673,474172081,cc-by,https://inaturalist-open-data.s3.amazonaws.com/photos/474172081/large.jpeg,ed4a752b6b72d593c1c21e703bebecc8f0e0de00ed1754580f2d20b175d5436c,train
badger,inaturalist,263899673,474172083,cc-by,https://inaturalist-open-data.s3.amazonaws.com/photos/474172083/large.jpeg,d406250c68b82a863a0a13259941afc8b86584738cd63ebb51cfc9760038d320,train
badger,inaturalist,306607516,552943446,cc-by-nc,https://inaturalist-open-data.s3.amazonaws.com/photos/552943446/large.jpg,90503d79765bb1d2f92c219be8de235daa238fa84bad87b36c4b170806778513,val
badger,inaturalist,251059516,449140298,cc-by-nc,https://inaturalist-open-data.s3.amazonaws.com/photos/449140298/large.png,7fbfc74e429bd783b9e254efe5c8e43e11af63ae36906bab71d9f96558d58e16,test
badger,inaturalist,338892736,616379294,cc-by-nc,https://inaturalist-open-data.s3.amazonaws.com/photos/616379294/large.jpg,2d9c483bd7c81732a94bb0d5a6f701e003feae1f222fadcb1483cc4d96139103,train
badger,inaturalist,280964835,504679232,cc-by-nc,https://inaturalist-open-data.s3.amazonaws.com/photos/504679232/large.jpg,dfe2191410549f1aecfcfbd35f6ecab471c5f16f53ed85f742e41b1ab3477bb0,train
badger,inaturalist,287193128,516361765,cc-by-nc,https://inaturalist-open-data.s3.amazonaws.com/photos/516361765/large.jpg,752266e5c27908dc7b76e826ee376773d342f52750c6a044db091b0e8c21c7db,train
badger,inaturalist,290462099,522527392,cc0,https://inaturalist-open-data.s3.amazonaws.com/photos/522527392/large.jpg,8b7ae3d94329b435ec48a6cd3bc1b042c2a230f19df283781cced57a5b706f9d,val
badger,inaturalist,261575516,469958608,cc-by,https://inaturalist-open-data.s3.amazonaws.com/photos/469958608/large.jpeg,7a987d001c2cd2acbbbd3072d6efdcf40c673701a9497f3fe5f46a458288406d,test
badger,inaturalist,261575516,469958624,cc-by,https://inaturalist-open-data.s3.amazonaws.com/photos/469958624/large.jpeg,d4898310c535dd7099853a3c78dc1b98aff2e2d2ab4bd847ae3ba2d9c94d1837,test
badger,inaturalist,261575516,469958637,cc-by,https://inaturalist-open-data.s3.amazonaws.com/photos/469958637/large.jpeg,ca333da167ad0a6cfc0d5648a268e24686fe9d3d6bf9dcba3659cce9ccf4db16,test
badger,inaturalist,316152502,571179313,cc-by,https://inaturalist-open-data.s3.amazonaws.com/photos/571179313/large.jpg,793a288bf99e08679fdc3a332b1f1860eceaa6f8b34ba97eb3384aa54d354321,train
badger,inaturalist,326182017,590711368,cc-by-nc,https://inaturalist-open-data.s3.amazonaws.com/photos/590711368/large.jpg,e27a1e141aef533dbd456dcbaec4da32e71bbab68926da0dc475005dbd535933,train
badger,inaturalist,299722609,539986341,cc-by,https://inaturalist-open-data.s3.amazonaws.com/photos/539986341/large.jpg,4c2a005981189c1d21140accc14f9ad3706391bb53186a32e8c333bb1ac72486,train
badger,inaturalist,299722609,539986340,cc-by,https://inaturalist-open-data.s3.amazonaws.com/photos/539986340/large.jpg,41ec9ad0284537e7f291b6ebf6bedbca95075e9d72bc2f9817c396d5f4d52dbe,train
badger,inaturalist,299722609,539986380,cc-by,https://inaturalist-open-data.s3.amazonaws.com/photos/539986380/large.jpg,4d5643efde1fefe0500b9831ec9ceeb3bbcee0fcf01002b710d7aa9ea835b289,train
badger,inaturalist,277878446,498949747,cc0,https://inaturalist-open-data.s3.amazonaws.com/photos/498949747/large.jpeg,7370e7d2605f44ed738dd7b38f4a293a2934e59cc4264228df16d6afe01a699e,val
badger,inaturalist,305190828,550245177,cc-by-nc,https://inaturalist-open-data.s3.amazonaws.com/photos/550245177/large.jpg,645d3a233ca37daf77ba48547151eda41da233dbe593b4d2715cc6ed90c34472,train
badger,inaturalist,305190828,550245212,cc-by-nc,https://inaturalist-open-data.s3.amazonaws.com/photos/550245212/large.jpg,08899b152e62ee14d41aa7c30e5a5b82cdb64051bf19438f3a0ae8b63cf054dd,train
badger,inaturalist,305190828,550245257,cc-by-nc,https://inaturalist-open-data.s3.amazonaws.com/photos/550245257/large.jpg,0fdedca4f33d20a3bcf8062dd9829ec6e6d1f4dd5ba33998068c29817ac95578,train
badger,inaturalist,267242530,480233400,cc-by,https://inaturalist-open-data.s3.amazonaws.com/photos/480233400/large.jpg,0a55c40ac49989d934af6cd99fee183faa45941b622536e1d5b977440be98338,val
badger,inaturalist,255517630,457909792,cc-by-nc,https://inaturalist-open-data.s3.amazonaws.com/photos/457909792/large.png,5a31b54f38313032f7883c6a707c43b88370d86a61bf0f85447f035d580ba35c,train
badger,inaturalist,303792764,547561390,cc-by,https://inaturalist-open-data.s3.amazonaws.com/photos/547561390/large.jpg,da2e73ca9f6d2b83e2298de3245f9d506eab7fb054030e17a1bf4ea8f1b948ef,train
badger,inaturalist,303792764,547561399,cc-by,https://inaturalist-open-data.s3.amazonaws.com/photos/547561399/large.jpg,e826a325e192cc05c51534d6764d03cc7f193b022fffd4d73916031306c043e5,train
badger,inaturalist,303792764,547561400,cc-by,https://inaturalist-open-data.s3.amazonaws.com/photos/547561400/large.jpg,41f86f5044348e10713ee5236534b5275eb5af1c9b6616c059c369ebbfaba503,train
badger,inaturalist,303792764,547561433,cc-by,https://inaturalist-open-data.s3.amazonaws.com/photos/547561433/large.jpg,4f52e5644ecbf6da9a075d5d7530eb9bef7536d234683b2c09b03ed72c13ceb2,train
badger,inaturalist,303792764,547561445,cc-by,https://inaturalist-open-data.s3.amazonaws.com/photos/547561445/large.jpg,7516c5d64db1efab5159c4517e7882d39928c1f2d9669698de12294bc5d5e294,train
badger,inaturalist,266146834,478163374,cc-by-nc,https://inaturalist-open-data.s3.amazonaws.com/photos/478163374/large.jpeg,bed69b913e7411e81311e3208c423211fd72793f86e000ae64b238b19fbb2b2f,val
badger,inaturalist,339154934,616902969,cc-by-nc,https://inaturalist-open-data.s3.amazonaws.com/photos/616902969/large.jpg,79c2d21550001d94e91f627cba926a8cf38cde14d2287e4485ad50f4672fa462,test
badger,inaturalist,277878512,498950433,cc0,https://inaturalist-open-data.s3.amazonaws.com/photos/498950433/large.jpeg,1e00360ffbfbc9c4d6eb47e83dc482748be21df6c8f0e98e6a2a780da50dc530,train
badger,inaturalist,277878630,498952112,cc0,https://inaturalist-open-data.s3.amazonaws.com/photos/498952112/large.jpeg,17cd71003a15af8740b55f58f728ed1b4799da70a8cc686317bbc2d94439cb7b,train
badger,inaturalist,316619157,572064302,cc-by,https://inaturalist-open-data.s3.amazonaws.com/photos/572064302/large.jpg,43ebe5e8ff1c23e4d3ece8384c2e3e2fbe637ec1a00e5aa603f70eace57f4a28,val
badger,inaturalist,316619157,572064339,cc-by,https://inaturalist-open-data.s3.amazonaws.com/photos/572064339/large.jpg,af6d89bf4fd82f1f224e7e69617f9d2481130d2b5d05048f814dce42767ac48a,val
badger,inaturalist,280888809,504530219,cc-by-nc,https://inaturalist-open-data.s3.amazonaws.com/photos/504530219/large.jpg,e015daf4faeb88837094b357db7a68727c6cecd27fb8d4be95b3544df3a2ef9b,test
badger,inaturalist,252478753,451978627,cc-by-nc,https://inaturalist-open-data.s3.amazonaws.com/photos/451978627/large.jpeg,a8cc4e7c24e63efb7400c7962298365f697c9a179c58def8860978d530cd8ff3,train
badger,inaturalist,277878449,498949839,cc0,https://inaturalist-open-data.s3.amazonaws.com/photos/498949839/large.jpeg,31c8fb73e8f74f7681c3ec50dabefaed3ddaf134dd0418cf5864178e5bc67e09,train
badger,inaturalist,304747000,549409090,cc-by-nc,https://inaturalist-open-data.s3.amazonaws.com/photos/549409090/large.jpg,c572580b2c605c1fa7b8703582d3804917cc53567f4e8c7225118c5b67710bcb,train
badger,inaturalist,263698571,473777845,cc-by,https://inaturalist-open-data.s3.amazonaws.com/photos/473777845/large.jpg,b8109ff238efa4d86fbfcd4028a1c1d7aed1266103c5bf9ce52cd82fd554a165,train
badger,inaturalist,265597877,477094523,cc-by,https://inaturalist-open-data.s3.amazonaws.com/photos/477094523/large.jpg,fc6386990add106976be5156d15c5a16c9785dacaf03022c3da710253c30968f,test
badger,inaturalist,265597877,477094552,cc-by,https://inaturalist-open-data.s3.amazonaws.com/photos/477094552/large.jpg,a61f5c72fa595c9f006605537aa99e9ec3face89d97a02addc6c5510fa717a01,test
badger,inaturalist,265597877,477094607,cc-by,https://inaturalist-open-data.s3.amazonaws.com/photos/477094607/large.jpg,d966d2c4673427fdffa5c282f32b69bad48af6c2fe9c3eb44310dbb80c53ff62,test
badger,inaturalist,265597877,477094581,cc-by,https://inaturalist-open-data.s3.amazonaws.com/photos/477094581/large.jpg,c935565a397c02230cfc4d754a9e775594a15fb0baad49edfe7ab90e25d0a5cc,test
badger,inaturalist,310516311,560430266,cc-by-nc,https://inaturalist-open-data.s3.amazonaws.com/photos/560430266/large.jpg,6e330190be8323cdc6183f1a02456438a4089420bfd4707bfc4b2f2b4120b4b3,train
badger,inaturalist,335843652,610190379,cc0,https://inaturalist-open-data.s3.amazonaws.com/photos/610190379/large.jpg,1cebade02b87ed23c31eb249f3e1141e22324eeb2e23783092cc368ef14b2930,train
badger,inaturalist,335843652,610190392,cc0,https://inaturalist-open-data.s3.amazonaws.com/photos/610190392/large.jpg,3a7998a20869da46193751fe19273a542127633631a6b92daa4e2f0ed28cc1d0,train
badger,inaturalist,335843652,610190402,cc0,https://inaturalist-open-data.s3.amazonaws.com/photos/610190402/large.jpg,1f519f03297061b68510a9c564d8332bede8b7733309e9e03af808e96a16da3d,train
badger,inaturalist,335843652,610190409,cc0,https://inaturalist-open-data.s3.amazonaws.com/photos/610190409/large.jpg,718b9a3b6753590395dcfe838373e220e9445ff834b126b6a55d0d8bd18fb53f,train
badger,inaturalist,324365787,587071252,cc-by-nc,https://inaturalist-open-data.s3.amazonaws.com/photos/587071252/large.jpg,523466a106061cf134c3144a322dedec00ae65c8d5b8d57f702e4e255b3d972c,val
badger,inaturalist,339154004,616902595,cc-by-nc,https://inaturalist-open-data.s3.amazonaws.com/photos/616902595/large.jpg,bc2e4ce533eae3ec9889515f9167b1bc1a8727847b21404d397d849224cb5f36,train
badger,inaturalist,289539117,520769135,cc-by,https://inaturalist-open-data.s3.amazonaws.com/photos/520769135/large.jpg,86d4707f9f0de645bfef81f246b451f02b2e808022263348d933e14bf7eb250a,train
badger,inaturalist,255529307,457934752,cc-by-nc,https://inaturalist-open-data.s3.amazonaws.com/photos/457934752/large.png,a0a2e005829867003ae132950eac8457aa5c54a99a07ec6999667c6eda21394b,train
badger,inaturalist,260983330,468785050,cc-by,https://inaturalist-open-data.s3.amazonaws.com/photos/468785050/large.jpg,667a4e54dd74ac3c7ec71439d8bc9d6fb708c2eb11a5ea857e14357e2320302d,val
badger,inaturalist,264033108,474430518,cc0,https://inaturalist-open-data.s3.amazonaws.com/photos/474430518/large.jpeg,1d1d717c92ce6e53055f873b978b693bf433741728ed0be93ee02d0ca1e5000b,train
badger,inaturalist,277878523,498950511,cc0,https://inaturalist-open-data.s3.amazonaws.com/photos/498950511/large.jpeg,c716eaf76d77023b0ad674729af993266307dfafd660b46376f1263a4b10d19e,train
badger,inaturalist,271076552,487570726,cc-by-nc,https://inaturalist-open-data.s3.amazonaws.com/photos/487570726/large.jpeg,e28deae7bec44f2c2946dd70ee89056451e0c346766dde39001fcef63c341580,train
badger,inaturalist,322407666,583239927,cc-by-nc,https://inaturalist-open-data.s3.amazonaws.com/photos/583239927/large.jpg,a261704738c792ad0c3c8eb74c7ba66675e49ba17ccfe0cb1b53193854cfc4e1,train
badger,inaturalist,322407666,583249907,cc-by-nc,https://inaturalist-open-data.s3.amazonaws.com/photos/583249907/large.jpg,c1e1bb503fd886d3adb9dd1011cfb57c1d1e1d9220adeeb3e7d6f4ba995844c0,train
badger,inaturalist,322407666,583257242,cc-by-nc,https://inaturalist-open-data.s3.amazonaws.com/photos/583257242/large.jpg,2c88665b5655c16e0feae5ef8c673b75ad743ec6bb4ee2c07ac90a11a1d7a7fb,train
badger,inaturalist,310646317,560678933,cc-by,https://inaturalist-open-data.s3.amazonaws.com/photos/560678933/large.jpg,783ad3ccbd36d4b38a27f45276d76c091bcfd27f4470322c79dfae62ba612ff2,val
badger,inaturalist,261396872,469604913,cc0,https://inaturalist-open-data.s3.amazonaws.com/photos/469604913/large.jpeg,8f9a5ec793561b6403f8a0e27971df099cab42404743fcd1a00c86ec4be9eb07,train
badger,inaturalist,303792767,547562608,cc-by,https://inaturalist-open-data.s3.amazonaws.com/photos/547562608/large.jpg,b89ef56bf55e9d7e927364f8585b712e7867a8352c76432ec8411cb60c2a5c28,train
badger,inaturalist,303792767,547562614,cc-by,https://inaturalist-open-data.s3.amazonaws.com/photos/547562614/large.jpg,9a332fd86662b2de759feeffdbb8abe559da641121692a83bc477efc7f8ee6ec,train
badger,inaturalist,303792767,547562612,cc-by,https://inaturalist-open-data.s3.amazonaws.com/photos/547562612/large.jpg,1815991e4b3829a1841f944306b86907728f0c088a5628551d1b52c2d98da339,train
badger,inaturalist,303792767,547562645,cc-by,https://inaturalist-open-data.s3.amazonaws.com/photos/547562645/large.jpg,02891084123adea459961913e86e609ff93fd135c2f1fe1dd73fc0d0d0435aa5,train
badger,inaturalist,303792767,547562650,cc-by,https://inaturalist-open-data.s3.amazonaws.com/photos/547562650/large.jpg,2580b0bbbf41029e379a5d8fde550e1109d32212febb57b4898e3aa3da907282,train
badger,inaturalist,311356367,562042016,cc-by,https://inaturalist-open-data.s3.amazonaws.com/photos/562042016/large.jpg,dbcafe9e0fe50a9a25f6536c43b2404ee16924d0c311085acbf93142c854a68b,val
badger,inaturalist,311356367,562042023,cc-by,https://inaturalist-open-data.s3.amazonaws.com/photos/562042023/large.jpg,d888c64a2e1cf8be07a70bc43d61b4c6d67ecab229a46ede853ad9572a0cc42c,val
badger,inaturalist,311356367,562042036,cc-by,https://inaturalist-open-data.s3.amazonaws.com/photos/562042036/large.jpg,7727b209421d96c7d4b38ff925061a71f3aec2b2fd17d93ac50081b172ec0bfe,val
badger,inaturalist,311356367,562042046,cc-by,https://inaturalist-open-data.s3.amazonaws.com/photos/562042046/large.jpg,6c3fe7e4639e1aab8bd7dc7fd8dee0bb50213be28f2c9daaf918fbd9a933d29c,val
badger,inaturalist,308526847,556621481,cc-by,https://inaturalist-open-data.s3.amazonaws.com/photos/556621481/large.jpg,27b68ec0466dcd9b239286e432ab8bf9f69cf6cf203a81bc9ef5535f469b211d,test
badger,inaturalist,308526847,556621516,cc-by,https://inaturalist-open-data.s3.amazonaws.com/photos/556621516/large.jpg,06216fc1422aeefed1f56f187ebf30ec1cd83f35ae78195575b5e066160b508d,test
badger,inaturalist,255529287,457934608,cc-by-nc,https://inaturalist-open-data.s3.amazonaws.com/photos/457934608/large.png,dc1c629027c0829bea7964f578ae34b639d79a96ca0dbbe392504996a1a50284,train
badger,inaturalist,309265545,558053991,cc-by-nc,https://inaturalist-open-data.s3.amazonaws.com/photos/558053991/large.jpg,f87eba6c04b7bc5f89514b13a7c3cd1e5eaf332188aca1cdfa9e4704693f7044,train
badger,inaturalist,268769079,483151281,cc-by-nc,https://inaturalist-open-data.s3.amazonaws.com/photos/483151281/large.jpg,539e2c68aff40126ec8cfd20043fe00660b70e88a1c5ed40855e5fa056ad045a,train
badger,inaturalist,264939197,475803517,cc-by,https://inaturalist-open-data.s3.amazonaws.com/photos/475803517/large.jpeg,f816b114bb49f0ccc24ee5328c83862cfd925f52883775c8f3124d67caabe40d,train
badger,inaturalist,258741206,464302794,cc-by-nc,https://inaturalist-open-data.s3.amazonaws.com/photos/464302794/large.jpg,5880e45a85e848aff83d2fe43c2b2b6b9af3d75e524fb612934baec9976c4a33,test
badger,inaturalist,304553024,549021740,cc-by-nc,https://inaturalist-open-data.s3.amazonaws.com/photos/549021740/large.jpg,52948a5179e7d586462c1ac5e04cdd09de1a94a5f5d7475366785e40fc512332,train
badger,inaturalist,304553024,549021695,cc-by-nc,https://inaturalist-open-data.s3.amazonaws.com/photos/549021695/large.jpg,106460dc4b56aca57b331c26a1230749d836749d59ea5fa8c1f4a2461581a6af,train
badger,inaturalist,304553024,549021754,cc-by-nc,https://inaturalist-open-data.s3.amazonaws.com/photos/549021754/large.jpg,a3748e73ec5e015552ba4dfcf7e6db67355789b2835dda1c527ff2991fd09d6c,train
badger,inaturalist,304553024,549021794,cc-by-nc,https://inaturalist-open-data.s3.amazonaws.com/photos/549021794/large.jpg,3efa150be29c54f40ddeed55c0f7d9b9d98d865b8359c6b1646bc918c67df029,train
badger,inaturalist,304553024,549021797,cc-by-nc,https://inaturalist-open-data.s3.amazonaws.com/photos/549021797/large.jpg,e243e2fbfb6b4d499a4fa57d12422c156caf906d73db3054f0ce67eea3568406,train
badger,inaturalist,330459368,599239639,cc-by-nc,https://inaturalist-open-data.s3.amazonaws.com/photos/599239639/large.jpg,929c149d8d71d9c2315a21305e833773333208d25ea072c099875ad92f6e15f5,test
badger,inaturalist,260936309,468687010,cc-by-nc,https://inaturalist-open-data.s3.amazonaws.com/photos/468687010/large.png,fc7e7851eca5f1955ce58c4e28af004c71df4db33fc7dadd70ccd3cefe9dd2d1,train
badger,inaturalist,251045436,449113721,cc0,https://inaturalist-open-data.s3.amazonaws.com/photos/449113721/large.jpeg,9970823f51939054b09dd2550856bfb391a5dd856ded9b6fa0f65b42605872ef,train
badger,inaturalist,339153997,616902566,cc-by-nc,https://inaturalist-open-data.s3.amazonaws.com/photos/616902566/large.jpg,ae08b6ee64b292cc1dcd06ddc7165d69acaea6758965c99974c83add2c89db61,train
badger,inaturalist,301962531,544167925,cc-by,https://inaturalist-open-data.s3.amazonaws.com/photos/544167925/large.jpg,368919fbdc196d136d6485b85a9cacf8b6e8f2f8eff78d98907f72dad57665ce,val
badger,inaturalist,301962531,544167931,cc-by,https://inaturalist-open-data.s3.amazonaws.com/photos/544167931/large.jpg,b902c4f91bbff4ae497a7d571bed7f1773f9e627158238ce1a9c82dcbcc2c6e2,val
badger,inaturalist,301962531,544167934,cc-by,https://inaturalist-open-data.s3.amazonaws.com/photos/544167934/large.jpg,bfaa4b7f29f90fef9e1dbeed771c1f75e95619ad37ef2e3fafc5b8887c770eb3,val
badger,inaturalist,301962531,544167959,cc-by,https://inaturalist-open-data.s3.amazonaws.com/photos/544167959/large.jpg,5e77f08a7d993b4d2e3013a7029f9829d8d4cff14ef9783443c7f2afcfe8c926,val
badger,inaturalist,301962531,544167969,cc-by,https://inaturalist-open-data.s3.amazonaws.com/photos/544167969/large.jpg,4c4c9e2d5d0f876e055d4dbd376c36f30db67ac19b1b5ac87411e3adfab9091d,val
badger,inaturalist,301962531,544167971,cc-by,https://inaturalist-open-data.s3.amazonaws.com/photos/544167971/large.jpg,fa1ac997b21121e9a6a54c7f72124c6549900156f55c34e8063a6dcca0669976,val
badger,inaturalist,303792759,547559592,cc-by,https://inaturalist-open-data.s3.amazonaws.com/photos/547559592/large.jpg,0f5bff6b82af52e4f61ff50e48272a9177b63ba1e52d81f9bdffe8ca019f710e,test
badger,inaturalist,303792759,547559599,cc-by,https://inaturalist-open-data.s3.amazonaws.com/photos/547559599/large.jpg,5007c3254971fc092ce515a1d92e41051deca77fde08d9a514e95b9e68e5b4f6,test
badger,inaturalist,303792759,547559601,cc-by,https://inaturalist-open-data.s3.amazonaws.com/photos/547559601/large.jpg,28af82f7e8cef32faa7e11be36aa10e350ccb6a9194b3920738d41834254586a,test
badger,inaturalist,303792759,547559622,cc-by,https://inaturalist-open-data.s3.amazonaws.com/photos/547559622/large.jpg,34ff5da7496672d8b48dcc0fae96d2cbc8e5319f13cfd0b4456077a7a0228bb3,test
badger,inaturalist,311351804,562035920,cc-by,https://inaturalist-open-data.s3.amazonaws.com/photos/562035920/large.jpg,9014fe70fa511c36be6269bfeead6fdb21f5653542b5dbbdc779406bbd5d1fe3,train
badger,inaturalist,311351804,562035922,cc-by,https://inaturalist-open-data.s3.amazonaws.com/photos/562035922/large.jpg,bfad5e9639ed7a5dd32060c89267ae39634b604580981ab74b2031380343fdd5,train
badger,inaturalist,277878507,498950412,cc0,https://inaturalist-open-data.s3.amazonaws.com/photos/498950412/large.jpeg,401985e24a23560b80bf03d3ef5b5cda4375f5a7b79942ed532e10be034e4a67,train
badger,inaturalist,302855875,545828785,cc-by,https://inaturalist-open-data.s3.amazonaws.com/photos/545828785/large.jpg,092d9088b5afa11d8475d6bed1bb3bc9fac3cfee83c41db390bf389120c9263e,train
badger,inaturalist,336504763,611510655,cc-by,https://inaturalist-open-data.s3.amazonaws.com/photos/611510655/large.jpg,6d7cea4e01ef341d6b090bc41391536c8a81083a6d34069fe5673f03c960d03e,train
badger,inaturalist,260936321,468687082,cc-by-nc,https://inaturalist-open-data.s3.amazonaws.com/photos/468687082/large.png,5b01d30ee70afca800dce523f1ff0524ab8e52128247eef951b4c29428fe1a52,train
badger,inaturalist,304671479,549269201,cc-by-nc,https://inaturalist-open-data.s3.amazonaws.com/photos/549269201/large.jpg,eba58709570f9db658ccf39fb5f375a6a7d5b022020fca96cb9594217cdda04a,train
badger,inaturalist,262360606,471339284,cc-by-nc,https://inaturalist-open-data.s3.amazonaws.com/photos/471339284/large.jpg,de1877171ff385f490f98a927ad407017028c59ab89ff633f87d93ba203df79d,train
badger,inaturalist,262360606,471339283,cc-by-nc,https://inaturalist-open-data.s3.amazonaws.com/photos/471339283/large.jpg,33e5298b408b6c34d3c4cec9b11f2891869d366612e3fe2928eb5164457348ee,train
badger,inaturalist,262360606,471339281,cc-by-nc,https://inaturalist-open-data.s3.amazonaws.com/photos/471339281/large.jpg,595527335e1fa8b19ba44b22d35b87343bfccb2e3ff4e155a1732a93596f609d,train
badger,inaturalist,262360606,471339292,cc-by-nc,https://inaturalist-open-data.s3.amazonaws.com/photos/471339292/large.jpg,157c778593a160a98971c22486f434299345599c201ed90ed6d2f932ab35a2c6,train
badger,inaturalist,257486178,461911455,cc-by-nc,https://inaturalist-open-data.s3.amazonaws.com/photos/461911455/large.jpeg,ea4d152edaa2fbe26eccc701f37c37f8b415f44cefbd84569c0e8a1f07404be0,train
badger,inaturalist,298536688,537921173,cc-by-nc,https://inaturalist-open-data.s3.amazonaws.com/photos/537921173/large.jpg,f006f5ab76bd649987ddb73584ddc3ae212eb989de0bb478057999d3b0cf6e37,train
badger,inaturalist,267605025,480926500,cc0,https://inaturalist-open-data.s3.amazonaws.com/photos/480926500/large.jpeg,4b20dd0bd3bb21340e9adccffea0fa680bd969371a7b532cb3448057808a4a1f,train
badger,inaturalist,286880371,515784439,cc-by-nc,https://inaturalist-open-data.s3.amazonaws.com/photos/515784439/large.jpg,7fbe228a1d88f18a1f3f32d646128f6a8213d578fde72532032224b4094e0df2,train
badger,inaturalist,255999115,458886350,cc-by,https://inaturalist-open-data.s3.amazonaws.com/photos/458886350/large.jpg,c1e20a3ee95fa002890a1f21fab3bd4b96f3989dce68acfb702bbfa8581672d0,train
badger,inaturalist,255999115,458886356,cc-by,https://inaturalist-open-data.s3.amazonaws.com/photos/458886356/large.jpg,95ca572880fa9c3cd184913f7ec4d324887b93da88270dbb462e63e9412fab50,train
badger,inaturalist,255999115,458886378,cc-by,https://inaturalist-open-data.s3.amazonaws.com/photos/458886378/large.jpg,95090af6f08ab7ba50629b4e18cdceafe174fa987f6cbff519f30e28442c3720,train
badger,inaturalist,255999115,458886391,cc-by,https://inaturalist-open-data.s3.amazonaws.com/photos/458886391/large.jpg,71aa03586f7f805cab15a08add94e6f7ad80e11a3c7af957a5d6cf21ab6be054,train
badger,inaturalist,255999115,458886402,cc-by,https://inaturalist-open-data.s3.amazonaws.com/photos/458886402/large.jpg,14319f62e0e7d287af5f8bc484e7d5595420af7ebd54c54d61dab877a623be6f,train
badger,inaturalist,255999115,458886416,cc-by,https://inaturalist-open-data.s3.amazonaws.com/photos/458886416/large.jpg,a0b979c0f80d4c82c5ff3c2756961f26fc6a8f57005c05a25d1d4d8d365fe64c,train
badger,inaturalist,277878529,498950565,cc0,https://inaturalist-open-data.s3.amazonaws.com/photos/498950565/large.jpeg,41eedbcde167eb3b2d0c1f4b49fee97fdf44576047b7a8451d5c9a5621be7244,test
badger,inaturalist,282016242,506648815,cc0,https://inaturalist-open-data.s3.amazonaws.com/photos/506648815/large.jpg,77c0cf8fead32591df3ca5c89e6e9e9ef40428a1e8e578498c9fe9a3d5ddced4,test
badger,inaturalist,267405766,480544665,cc-by-nc,https://inaturalist-open-data.s3.amazonaws.com/photos/480544665/large.jpg,c0ecea06f51413905ae224b85e13578ec41595c54ed7b7024628da80e777eb55,train
badger,inaturalist,311351818,562039520,cc-by,https://inaturalist-open-data.s3.amazonaws.com/photos/562039520/large.jpg,5a221ac6c38945fbe294662bb5edc1776aafb5a6403ebe27d86b2e6100fa6f69,train
badger,inaturalist,311351818,562039533,cc-by,https://inaturalist-open-data.s3.amazonaws.com/photos/562039533/large.jpg,f69c32037cfdcc8405530ef13100b622a5a7b8b1b2a9e6a887049158bcce94dd,train
badger,inaturalist,259509866,465856438,cc-by-nc,https://inaturalist-open-data.s3.amazonaws.com/photos/465856438/large.jpg,8d1bc9d557a3f944b82de0278d8d0e75f14387a1113a6a4f948da9b220bc983d,val
badger,inaturalist,259509866,465856448,cc-by-nc,https://inaturalist-open-data.s3.amazonaws.com/photos/465856448/large.jpg,e597be8de108aabc4c243881de049cbcbec0f120c3b554aa3a9231fc7402a93a,val
badger,inaturalist,261396803,469604764,cc0,https://inaturalist-open-data.s3.amazonaws.com/photos/469604764/large.jpeg,d69305507c8ca661937eb0abc28ae464f6cd9d2183724c5849a6bd876c453e94,test
badger,inaturalist,255529303,457934729,cc-by-nc,https://inaturalist-open-data.s3.amazonaws.com/photos/457934729/large.png,b3c979150ed97923fe017e7854f5ebf99dcd1008cd06452ac087e5a02da8da1b,train
badger,inaturalist,279094557,501158308,cc-by-nc,https://inaturalist-open-data.s3.amazonaws.com/photos/501158308/large.jpg,979e361c232138352b9f514bc7edd5d3d86ef1ab0638672c38af815b5dfa17e8,train
badger,inaturalist,268615607,482856298,cc-by-nc,https://inaturalist-open-data.s3.amazonaws.com/photos/482856298/large.jpeg,9ca2aba0f06281cfcb1074cf5a1e0d81848bbf9bad03efddd3ecff544deaaf86,train
badger,inaturalist,308526848,556624445,cc-by,https://inaturalist-open-data.s3.amazonaws.com/photos/556624445/large.jpg,cc250ff293fd6175ef4cdb9bea19ecc2416b8531f91a40a634253e74e0f38092,train
badger,inaturalist,308526848,556624469,cc-by,https://inaturalist-open-data.s3.amazonaws.com/photos/556624469/large.jpg,2c0e9d8b2f31b120c92db410137001766bc4319c1e38197abd42e63aeedc6ae6,train
badger,inaturalist,308526848,556624491,cc-by,https://inaturalist-open-data.s3.amazonaws.com/photos/556624491/large.jpg,c863066836105a20f968339c98fb93e1327cedf7c1b93ce66948c2bb827b5774,train
badger,inaturalist,264033031,474430355,cc0,https://inaturalist-open-data.s3.amazonaws.com/photos/474430355/large.jpeg,a6caf16ee4d0c0a2c157387501aebab5e93b9647706e9c0cb78ca519ddebc618,test
badger,inaturalist,267785677,481267300,cc-by-nc,https://inaturalist-open-data.s3.amazonaws.com/photos/481267300/large.jpg,70fbd8ff21ccfff0f6a2b6f16de7b5f3ac619393111686785e7ef6539bcb243b,train
badger,inaturalist,317300564,573337962,cc-by-nc,https://inaturalist-open-data.s3.amazonaws.com/photos/573337962/large.jpg,6593ac68ef786c5ac6959c816303b049b5184319c209bba5d5b6ccf8310395dc,train
badger,inaturalist,267810447,481320175,cc-by-nc,https://inaturalist-open-data.s3.amazonaws.com/photos/481320175/large.jpg,9b7290680fd03e24303ee37dce2ae1f86fc85bb02bb92738d8731135342ffef5,val
badger,inaturalist,339154660,616902823,cc-by-nc,https://inaturalist-open-data.s3.amazonaws.com/photos/616902823/large.jpg,a2aae24825e7bc7360b5eb9e29b2705e4191a45c797b24b5b77f1d1411e70701,test
badger,inaturalist,274948905,494156502,cc-by-nc,https://inaturalist-open-data.s3.amazonaws.com/photos/494156502/large.jpeg,6470609e6df5d5d3227dabb4336ac71cb5364c5d9d2508b7d950055be33604d1,train
badger,inaturalist,319432835,577420279,cc-by,https://inaturalist-open-data.s3.amazonaws.com/photos/577420279/large.jpg,13a9edc2bbd01e102e57598754c71c626c5a840fc0684b69b30950378a8f3e71,train
badger,inaturalist,259517449,465872716,cc-by,https://inaturalist-open-data.s3.amazonaws.com/photos/465872716/large.jpg,7ecbc7225b023d360744b2f43c1bb65f17738bd9428fa14e63e0749b68381c31,train
badger,inaturalist,277878470,498949992,cc0,https://inaturalist-open-data.s3.amazonaws.com/photos/498949992/large.jpeg,71da36db2bff7d5670d6ab2a03987a91e7a54a201bb1989e1d6777fc9714dccf,train
badger,inaturalist,339154794,616902854,cc-by-nc,https://inaturalist-open-data.s3.amazonaws.com/photos/616902854/large.jpg,381b7af110365ceb0e685616156a05356e43ead09d4764b00facb9f4399732f2,val
badger,inaturalist,264562318,475064390,cc-by-nc,https://inaturalist-open-data.s3.amazonaws.com/photos/475064390/large.png,4150bca6e1e35f295a11ae55a1babea53732d457fe3013854338253cd4b1e920,test
badger,inaturalist,321846572,582117876,cc-by,https://inaturalist-open-data.s3.amazonaws.com/photos/582117876/large.jpg,1194b787eaf4fb7a71163b951dfb003f47ba536f4e89ab95252707a9f2c1f26b,train
badger,inaturalist,270592888,486655777,cc-by-nc,https://inaturalist-open-data.s3.amazonaws.com/photos/486655777/large.jpg,e4bfac676bc1f16032d67255bdba9dbc5a97f513d89519a77c6b25422d995b12,train
badger,inaturalist,299715955,539970506,cc-by,https://inaturalist-open-data.s3.amazonaws.com/photos/539970506/large.jpg,5a69b8ba52f4149d62d44b076bc97684364e6856aa9317b20b78d8a1a6f92146,train
badger,inaturalist,339153818,616902393,cc-by-nc,https://inaturalist-open-data.s3.amazonaws.com/photos/616902393/large.jpg,b74164f2720a5ab7865451cb504e4477894c9536b6fcd78fe315bff9b5a1f705,train
badger,inaturalist,339153820,616902400,cc-by-nc,https://inaturalist-open-data.s3.amazonaws.com/photos/616902400/large.jpg,efb11305d1929a8dbc4541663fb07d20a76437b59235d9e7f600009d2de8438d,val
badger,inaturalist,291429838,527577202,cc-by-nc,https://inaturalist-open-data.s3.amazonaws.com/photos/527577202/large.jpg,74ca4f4bef9b84fa09a1f9d55c0e13128f18b1795da832d49635500b02cb2259,test
badger,inaturalist,291429838,527577306,cc-by-nc,https://inaturalist-open-data.s3.amazonaws.com/photos/527577306/large.jpg,d854ad08ae02748b9d9c37856b927096f9d8b9d8f634233f27f9e61f04ff17fb,test
badger,inaturalist,305649927,551116228,cc-by,https://inaturalist-open-data.s3.amazonaws.com/photos/551116228/large.jpg,526261c2249659dc88054299053d248f40d79fa3bb5fa28373045a7ae1d82d0a,train
badger,inaturalist,305649927,551116242,cc-by,https://inaturalist-open-data.s3.amazonaws.com/photos/551116242/large.jpg,37d30d9a2906d1d059ec5adbc741201a6f49d566268b2a0870b591451034b206,train
badger,inaturalist,305649927,551116258,cc-by,https://inaturalist-open-data.s3.amazonaws.com/photos/551116258/large.jpg,9acdfdcec67f3ca7d4db240f13af57e5110452f498b0e591ded141ad6ef1a0dc,train
badger,inaturalist,326037076,590417057,cc-by-nc,https://inaturalist-open-data.s3.amazonaws.com/photos/590417057/large.jpg,de276459d6b60b272bce45f2bd501a0075fa4e1fa45b8d00585dcf5053cd830b,train
badger,inaturalist,251141819,449311938,cc-by-nc,https://inaturalist-open-data.s3.amazonaws.com/photos/449311938/large.jpeg,940179730f0bdb46761f7ff243704b49d6c16269ef3054c307aa7b91a08bddb3,val
badger,inaturalist,339154505,616902796,cc-by-nc,https://inaturalist-open-data.s3.amazonaws.com/photos/616902796/large.jpg,242fcaec4fb07b0d3c48076e921a9e4075af192047e74f4078b75dc7cfdd4c6b,train
badger,inaturalist,314347269,567766793,cc-by-nc,https://inaturalist-open-data.s3.amazonaws.com/photos/567766793/large.jpg,050eecff6d294fdd82713f5eceb9fed4046fbc6e21d9e73c2934673d823b04d2,train
badger,inaturalist,320720609,579919019,cc-by-nc,https://inaturalist-open-data.s3.amazonaws.com/photos/579919019/large.jpg,45a684d2803a8efb9ef1188366e77d0a6f7d1246f0b4e4b8fc0eb63a11f36708,train
badger,inaturalist,290137468,521910476,cc-by-nc,https://inaturalist-open-data.s3.amazonaws.com/photos/521910476/large.jpg,b1b48ee1e97b2e8b01d99da55c5efbf25c3aecdef94d2c33a2c3f2dc76841143,train
badger,inaturalist,339154680,616902834,cc-by-nc,https://inaturalist-open-data.s3.amazonaws.com/photos/616902834/large.jpg,0d662201d9199113ae395d21bddad76730a94235a49a53388d9c05953b4b5a9b,val
badger,inaturalist,298580068,537838859,cc-by,https://inaturalist-open-data.s3.amazonaws.com/photos/537838859/large.jpg,f077ac2bf6af8d1ba3f2bbdd9d97625922d6f33943ecf0c37f0dab04a6f6909f,test
badger,inaturalist,298580068,537838872,cc-by,https://inaturalist-open-data.s3.amazonaws.com/photos/537838872/large.jpg,9d28951d927ce8390e562b39abc679d8f496bd8e82fd1f430d2c5c47e90fe379,test
badger,inaturalist,295984190,532902143,cc0,https://inaturalist-open-data.s3.amazonaws.com/photos/532902143/large.jpg,0eb5535eb41f78e63767182c5bd343ed6f3fea244c7e16b33d84838768a882ed,train
badger,inaturalist,336476499,611455756,cc-by-nc,https://inaturalist-open-data.s3.amazonaws.com/photos/611455756/large.jpg,4a4cea6551463f9451a2a5329d8315809c0a58ba236af9c3fa8b67120eaa150b,train
badger,inaturalist,251089977,449200579,cc-by-nc,https://inaturalist-open-data.s3.amazonaws.com/photos/449200579/large.png,33b442df9ca47701dbaef759a24feea5bd4ead59145160fac0a429efe1f568ff,train
badger,inaturalist,294669005,530400729,cc-by,https://inaturalist-open-data.s3.amazonaws.com/photos/530400729/large.jpg,7b91611d6a9223443d72e31cd3f2d5d8d2e4b3a01df9d10d4010df3b25158149,train
badger,inaturalist,294669005,530400817,cc-by,https://inaturalist-open-data.s3.amazonaws.com/photos/530400817/large.jpg,b5ee6d840a99a4432273753cfaf1790bd873b0ce602471596c6f2560cc9053e0,train
badger,inaturalist,294669005,530400871,cc-by,https://inaturalist-open-data.s3.amazonaws.com/photos/530400871/large.jpg,09c9d495ccc0b25f3c57d5346501f5ee6c9c263b8cac8ed35c392dfad94c5a40,train
badger,inaturalist,282000094,506618924,cc-by-nc,https://inaturalist-open-data.s3.amazonaws.com/photos/506618924/large.jpg,76f83c4295a005dda2f90da99c3ef267ccf0cab7f87c76d06a2bd853fe87687f,val
badger,inaturalist,339154469,616902781,cc-by-nc,https://inaturalist-open-data.s3.amazonaws.com/photos/616902781/large.jpg,443ab9779a0a22d8864f76a0b25d3542720e5166b11891f10d1673f9a901f9c5,train
badger,inaturalist,338893911,616382110,cc-by-nc,https://inaturalist-open-data.s3.amazonaws.com/photos/616382110/large.jpg,51d18ea200a726bd7a570b47c02c54c47f34e28c71dfcf3cd761f25184895b36,train
badger,inaturalist,298866697,538393337,cc-by-nc,https://inaturalist-open-data.s3.amazonaws.com/photos/538393337/large.jpg,744da838799cd6119de5b32d0e56eb43a27035d95626d63700c4925008504b8f,val
badger,inaturalist,298866697,538393352,cc-by-nc,https://inaturalist-open-data.s3.amazonaws.com/photos/538393352/large.jpg,a2312784a637c91c3b029e4b4fcbeeaf216a79ec22595408638eb9f1cf01fa82,val
badger,inaturalist,263188598,472770116,cc-by,https://inaturalist-open-data.s3.amazonaws.com/photos/472770116/large.jpeg,0435930e2da39b9f142a282003334f79a0f19b3edc2aaee205447915dce340a0,test
badger,inaturalist,303792790,547576206,cc-by,https://inaturalist-open-data.s3.amazonaws.com/photos/547576206/large.jpg,378174520486d2bf98db68fbba35b7af5d11f47d62f0130479a2d9da7a69d85f,train
badger,inaturalist,303792790,547576238,cc-by,https://inaturalist-open-data.s3.amazonaws.com/photos/547576238/large.jpg,230baa0992c2a9035ec04bb8d3a47128147765b35009a84821b4cf3c62d8a900,train
badger,inaturalist,303792790,547576249,cc-by,https://inaturalist-open-data.s3.amazonaws.com/photos/547576249/large.jpg,419c470cc9dc05dd1a2b0fc50405bc803c8e7fcbc08c0a9c8c26bf63cee8abf1,train
badger,inaturalist,303792790,547576264,cc-by,https://inaturalist-open-data.s3.amazonaws.com/photos/547576264/large.jpg,4b2806fc1d0a7f9b42ccb7b42f394ecdae360c6b727b54e2079202d1b8422a55,train
badger,inaturalist,308526839,556614192,cc-by,https://inaturalist-open-data.s3.amazonaws.com/photos/556614192/large.jpg,eb8f7a4b00a428fd1fbb96daef2918cba89f0b876844b9b96237c018527aa967,test
badger,inaturalist,308526839,556614333,cc-by,https://inaturalist-open-data.s3.amazonaws.com/photos/556614333/large.jpg,7fac344a3a1ecfda627738b74142af205339ffaee0f57cb15d041856ee194659,test
badger,inaturalist,308526839,556614447,cc-by,https://inaturalist-open-data.s3.amazonaws.com/photos/556614447/large.jpg,617738b9b0e394bbc93d7f41d9126b2123a85bf2597851f032cfc570de6c8614,test
badger,inaturalist,308526839,556614684,cc-by,https://inaturalist-open-data.s3.amazonaws.com/photos/556614684/large.jpg,588f7addabeb75d9ceb97143fe61e617f17abec44bf983dbb84300947010b3ee,test
badger,inaturalist,266093339,478062707,cc-by,https://inaturalist-open-data.s3.amazonaws.com/photos/478062707/large.jpeg,150cb9a2afb1b65789ff2b25705de3dbd7672e2358a2427bfa483a21ee35b2a4,train
badger,inaturalist,266093339,478062721,cc-by,https://inaturalist-open-data.s3.amazonaws.com/photos/478062721/large.jpeg,031268cdececbfb9ce33cc772a07f79bcf2e74e69f5bbdac4b3771ff9b7d5da3,train
badger,inaturalist,266093339,478062736,cc-by,https://inaturalist-open-data.s3.amazonaws.com/photos/478062736/large.jpeg,2ef51e384c4d3e59930531a7ab1612e74b211c83299e3d00bec9ae3e1f17ec4e,train
badger,inaturalist,339154020,616902608,cc-by-nc,https://inaturalist-open-data.s3.amazonaws.com/photos/616902608/large.jpg,8c654755214ee1ef4b98a4dc150c622dbf88108d6006c93d4a31e1392ccd0a3e,train
badger,inaturalist,274482616,493450475,cc-by,https://inaturalist-open-data.s3.amazonaws.com/photos/493450475/large.jpg,1a763ff84f1a9c3b9df7fa1c065e51968a47ac790bd8d3598cfac82625df93f3,val
badger,inaturalist,274482616,493450501,cc-by,https://inaturalist-open-data.s3.amazonaws.com/photos/493450501/large.jpg,e963aa9e9da495c6f1d12bec859e8555c1e98c58838bd60825f818f6587533bb,val
badger,inaturalist,313533593,566213001,cc-by-nc,https://inaturalist-open-data.s3.amazonaws.com/photos/566213001/large.jpg,4d66da69c0d2c0b8c593634bae94455343b904c41b513cf7266a6c60f1831d90,train
badger,inaturalist,313533593,566213004,cc-by-nc,https://inaturalist-open-data.s3.amazonaws.com/photos/566213004/large.jpg,d05432757139d6e24fcc69f77935ce7a77a0ec8fd81d24ffc9651c896f47067a,train
badger,inaturalist,313533593,566212998,cc-by-nc,https://inaturalist-open-data.s3.amazonaws.com/photos/566212998/large.jpg,8b5ee999645bbff1d0025d7fa06c91590bd2049b98d28f3e2d075e8178d2f4fd,train
badger,inaturalist,313533593,566213017,cc-by-nc,https://inaturalist-open-data.s3.amazonaws.com/photos/566213017/large.jpg,74872b013e4750dff9febf5f47ab1756869b1d872c8ecfd1ab99d1703d05928d,train
badger,inaturalist,262975090,472341875,cc-by-nc,https://inaturalist-open-data.s3.amazonaws.com/photos/472341875/large.jpeg,e09680f2861074dde8fb8a50860eb92fb25969f4d14fd9131299e1fd00075d3d,train
badger,inaturalist,339153807,616902363,cc-by-nc,https://inaturalist-open-data.s3.amazonaws.com/photos/616902363/large.jpg,b089a3dd7a230f737fc482aab80db49a13aeb80104b505883760229b8de820bd,train
badger,inaturalist,255529314,457934806,cc-by-nc,https://inaturalist-open-data.s3.amazonaws.com/photos/457934806/large.png,7c1509d35f850db5916fb108344066ca62408806a729761caaf9ec35256951c5,train
badger,inaturalist,305517688,550865449,cc-by,https://inaturalist-open-data.s3.amazonaws.com/photos/550865449/large.jpg,82ff85953a7760856860c6302097c5c1bcbe8909d5d9dc63921690570e3798e9,train
badger,inaturalist,305517688,550865479,cc-by,https://inaturalist-open-data.s3.amazonaws.com/photos/550865479/large.jpg,474aef3bc4c74a612b910c91d483086f215990ab0ec697d5ae041d31d86acbdc,train
badger,inaturalist,305517688,550865487,cc-by,https://inaturalist-open-data.s3.amazonaws.com/photos/550865487/large.jpg,d048d3fab86f6aab2874fd725c276c19f6026f8ee4e1abd24f40ba98f2a5e012,train
badger,inaturalist,304553005,549008783,cc-by-nc,https://inaturalist-open-data.s3.amazonaws.com/photos/549008783/large.jpg,3d28ddff2ef904df14c7196c906d26dc7dbb64399bbf2a4d9c8b5351af2d24e3,val
badger,inaturalist,304553005,549008804,cc-by-nc,https://inaturalist-open-data.s3.amazonaws.com/photos/549008804/large.jpg,3879b3a777f6e6805d6401404dca1d8a1288c6a88581f1b278321e7a34445f35,val
badger,inaturalist,265543216,476992117,cc-by-nc,https://inaturalist-open-data.s3.amazonaws.com/photos/476992117/large.jpeg,7ba06a94485e7f8ac5a36ace5548ccd0d087e3922458190790d9943ab8ec84cb,train
badger,inaturalist,282993845,508468441,cc-by-nc,https://inaturalist-open-data.s3.amazonaws.com/photos/508468441/large.jpg,07eb72fd9b595579f7a466fbb8b96a32f1e61121d8d147c8cf05dc61c2987d0e,train
badger,inaturalist,297789768,536335234,cc-by,https://inaturalist-open-data.s3.amazonaws.com/photos/536335234/large.jpg,43e7c22cd6da2514f96a2481e9668ddb8d25cba91f3ce9e1f7b6643c973fa9f9,test
badger,inaturalist,297789768,536335254,cc-by,https://inaturalist-open-data.s3.amazonaws.com/photos/536335254/large.jpg,aaa12ac03063f1464a5fd0a54ba8381ec9733d56230018d35eb4e647985b0ad9,test
badger,inaturalist,297789768,536336041,cc-by,https://inaturalist-open-data.s3.amazonaws.com/photos/536336041/large.jpg,41369e71b3f9e94b0940b5538a2adf36ba3c0e248fe9771b1fef9def79f4e853,test
badger,inaturalist,339154777,616902850,cc-by-nc,https://inaturalist-open-data.s3.amazonaws.com/photos/616902850/large.jpg,dd9ab3e1b44ec74cdb1e35470195ca70d204e8af1e65442077631b5ab6477a20,train
badger,inaturalist,310756834,560895022,cc-by-nc,https://inaturalist-open-data.s3.amazonaws.com/photos/560895022/large.jpg,c096aa88034594a27d20ffe3a1ed8d0cb66c8875f8a66ad94e8d0684840e13ec,train
badger,inaturalist,310756834,560895055,cc-by-nc,https://inaturalist-open-data.s3.amazonaws.com/photos/560895055/large.jpg,0de3d67e2827b48d85a63b7bc53c495de50a92e73883facc0a8d48b5352ae813,train
badger,inaturalist,310756834,560895079,cc-by-nc,https://inaturalist-open-data.s3.amazonaws.com/photos/560895079/large.jpg,b0dd51b098b18211375f0de58ba3f0e00256dab5990853c6bc5a5f9fa8f06bde,train
badger,inaturalist,304552995,549003008,cc-by-nc,https://inaturalist-open-data.s3.amazonaws.com/photos/549003008/large.jpg,37eb54298fc851ba8924149c0aae5b2bb26d8bcec38cd201ea3f879fb1e13b8d,val
badger,inaturalist,304552995,549003005,cc-by-nc,https://inaturalist-open-data.s3.amazonaws.com/photos/549003005/large.jpg,0e8e00a786f4fddae1b45da7fb3953207739854cd44cbeff8cb66d22de6ca385,val
badger,inaturalist,304579889,549084912,cc-by-nc,https://inaturalist-open-data.s3.amazonaws.com/photos/549084912/large.jpg,d9a9001c93473ac0867f289b35f460cb8c58225e126270bb1cad66f8b336e9d1,train
badger,inaturalist,304579889,549084984,cc-by-nc,https://inaturalist-open-data.s3.amazonaws.com/photos/549084984/large.jpg,e999457fea8fa146c6d7a9c2449570ce1b2c42195a38bfff0d7a55e657ecb95a,train
badger,inaturalist,304579889,549085008,cc-by-nc,https://inaturalist-open-data.s3.amazonaws.com/photos/549085008/large.jpg,39608613373495ec6cac76b44ea3d5060de600ef634a38332ea4599355e4819e,train
badger,inaturalist,255529285,457934594,cc-by-nc,https://inaturalist-open-data.s3.amazonaws.com/photos/457934594/large.png,981379722947dcb02d7d782132dc64cb83611982a8fbc588788f753d273bffdc,train
badger,inaturalist,250571546,448166870,cc-by-nc,https://inaturalist-open-data.s3.amazonaws.com/photos/448166870/large.jpeg,b8e227275c47a97a8a4116174da982f20c589ec8c8e99a28cac296cf3640ae23,train
badger,inaturalist,277878538,498950579,cc0,https://inaturalist-open-data.s3.amazonaws.com/photos/498950579/large.jpeg,2560a9c5a4b0be39e7c1c3b52af7e03d2e21e57d19fe553b25bfc23ac89b4c57,train
badger,inaturalist,293212203,527726790,cc-by-nc,https://inaturalist-open-data.s3.amazonaws.com/photos/527726790/large.jpg,b045c67a9b8086c9d4a5fd0a92352da6fc3141262f14d1c9ff98cddde6b099c8,train
badger,inaturalist,265036755,476464121,cc-by-nc,https://inaturalist-open-data.s3.amazonaws.com/photos/476464121/large.jpg,e36e4b45c90365cea0cd7610ba574a4ac5ca589d70e0d95ff59e0eeb50c79040,train
badger,inaturalist,306940592,553577607,cc-by-nc,https://inaturalist-open-data.s3.amazonaws.com/photos/553577607/large.jpg,c98b64815d9b9bf3f81ea0f17185134928cfb3fa5b67b88d1ac33d1db65a1d1f,val
badger,inaturalist,311351808,562036203,cc-by,https://inaturalist-open-data.s3.amazonaws.com/photos/562036203/large.jpg,ef473cb31429ee1e07dc2c2a19127c8d3144e661c1b0ed5d75038541fad71209,test
badger,inaturalist,311351808,562037039,cc-by,https://inaturalist-open-data.s3.amazonaws.com/photos/562037039/large.jpg,97c41b81ac1394549fa288ded758e58c2a29c4ac2865138374ecaeaa38a69cbb,test
badger,inaturalist,304236485,548426033,cc-by-nc,https://inaturalist-open-data.s3.amazonaws.com/photos/548426033/large.jpg,e243e23e4fda781c0c05b27d046a1a68ffe13c3c3eb9d481280e3a9f4be335cc,train
badger,inaturalist,304236485,548426039,cc-by-nc,https://inaturalist-open-data.s3.amazonaws.com/photos/548426039/large.jpg,97ddbd543ac0b12b6417195c577f4acefbb46d68a8fa68d2c70147c357ede3cb,train
badger,inaturalist,304236485,548426046,cc-by-nc,https://inaturalist-open-data.s3.amazonaws.com/photos/548426046/large.jpg,846f4402dfac05318824f8c9f39c7fac9e40f5927cd82dcf4a78a3e0a343451b,train
badger,inaturalist,304236485,548426052,cc-by-nc,https://inaturalist-open-data.s3.amazonaws.com/photos/548426052/large.jpg,33d446005aef6a9800a7561b245ffbaa1a0fdf5b32ee83021ba54f17630071d8,train
badger,inaturalist,304236485,548426057,cc-by-nc,https://inaturalist-open-data.s3.amazonaws.com/photos/548426057/large.jpg,bce23adf23df88f023fb1c95812fc8607ef579378ab87b7294bf7084e4f4b5a8,train
badger,inaturalist,339153830,616902430,cc-by-nc,https://inaturalist-open-data.s3.amazonaws.com/photos/616902430/large.jpg,6c873c31e8b9084aa999bb1ec15c5dff56ade57ff38aae9f8fc9465b1941beb9,val
badger,inaturalist,264033287,474430868,cc0,https://inaturalist-open-data.s3.amazonaws.com/photos/474430868/large.jpeg,fad3cc6dcd35d3b71f4b2700b66819f1aa27ac0cfca8e41e1af643b60d050eb7,train
badger,inaturalist,264033287,474430880,cc0,https://inaturalist-open-data.s3.amazonaws.com/photos/474430880/large.jpeg,162950361c8a2ac2e939278af40c4e03c7c3a3866b551da7551431b14d3398ae,train
badger,inaturalist,276666894,496818034,cc-by,https://inaturalist-open-data.s3.amazonaws.com/photos/496818034/large.jpeg,16c51bd041f3f994b3fc5f2f0c39b868d22b742ac22db63f7d89c7e7e4ddd228,train
badger,inaturalist,261023752,468871728,cc0,https://inaturalist-open-data.s3.amazonaws.com/photos/468871728/large.jpeg,e7d38f3f259a6552d1318ba8a76e5e9f0af7666e7522b65fe4e7d80cd0bd2c36,val
badger,inaturalist,261023752,468871740,cc0,https://inaturalist-open-data.s3.amazonaws.com/photos/468871740/large.jpeg,b6035ed5dbe404b93497b757e2b7d08b04aa928757a2d0a6c07f1f13f4466853,val
badger,inaturalist,337671535,613899133,cc-by-nc,https://inaturalist-open-data.s3.amazonaws.com/photos/613899133/large.jpg,d056f05b3a6690772dc960058810e17782fc34f3e1a9be4bd9f780cc00d66a4a,test
badger,inaturalist,334070066,606590222,cc-by-nc,https://inaturalist-open-data.s3.amazonaws.com/photos/606590222/large.jpg,45983486e4d0b814ab46e2980f5ac550399fc0e790cd2b52051671e9fcc363f3,train
badger,inaturalist,334070066,606590229,cc-by-nc,https://inaturalist-open-data.s3.amazonaws.com/photos/606590229/large.jpg,72dac034e71c69502b675e9f437813a0ea8782c896ebd1850f24b62bcf2b6443,train
badger,inaturalist,334070066,606590241,cc-by-nc,https://inaturalist-open-data.s3.amazonaws.com/photos/606590241/large.jpg,182b2af56b9aef729cfdd340137034dea71404e0418aac330f618969295d3bf5,train
badger,inaturalist,319328506,577223269,cc-by-nc,https://inaturalist-open-data.s3.amazonaws.com/photos/577223269/large.jpg,e27fb2509bc9b21d0ccf244e1b9c962e8c95d79981ebad4709cab5f66ae41408,train
badger,inaturalist,303792772,547567425,cc-by,https://inaturalist-open-data.s3.amazonaws.com/photos/547567425/large.jpg,2f031bcb7df4587332371eb293810555b76e5ed43cdff09aabe8e0c19ce6470b,test
badger,inaturalist,303792772,547567423,cc-by,https://inaturalist-open-data.s3.amazonaws.com/photos/547567423/large.jpg,632c1298a4055fd47c3e4a28a48d4de20b286f085b894173e90f0e311eaae3fb,test
badger,inaturalist,303792772,547567427,cc-by,https://inaturalist-open-data.s3.amazonaws.com/photos/547567427/large.jpg,755ba4884d630b17f49fb7584257ed78a1a7dc5e5eb47211ec15fa79b6afa15a,test
badger,inaturalist,303792772,547567445,cc-by,https://inaturalist-open-data.s3.amazonaws.com/photos/547567445/large.jpg,29b6502a99c4bc39320b565b97169dabe2cdda782ae61b34442a9ec275e083f4,test
badger,inaturalist,339154831,616902858,cc-by-nc,https://inaturalist-open-data.s3.amazonaws.com/photos/616902858/large.jpg,eb38fb003000cff1e3e8a0e11f76ddabf7db8eb305724f63642b674fe43ff031,train
badger,inaturalist,279122319,501206943,cc-by,https://inaturalist-open-data.s3.amazonaws.com/photos/501206943/large.jpeg,d5ad61418704916262886151ebb42db7ddd1a314f1af68e4aa25a8134b88902a,train
badger,inaturalist,339153857,616902482,cc-by-nc,https://inaturalist-open-data.s3.amazonaws.com/photos/616902482/large.jpg,1645caa72202a718001f77d672e9d06f4fd8552beee8401284f75f18c36e3dc7,train
badger,inaturalist,261656205,470119704,cc-by-nc,https://inaturalist-open-data.s3.amazonaws.com/photos/470119704/large.png,1d67478eb07648572061daed7f6027cae15d1566b40ed2950939413056d64468,train
badger,inaturalist,330484994,599290906,cc-by-nc,https://inaturalist-open-data.s3.amazonaws.com/photos/599290906/large.jpg,f952e227144a59bdc68b4bca4b437b7e192ce574514930376d946319e9d8d995,val
badger,inaturalist,322614440,583650067,cc-by-nc,https://inaturalist-open-data.s3.amazonaws.com/photos/583650067/large.jpg,6a7dfa2fd328394cf4ca8ee601e3fcb9f7b126eac063d5d79dac80af5cb7d75e,train
badger,inaturalist,282323428,507226538,cc-by,https://inaturalist-open-data.s3.amazonaws.com/photos/507226538/large.jpg,bf995d8acdc81a95bdc817ea36ef19ad1fe5f481093db1cc6eea5df8933e3ef6,train
badger,inaturalist,259993683,466822122,cc-by-nc,https://inaturalist-open-data.s3.amazonaws.com/photos/466822122/large.jpg,ec5961b6a087580e2d7088da85a9ee0fa430d2ef700cd2885ad9987b8260411c,train
badger,inaturalist,318911024,576406547,cc0,https://inaturalist-open-data.s3.amazonaws.com/photos/576406547/large.jpg,d4997ccc83bfb76cc537ea78944db7454701dfafb9457410e18adde562b2394b,train
badger,inaturalist,318911024,576406239,cc0,https://inaturalist-open-data.s3.amazonaws.com/photos/576406239/large.jpg,9376562443e8f057a399a7809a6981c718c62594b63851d24157a8f5348c455b,train
badger,inaturalist,318911024,576406257,cc0,https://inaturalist-open-data.s3.amazonaws.com/photos/576406257/large.jpg,94273d8e2e9ac444121b910529f5be3bb15671858b1df627a2fee9ad5b8c8e26,train
badger,inaturalist,318911024,576406328,cc0,https://inaturalist-open-data.s3.amazonaws.com/photos/576406328/large.jpg,f22bd34d300c1ff80cf47fcf3ff752a5d9048c68a8b7bb974dafbc7beb3ababc,train
badger,inaturalist,323865684,586078630,cc-by-nc,https://inaturalist-open-data.s3.amazonaws.com/photos/586078630/large.jpg,cb9a152ad25439892d1cd6884cdb6ed370c731b6d40e4e41cc2cf9b5a654866d,val
badger,inaturalist,310319521,560055125,cc-by-nc,https://inaturalist-open-data.s3.amazonaws.com/photos/560055125/large.jpg,80f153b8b63c0db88fe65603eda084d4a987a4246cfe497d7138803a7ab04200,train
badger,inaturalist,290123264,521883142,cc-by-nc,https://inaturalist-open-data.s3.amazonaws.com/photos/521883142/large.jpg,77b0fa899c29df65e9412b433fee12ca812b602bcc9a503925784cc48c48a093,val
badger,inaturalist,255529299,457934694,cc-by-nc,https://inaturalist-open-data.s3.amazonaws.com/photos/457934694/large.png,4d9a17c4251eb23bae38cba9c6fda7aecb54cbb8a7647e76165432d1782b3023,train
badger,inaturalist,304579903,549085611,cc-by-nc,https://inaturalist-open-data.s3.amazonaws.com/photos/549085611/large.jpg,2a0d0cb52df49c38c3de1a109ccc17a2abf65a9a833364d84519cca8077b9f2f,train
badger,inaturalist,262975118,472341958,cc-by-nc,https://inaturalist-open-data.s3.amazonaws.com/photos/472341958/large.jpeg,572ccb63275f90243afc7be4d216d06a69ca0e1327b52d2841fde7995739ad02,train
badger,inaturalist,273705278,492215001,cc-by-nc,https://inaturalist-open-data.s3.amazonaws.com/photos/492215001/large.jpeg,637c690d16251510b49046f02a820f6c7f49ae014510dfbb4139c0044f157fd3,train
badger,inaturalist,287124834,516278452,cc-by-nc,https://inaturalist-open-data.s3.amazonaws.com/photos/516278452/large.jpg,1c9d85b5590b36fa18a2b9c519397009e855f5759c2af07b9a1f15304b94c5dd,val
badger,inaturalist,277878553,498950672,cc0,https://inaturalist-open-data.s3.amazonaws.com/photos/498950672/large.jpeg,ed16c636fcf1fbe94e90f9e45b8785dd8951521c051ddfd2b614f2760baecfd7,test
badger,inaturalist,303792800,547579001,cc-by,https://inaturalist-open-data.s3.amazonaws.com/photos/547579001/large.jpg,8c753f3294653f58b40e8cb9de806c9174db29a95ed31c784959ac8a61fb1dd4,train
badger,inaturalist,303792800,547579010,cc-by,https://inaturalist-open-data.s3.amazonaws.com/photos/547579010/large.jpg,6a62e4f516ce64b550a097b56004118eb5fad2ac0cb566990d3b90e9e06f5fc1,train
badger,inaturalist,303792800,547579037,cc-by,https://inaturalist-open-data.s3.amazonaws.com/photos/547579037/large.jpg,98bf151aa4d5aecef631aae4331457bcc8f1fd42583557d59abbfdf496c2422a,train
badger,inaturalist,303792800,547579042,cc-by,https://inaturalist-open-data.s3.amazonaws.com/photos/547579042/large.jpg,8caf4cc2247bdfd89c75b05ffe0b29fd9368ff87d2046aecbb3a523c0d759e61,train
badger,inaturalist,303792800,547579058,cc-by,https://inaturalist-open-data.s3.amazonaws.com/photos/547579058/large.jpg,306a333629e625757f1c59748477f3942747b51a1cab446f1327b404589d18ba,train
badger,inaturalist,303792800,547579069,cc-by,https://inaturalist-open-data.s3.amazonaws.com/photos/547579069/large.jpg,d4555fd75954d54e77947ab7c018affdd8737d40bf22b455ec63978d8bd17eb6,train
badger,inaturalist,270184768,485873101,cc-by,https://inaturalist-open-data.s3.amazonaws.com/photos/485873101/large.jpeg,f0ff71bf4e05b13ff7daacc4eba532af9935a7559709c38110fd84ee0e620144,val
badger,inaturalist,270184768,485873039,cc-by,https://inaturalist-open-data.s3.amazonaws.com/photos/485873039/large.jpeg,84a143a00eaac0582c92ad6fdbead69a613b48b03612f97d92e279d34094579f,val
badger,inaturalist,279880729,502632163,cc0,https://inaturalist-open-data.s3.amazonaws.com/photos/502632163/large.jpeg,286208bf4e0ec16517995ed2fa409bf94fec6cd12b016d2492c7fc7bb59cf88d,test
badger,inaturalist,279880729,502632184,cc0,https://inaturalist-open-data.s3.amazonaws.com/photos/502632184/large.jpeg,0797096e13fcbd821fcc2280f4260aa1c21c9f90a07c9c863f6494c12d4b2f34,test
badger,inaturalist,279880729,502632207,cc0,https://inaturalist-open-data.s3.amazonaws.com/photos/502632207/large.jpeg,1240ad6db272fa09e511c7161045ef3bcd6360fdad37be0d3fc0fdaa335aa4d6,test
badger,inaturalist,276054428,495843212,cc-by-nc,https://inaturalist-open-data.s3.amazonaws.com/photos/495843212/large.jpg,03253cf972f32cd7902189a58c55cc66a2d884a5b85707fb53d62f9c3b1f84a7,train
badger,inaturalist,301674519,543626927,cc-by,https://inaturalist-open-data.s3.amazonaws.com/photos/543626927/large.jpg,5617d9eaf14ed9542e8b1ba21df1c12a63994fd162dfccaba394238b3f70a867,train
badger,inaturalist,301674519,543626928,cc-by,https://inaturalist-open-data.s3.amazonaws.com/photos/543626928/large.jpg,67782c31524ca8d95134f5adcb72922271fe8834754df3ca51ea1aeac65d38a5,train
badger,inaturalist,301674519,543626940,cc-by,https://inaturalist-open-data.s3.amazonaws.com/photos/543626940/large.jpg,4c9c1a2789e23e3696b2a14998ff25df88cadade9f6b435f8e8473bacb788f26,train
badger,inaturalist,328958770,596204499,cc0,https://inaturalist-open-data.s3.amazonaws.com/photos/596204499/large.jpg,d8566bac8872774c1644b4fdf8746ae21bce11aea813ba97c2a00f928bf1f3cf,train
badger,inaturalist,316846118,572486154,cc-by,https://inaturalist-open-data.s3.amazonaws.com/photos/572486154/large.jpg,ff9a8b09da28be411427180fc68feafb95e55cf2de0fac43ae0eacd7b7088cbd,train
badger,inaturalist,304552999,549004589,cc-by-nc,https://inaturalist-open-data.s3.amazonaws.com/photos/549004589/large.jpg,19fade8fd51dad8547e98147e99292ebb7ca30c265395b2adf79270ea119350b,val
badger,inaturalist,304552999,549004869,cc-by-nc,https://inaturalist-open-data.s3.amazonaws.com/photos/549004869/large.jpg,3b02b5dd9c859bf281d56afff2d6ce63e9d9aa024cefb7545a28e5a38f19eccb,val
badger,inaturalist,304579888,549084871,cc-by-nc,https://inaturalist-open-data.s3.amazonaws.com/photos/549084871/large.jpg,66c0fd3fedce44715ee224d3490d649b460aee745ec958a36e39cf7a7a072f99,train
badger,inaturalist,289633359,520952974,cc-by-nc,https://inaturalist-open-data.s3.amazonaws.com/photos/520952974/large.jpg,01ba786c9f3fc8add3593091398c0bbbc13c5a059c6558895ebde5a8808cb75c,train
badger,inaturalist,302502583,545171017,cc-by,https://inaturalist-open-data.s3.amazonaws.com/photos/545171017/large.jpg,945acafc4199bb101b0635aeef1e4142e4ddd74de9291497b245e87c386c58d3,train
badger,inaturalist,302502583,545171016,cc-by,https://inaturalist-open-data.s3.amazonaws.com/photos/545171016/large.jpg,c8a6af12c6adeaca9587f211bb6e78d9d1d6753dd424e78d17da609c5feef10e,train
badger,inaturalist,326810304,591960058,cc-by-nc,https://inaturalist-open-data.s3.amazonaws.com/photos/591960058/large.jpg,763180e9e1e3284df19a15cb87109dfd4044885ca4e6eb6e7593727ad8d1ffa5,test
badger,inaturalist,326810304,591960739,cc-by-nc,https://inaturalist-open-data.s3.amazonaws.com/photos/591960739/large.jpg,834c60ab0941e7a158734aacb9b5a0e8abbf8064c1a5fffae06deb25da7d475a,test
badger,inaturalist,326810304,591960949,cc-by-nc,https://inaturalist-open-data.s3.amazonaws.com/photos/591960949/large.jpg,00afae1f7ae06ab68306a7bf40cbd0b828d86d52751abca27d8062d69b04dccf,test
badger,inaturalist,251059521,449140374,cc-by-nc,https://inaturalist-open-data.s3.amazonaws.com/photos/449140374/large.png,e91d076f0e745540b65f62fa25a4d0f3c2db1704b139e43fc8660c155327cb9b,train
badger,inaturalist,327938718,594169257,cc-by-nc,https://inaturalist-open-data.s3.amazonaws.com/photos/594169257/large.jpg,3a7c7167115daa88d21a51e6677713dd1e6dcf5e9b9f9fb79a2152e43e76d6ba,train
badger,inaturalist,260171809,467177629,cc-by-nc,https://inaturalist-open-data.s3.amazonaws.com/photos/467177629/large.jpg,ebfbff6658f7ef124fe2e0f50d871a618ef2141bcac3bcc1914ec4f6f9396d37,train
badger,inaturalist,260171809,467177700,cc-by-nc,https://inaturalist-open-data.s3.amazonaws.com/photos/467177700/large.jpg,8194f66ad929eb2ba26268113a333305c7a2dce18ef2c44dc9c6ebc1a64d7d4a,train
badger,inaturalist,260171809,467177769,cc-by-nc,https://inaturalist-open-data.s3.amazonaws.com/photos/467177769/large.jpg,4b5c702b15ccba035f005375fb83a4715ab552a6194fc00b713ecfb4371685d8,train
badger,inaturalist,319933410,578386041,cc-by-nc,https://inaturalist-open-data.s3.amazonaws.com/photos/578386041/large.jpg,eebc894f59ac973db77403f25bd64ca6fbf79ecf4e5f7c6ab067f2859a5729db,val
badger,inaturalist,256205624,459303334,cc-by-nc,https://inaturalist-open-data.s3.amazonaws.com/photos/459303334/large.jpg,daee0cf7f90414398213c1d6840a142868683d96aef8aea3b448285a9bf3cb71,train
badger,inaturalist,335472981,609441925,cc-by-nc,https://inaturalist-open-data.s3.amazonaws.com/photos/609441925/large.jpg,105b6c4512cd0a9cb6875f7147849a3523b7a8603e3e3a1b43c7ebe5e9bfc543,train
badger,inaturalist,263086008,472563226,cc-by-nc,https://inaturalist-open-data.s3.amazonaws.com/photos/472563226/large.jpg,320fd8b3f5ad45ce0a5d5ef6e5c99434ced0bac79ff7d692450e8687a85d4013,train
badger,inaturalist,263086008,472563220,cc-by-nc,https://inaturalist-open-data.s3.amazonaws.com/photos/472563220/large.jpg,3584bb1ffb0d4080688546e07f9efa55b2afebd7a6b6144a85719b8d70e5659d,train
badger,inaturalist,263086008,472563188,cc-by-nc,https://inaturalist-open-data.s3.amazonaws.com/photos/472563188/large.jpg,bf552a7c0d12c85621f0dc8fc468e4c0aeadcb61c70d4e70b96d2289c190c990,train
badger,inaturalist,263086008,472563193,cc-by-nc,https://inaturalist-open-data.s3.amazonaws.com/photos/472563193/large.jpg,4f1828f56378ee5bdaf065a9a8a45ffe7654c37a12ca9de25fb89b2775cfc1a6,train
badger,inaturalist,289032247,519830078,cc-by-nc,https://inaturalist-open-data.s3.amazonaws.com/photos/519830078/large.jpg,cbe70590c96d20e74a309d9c8a5d2737d9eabad0f4afae93b30a19d3bf77a1ae,val
badger,inaturalist,323030272,584462948,cc-by,https://inaturalist-open-data.s3.amazonaws.com/photos/584462948/large.jpg,1365d6573ff664b6582948a3f8e6976f394b8fa7ccdea47c2e945d2397dbc6c3,train
badger,inaturalist,323030272,584462982,cc-by,https://inaturalist-open-data.s3.amazonaws.com/photos/584462982/large.jpg,5da0b86ce4eea5abe9188bee87100512dc69bebe0e38acf9f0893dd0313e1245,train
badger,inaturalist,316783770,572368304,cc-by-nc,https://inaturalist-open-data.s3.amazonaws.com/photos/572368304/large.jpg,fab236a1fd8d3825ce883cf162a802f3a89e00d71b1296b8636e0244a4cd3317,val
badger,inaturalist,339153805,616902343,cc-by-nc,https://inaturalist-open-data.s3.amazonaws.com/photos/616902343/large.jpg,92cd8257631663fe24e8a61021b58808e735bab17645f96f37710ad738aa36a1,test
badger,inaturalist,324687086,587723259,cc-by-nc,https://inaturalist-open-data.s3.amazonaws.com/photos/587723259/large.jpg,5046b21958dffdb293dab7eb8b2414fa264348d3961180ff6203dbe0f11bf971,train
badger,inaturalist,324687086,587723621,cc-by-nc,https://inaturalist-open-data.s3.amazonaws.com/photos/587723621/large.jpg,705f16e3c78ed3afe151e1cbb86a29575d996c7ad8123774238237aa203297dc,train
badger,inaturalist,324687086,587723628,cc-by-nc,https://inaturalist-open-data.s3.amazonaws.com/photos/587723628/large.jpg,bb4479b3ddf8a59f40f79a93393ec7f04cf01535c81f3be9f5dffa92f8f2a196,train
badger,inaturalist,303068620,546231429,cc-by-nc,https://inaturalist-open-data.s3.amazonaws.com/photos/546231429/large.jpg,82a5916f82826468bda52686175d5679ba90da172d2e0f6b8441c33e1e2fc560,val
badger,inaturalist,338759799,616117146,cc-by,https://inaturalist-open-data.s3.amazonaws.com/photos/616117146/large.jpg,827155403f013104c9c017e47fc3ec315b7ff84675290e85b569a641fd33d895,test
badger,inaturalist,338759799,616117173,cc-by,https://inaturalist-open-data.s3.amazonaws.com/photos/616117173/large.jpg,ee3007dbf31cdd397a6c003f372b24ad4bbff8910b4aad02e5ea39251e877bbf,test
badger,inaturalist,338759799,616117206,cc-by,https://inaturalist-open-data.s3.amazonaws.com/photos/616117206/large.jpg,48d665e7b128faf7f04eddfa4135590626a4f1241e9660f2d967348e91e68d77,test
badger,inaturalist,275529720,495079929,cc0,https://inaturalist-open-data.s3.amazonaws.com/photos/495079929/large.jpeg,999b1eabdd719b368dbd4998efd4f84dc36386300f478e6026f567986051234b,train
badger,inaturalist,261656198,470119675,cc-by-nc,https://inaturalist-open-data.s3.amazonaws.com/photos/470119675/large.png,c95b740ba6c8471363cf52bc9afa19d221eeeaaaf11fda0d32bc7430017a3c5a,train
badger,inaturalist,318413433,575469806,cc-by-nc,https://inaturalist-open-data.s3.amazonaws.com/photos/575469806/large.jpg,fba511a264590e45aef55dba791f8d953cc745730e1bccb45814bf89cbd4275c,train
badger,inaturalist,335145692,608784945,cc0,https://inaturalist-open-data.s3.amazonaws.com/photos/608784945/large.jpg,e45e5e62ba7f3cd455fba2bffd708879d879b0360b32ef885835dfc1c87ae871,train
badger,inaturalist,260936330,468687146,cc-by-nc,https://inaturalist-open-data.s3.amazonaws.com/photos/468687146/large.png,d4d57a8ea9af5975d325fbb48409b038fdb709c4747c01a057523f925b11ceba,val
badger,inaturalist,257181356,461298827,cc-by-nc,https://inaturalist-open-data.s3.amazonaws.com/photos/461298827/large.jpeg,080e18ad17772062c9fdf0766bbab1f56b44426233118d486aac83835380f3fb,train
badger,inaturalist,257181356,461298849,cc-by-nc,https://inaturalist-open-data.s3.amazonaws.com/photos/461298849/large.jpeg,97d4069f3103cdf634c96403e817bcf3f32afc171c5213d3235977050c4c85a3,train
badger,inaturalist,257181356,461298866,cc-by-nc,https://inaturalist-open-data.s3.amazonaws.com/photos/461298866/large.jpeg,859282d32d7e9e54cece1a7fde61e5522f21575e18980c60cf7f134721296653,train
badger,inaturalist,326221219,590786846,cc-by-nc,https://inaturalist-open-data.s3.amazonaws.com/photos/590786846/large.jpg,f73956502278f82eb89e83b22662271f77b863cc24d02e777c0d17443afa2f4e,train
badger,inaturalist,277878500,498950356,cc0,https://inaturalist-open-data.s3.amazonaws.com/photos/498950356/large.jpeg,f6034aac9d87624511296290e230a4dd9e1a3d7a9ae3752042201c969c1f58b0,val
badger,inaturalist,276094418,495897457,cc-by-nc,https://inaturalist-open-data.s3.amazonaws.com/photos/495897457/large.jpeg,28911124bfa830e92af4ec8fcd29b57b42be20b959ebc49d2e111678a8ef694f,train
badger,inaturalist,278782887,500586301,cc-by,https://inaturalist-open-data.s3.amazonaws.com/photos/500586301/large.jpg,5f0bd8df974ea3b047a4c980adc51b2c6745fe720f4cf90b870ebec5d310f138,train
badger,inaturalist,275524877,495073198,cc0,https://inaturalist-open-data.s3.amazonaws.com/photos/495073198/large.jpeg,3b2fc8099c9cb96a8d3bf0325757ee326ce8ce6b4fd2e5c2bb8b6a2e9e3056a0,train
badger,inaturalist,339153839,616902460,cc-by-nc,https://inaturalist-open-data.s3.amazonaws.com/photos/616902460/large.jpg,827b0be77c163254db048b28ca6b865725bc854eedd5cb8c0e9b1b6233d15e6c,train
badger,inaturalist,255529304,457934733,cc-by-nc,https://inaturalist-open-data.s3.amazonaws.com/photos/457934733/large.png,ded01cc122d73703461199513795352a644973c4a6e17aeb595a0383617d5e6b,val
badger,inaturalist,277878492,498950244,cc0,https://inaturalist-open-data.s3.amazonaws.com/photos/498950244/large.jpeg,d146487260fad22035c3bea1df5226f0a28969ccf343cefe9d59f438e4a3ef8b,test
badger,inaturalist,277878431,498949691,cc0,https://inaturalist-open-data.s3.amazonaws.com/photos/498949691/large.jpeg,a471cf1783387b54f54899eb1f5b48282c4b92fdb7fcd9918ade67a2aaf34362,train
badger,inaturalist,301610356,543506796,cc-by-nc,https://inaturalist-open-data.s3.amazonaws.com/photos/543506796/large.jpg,6e6ce971f75653f6b87cd37ee6768c715211fa5849d91eeb9ebaf9d29fb0bdea,train
badger,inaturalist,308527679,556630269,cc-by,https://inaturalist-open-data.s3.amazonaws.com/photos/556630269/large.jpg,fb4ea3ce91c53f4928ac87bb27733f3dfaa63cfbb3f4fd21ad78b6fa733ed1e8,train
badger,inaturalist,285068443,512774975,cc-by-nc,https://inaturalist-open-data.s3.amazonaws.com/photos/512774975/large.jpg,7f46343b9c9bbe57118111061585e45650af61114d6132f1cb3d7cede2e1b371,train
badger,inaturalist,335843643,610190354,cc0,https://inaturalist-open-data.s3.amazonaws.com/photos/610190354/large.jpg,eba227eccaa756181e73abe99dace918a30a85805c18c5077fb042a79659c919,val
badger,inaturalist,335843643,610190364,cc0,https://inaturalist-open-data.s3.amazonaws.com/photos/610190364/large.jpg,ea4ed17bba59b19cdc7c9e37727861678e68518eabcc103f343740f5563e69c4,val
badger,inaturalist,298761423,538186483,cc-by-nc,https://inaturalist-open-data.s3.amazonaws.com/photos/538186483/large.jpg,81819f45604787965e15c880fae25fa7fa5034b0118dbc9743ac79ad166ac53a,test
badger,inaturalist,324686389,587721728,cc-by,https://inaturalist-open-data.s3.amazonaws.com/photos/587721728/large.jpg,2234d840fa25acbc8800a8db71323ff0f92e8d6b63ec77ebeeda7b91befa2f3d,train
badger,inaturalist,336091387,610683686,cc-by-nc,https://inaturalist-open-data.s3.amazonaws.com/photos/610683686/large.jpg,ac6a175a8e3cff3241058f1167d0e8cfcf745da38452d2cf800bc4736e1e78c6,train
badger,inaturalist,291835636,525093610,cc-by-nc,https://inaturalist-open-data.s3.amazonaws.com/photos/525093610/large.jpg,11aeed8cea70f55eb5ea2cee1e96f11318031a9f32d252d5a625db6230d521e5,train
badger,inaturalist,287363709,516692650,cc-by-nc,https://inaturalist-open-data.s3.amazonaws.com/photos/516692650/large.jpg,63812bc2b42d73795a4baf276a7bf84ab76843c53f0ac6cdc18e5aaabfd5bea2,train
badger,inaturalist,277878527,498950534,cc0,https://inaturalist-open-data.s3.amazonaws.com/photos/498950534/large.jpeg,5f6839eb773e7ab7022f0a53a52bbcbbeb52451c25b55bfde3a13eca6977b364,test
badger,inaturalist,283490397,509395551,cc0,https://inaturalist-open-data.s3.amazonaws.com/photos/509395551/large.jpg,e7dc72844627bc4adf18bfb918dc16e03ad69e979cca53e81d54bc938583ea66,train
badger,inaturalist,283490397,509395582,cc0,https://inaturalist-open-data.s3.amazonaws.com/photos/509395582/large.jpg,840256c4cea8bb9a85f0c5cf882e84cd1d8131dcc7842d0e578ae79ce6d0b804,train
badger,inaturalist,288723201,519255510,cc-by,https://inaturalist-open-data.s3.amazonaws.com/photos/519255510/large.jpg,7298557f3146962903f53de4c2368f91a39b3d80e13db6cce21473d5bf5e7ad5,train
badger,inaturalist,288723201,519255545,cc-by,https://inaturalist-open-data.s3.amazonaws.com/photos/519255545/large.jpg,941d000c3e87be269f9ab835861c6052445fb567023c769cd9a76e8bd61e78a4,train
badger,inaturalist,265180915,476276268,cc-by,https://inaturalist-open-data.s3.amazonaws.com/photos/476276268/large.jpeg,71b493d5c6feafe68ff74f142ebd82dd443b6d3aca59f157acef7fa9a8049da9,val
badger,inaturalist,265180915,476276281,cc-by,https://inaturalist-open-data.s3.amazonaws.com/photos/476276281/large.jpeg,45a9e29746a821c3d1ae1aa61c5ca556506014bbf468b882fa2d200071c9b1d5,val
badger,inaturalist,265180915,476276297,cc-by,https://inaturalist-open-data.s3.amazonaws.com/photos/476276297/large.jpeg,3d5bb16c45380bee35c58703794d5416e7c9124851abfe57ffb7bf771af1ecb0,val
badger,inaturalist,265180915,476276310,cc-by,https://inaturalist-open-data.s3.amazonaws.com/photos/476276310/large.jpeg,888316889b81f3a48a4e3bd22bde2df8611701382947a550a20d4ee2dc3d2b62,val
badger,inaturalist,336161078,610821002,cc-by,https://inaturalist-open-data.s3.amazonaws.com/photos/610821002/large.jpg,9edcbdc4dc9e775e8c232e4aa873f3af2203fe4b20e2cdf8704b36a83062087d,test
badger,inaturalist,336161078,610821015,cc-by,https://inaturalist-open-data.s3.amazonaws.com/photos/610821015/large.jpg,5e12c7ad81468c29d8451a4af2b65b12ed9f8d5ad6c3d600d530a06d33d6c5d1,test
badger,inaturalist,336161078,610821029,cc-by,https://inaturalist-open-data.s3.amazonaws.com/photos/610821029/large.jpg,41c9aee3176c43083b1b58357403482ae6cf11226bd241b35f5c0ef97389d962,test
badger,inaturalist,339094742,616781510,cc-by-nc,https://inaturalist-open-data.s3.amazonaws.com/photos/616781510/large.jpg,da8d0d232d4c75b639cec778e0f29a5d417d519ed429e6be7a957ec4bf0e612a,train
badger,inaturalist,339094742,616781529,cc-by-nc,https://inaturalist-open-data.s3.amazonaws.com/photos/616781529/large.jpg,ec47ebd1374273b5c23f5285c65f7482a62e9fc484532787d182e526df199e7a,train
badger,inaturalist,266809807,479401578,cc-by,https://inaturalist-open-data.s3.amazonaws.com/photos/479401578/large.jpg,ce44807676bbe56cd51ea77d51d5779b1d95f4185b28fc09aeeff7793f09546a,train
badger,inaturalist,266809807,479401623,cc-by,https://inaturalist-open-data.s3.amazonaws.com/photos/479401623/large.jpg,80deefe44357385c40dbe1808e4d670981772149f8965ebc378fc183f3f2ae2f,train
badger,inaturalist,309274250,558070638,cc-by-nc,https://inaturalist-open-data.s3.amazonaws.com/photos/558070638/large.jpg,bc4233e057fcd63fa7a13343193e5746d838adadaa482a6c8e5e98af46dbb820,train
badger,inaturalist,308526841,556617919,cc-by,https://inaturalist-open-data.s3.amazonaws.com/photos/556617919/large.jpg,f9440165ad8782dd381b65a3076ddac53db41ba4695b3b007d0480a7f2237f35,train
badger,inaturalist,308526841,556618028,cc-by,https://inaturalist-open-data.s3.amazonaws.com/photos/556618028/large.jpg,a20d9b4ae451aaaf3b015ec5e1f96dbb354a7f9844fc14b710636e48fa266dee,train
badger,inaturalist,308526841,556618417,cc-by,https://inaturalist-open-data.s3.amazonaws.com/photos/556618417/large.jpg,fd35ceb1494464af1c14d32dbd23ec6e2d5ee3c6b21bf41a8c2c80bbf6fea724,train
badger,inaturalist,307516646,554687380,cc-by-nc,https://inaturalist-open-data.s3.amazonaws.com/photos/554687380/large.jpg,8effc6e9b888e34c7d5cc7087b26fac9fd11e170d38bee7559634c3a36f807d2,train
badger,inaturalist,277878550,498950742,cc0,https://inaturalist-open-data.s3.amazonaws.com/photos/498950742/large.jpeg,360851283dafe960fcad815f7c226742b88a5a851561f7595710298750a29086,train
badger,inaturalist,303792806,547583530,cc-by,https://inaturalist-open-data.s3.amazonaws.com/photos/547583530/large.jpg,a5fd924ac6e8eb482e8d8567491d7f844e1bb23f51e0986afb65ebda64c3f133,train
badger,inaturalist,303792806,547583539,cc-by,https://inaturalist-open-data.s3.amazonaws.com/photos/547583539/large.jpg,e0568e742a5ac8994d7491d898d51032bd4049bd1cde59199df260e300b6bb81,train
badger,inaturalist,303792806,547583561,cc-by,https://inaturalist-open-data.s3.amazonaws.com/photos/547583561/large.jpg,6f2c4e8f6d906ee9bac09c0b4910a4c39fb0c5a4f29e7eb5665662ba10be44a4,train
badger,inaturalist,303792806,547583564,cc-by,https://inaturalist-open-data.s3.amazonaws.com/photos/547583564/large.jpg,48a302725c2971ea7257dc025974137ea2c230251b396dc66ccf9c981e4c40fa,train
badger,inaturalist,303792806,547583589,cc-by,https://inaturalist-open-data.s3.amazonaws.com/photos/547583589/large.jpg,bcc5caca17249694b5c618f9a9d8674ffb171dd808edb50bb12b2f7267df3a87,train
badger,inaturalist,303792806,547583634,cc-by,https://inaturalist-open-data.s3.amazonaws.com/photos/547583634/large.jpg,d2c4c46877bda3fb6123abdc616b853c311dc3ae4e232beaf32093f85f029c41,train
badger,inaturalist,303792806,547583667,cc-by,https://inaturalist-open-data.s3.amazonaws.com/photos/547583667/large.jpg,3f68b11da840dc834cbf960dc8536eb20b7fe2ba35088d6557e8532821ca3952,train
badger,inaturalist,303792806,547590115,cc-by,https://inaturalist-open-data.s3.amazonaws.com/photos/547590115/large.jpg,a402d78c24ffb988b16a630914282d130212487ae37959986af0573ac0ed41f7,train
badger,inaturalist,303792806,547590137,cc-by,https://inaturalist-open-data.s3.amazonaws.com/photos/547590137/large.jpg,73fe28391109132b6d5709af867c4af635725d45b0650cc003ac4a11fd39d155,train
badger,inaturalist,303792806,547590150,cc-by,https://inaturalist-open-data.s3.amazonaws.com/photos/547590150/large.jpg,938b0c94c110b2abf8b8871bcc66a3d7be46036db3f41fc3b4640eb1dcb64082,train
badger,inaturalist,339153901,616902496,cc-by-nc,https://inaturalist-open-data.s3.amazonaws.com/photos/616902496/large.jpg,6121decb8056da0f42e275e813edfc60bc03dfc472374545dd9f08332ea245cc,test
badger,inaturalist,262975124,472341971,cc-by-nc,https://inaturalist-open-data.s3.amazonaws.com/photos/472341971/large.jpeg,e9a737f3c69fdd04062c14c4c3cb6dbae956f0b07bdbe50f10038bd89305bc10,val
badger,inaturalist,262975109,472341937,cc-by-nc,https://inaturalist-open-data.s3.amazonaws.com/photos/472341937/large.jpeg,12946973a4dce87ec22072bba7cbb1f866aadf14a92d7613ef1d07dd9e7f07b4,test
badger,inaturalist,293542095,528342190,cc-by-nc,https://inaturalist-open-data.s3.amazonaws.com/photos/528342190/large.jpg,18958aac7e7ed2618c66990e7eb9b3aa148410e379a2fdfb88470a8b448ff972,val
badger,inaturalist,304087895,548150967,cc-by-nc,https://inaturalist-open-data.s3.amazonaws.com/photos/548150967/large.jpg,98e9c5413dc9dc397683c554fc08588b5cfe33224ddaccc92065dfabeda67129,test
badger,inaturalist,283992396,510336671,cc-by-nc,https://inaturalist-open-data.s3.amazonaws.com/photos/510336671/large.jpg,25597f100f849570d30d6952f228f232802257079074751a1987b7af612b5d29,train
badger,inaturalist,305258846,550371431,cc-by-nc,https://inaturalist-open-data.s3.amazonaws.com/photos/550371431/large.jpg,6bd8dcd596a5106f10d2e50bb4cbb41abab5dd5c3075f03baa23526b363c5044,train
badger,inaturalist,331311737,601002579,cc-by-nc,https://inaturalist-open-data.s3.amazonaws.com/photos/601002579/large.jpg,4703c2a132a04863b95154b6265b780ce3e3ab52a4b6ac8f6f711f52d03badb6,train
badger,inaturalist,277878604,498951852,cc0,https://inaturalist-open-data.s3.amazonaws.com/photos/498951852/large.jpeg,a63ed86fca183600cd12a2035333f90d66b0775f747d54fb905a032254fbba6d,train
badger,inaturalist,339153828,616902424,cc-by-nc,https://inaturalist-open-data.s3.amazonaws.com/photos/616902424/large.jpg,01fd114b45a9e8fed18138870166e18a3e4fac41a8797c5af37ed72839279cd5,val
badger,inaturalist,338894998,616384257,cc-by-nc,https://inaturalist-open-data.s3.amazonaws.com/photos/616384257/large.jpg,1bc1fdfd27eb0a2bfc938d4336d6f490c2fa357847a4ac742bf0544077abef4b,test
badger,inaturalist,277878591,498951200,cc0,https://inaturalist-open-data.s3.amazonaws.com/photos/498951200/large.jpeg,108d0ec2ae345b19143fd1cbae78627b178cbc6e9fbd6ac913334c437d339b4a,train
badger,inaturalist,252521059,452057109,cc-by-nc,https://inaturalist-open-data.s3.amazonaws.com/photos/452057109/large.jpeg,2a339b268185b3084c97a506aa6797ad6fb041fc5a0d63cd76ae2c10edda1a8e,train
badger,inaturalist,297679235,536121523,cc-by,https://inaturalist-open-data.s3.amazonaws.com/photos/536121523/large.jpg,cdb5be1c786b4d09510af3a617d492b95c5051aff6fbf2672306c1c644a5e8e8,train
badger,inaturalist,321523184,581492096,cc-by-nc,https://inaturalist-open-data.s3.amazonaws.com/photos/581492096/large.jpg,670933a59c411d11e4be127d9eececb50116bbaf71dd602f23ebc438d6185bce,train
badger,inaturalist,339154909,616902919,cc-by-nc,https://inaturalist-open-data.s3.amazonaws.com/photos/616902919/large.jpg,5c6492001f79e9e97e26e8b72731d3e278bd20b855692fee8a22ed01bfdc60ee,val
badger,inaturalist,286220902,514535850,cc-by-nc,https://inaturalist-open-data.s3.amazonaws.com/photos/514535850/large.jpg,8efe453ba3a4c4eb314d1ebd0a3544acfdee75eff14641c0d41802a7fe125799,test
badger,inaturalist,286220902,514535862,cc-by-nc,https://inaturalist-open-data.s3.amazonaws.com/photos/514535862/large.jpg,a19d5d9ef1cffa614fb0900281f081a33cf2db28cef038fb8ca546711edd058c,test
badger,inaturalist,339154702,616902840,cc-by-nc,https://inaturalist-open-data.s3.amazonaws.com/photos/616902840/large.jpg,c294a207356d76bf1088d671dfc1b2a085e8fe71fa5def1260d91abc7520fc84,train
badger,inaturalist,268341006,482334246,cc-by-nc,https://inaturalist-open-data.s3.amazonaws.com/photos/482334246/large.jpeg,131a251225f9d70244dedfe5a6899a5434e188a39ed58cb2490a729d68573348,train
badger,inaturalist,319933408,578386039,cc-by-nc,https://inaturalist-open-data.s3.amazonaws.com/photos/578386039/large.jpg,7618a20351a71dfd214747f0afdcbb34e2ac866663418ebba7e47138da604a92,train
badger,inaturalist,326481386,591302030,cc-by-nc,https://inaturalist-open-data.s3.amazonaws.com/photos/591302030/large.jpg,28accf40bc4aae8c57b1873372a076b9fc88793299cb6098afa05bec76347a4f,train
badger,inaturalist,339154868,616902874,cc-by-nc,https://inaturalist-open-data.s3.amazonaws.com/photos/616902874/large.jpg,bd7c0eebb9126cd59ab9ebc643a2f96ad19b50dfb27d063755903020b08edbf7,val
badger,inaturalist,302069837,544370678,cc-by,https://inaturalist-open-data.s3.amazonaws.com/photos/544370678/large.jpg,b2039d90b1a79d3f01e0a393dbab81829a1651ef9a2c34a79fecc71f9fd2673c,train
badger,inaturalist,302069837,544370675,cc-by,https://inaturalist-open-data.s3.amazonaws.com/photos/544370675/large.jpg,038265c2d2193dbb569ef8f68300c90828c2c43bc7d29d2416278aab4d1aefcd,train
badger,inaturalist,302069837,544370676,cc-by,https://inaturalist-open-data.s3.amazonaws.com/photos/544370676/large.jpg,af09e0cd76a90af927dfc4e26f7ace1ebde8cda3325cbfe785fc5c9f08c2679b,train
badger,inaturalist,302069837,544370708,cc-by,https://inaturalist-open-data.s3.amazonaws.com/photos/544370708/large.jpg,102c3e994901c4a55d91fda25bced71ffd938d8963ad23a5d76672efeec3b636,train
badger,inaturalist,302069837,544370714,cc-by,https://inaturalist-open-data.s3.amazonaws.com/photos/544370714/large.jpg,4fd62e4726fc5d298c10787ebc70996efbaf056dd5fcd3dc196fb2da153630ed,train
badger,inaturalist,302069837,544370721,cc-by,https://inaturalist-open-data.s3.amazonaws.com/photos/544370721/large.jpg,f93837f1dd9dc9b9fd73408c8716cf395c71604daf0878630ae907bd4d5ae26d,train
badger,inaturalist,276508773,496549151,cc-by-nc,https://inaturalist-open-data.s3.amazonaws.com/photos/496549151/large.jpeg,412e544fdb463c395d0ff69bd27c3e51d76689ab0b5ac4f28046d1754c84348e,val
badger,inaturalist,304573082,549063786,cc-by-nc,https://inaturalist-open-data.s3.amazonaws.com/photos/549063786/large.jpg,9413b8bbf5db5ef350c4069f31b4f834c60317451340f6993a86046730cf32db,test
badger,inaturalist,304573082,549063634,cc-by-nc,https://inaturalist-open-data.s3.amazonaws.com/photos/549063634/large.jpg,c60155e6671df70e0c5f82cbf70d3c995402a0db890ba9ed1a9cd8cc8ecb3e15,test
badger,inaturalist,304573082,549063800,cc-by-nc,https://inaturalist-open-data.s3.amazonaws.com/photos/549063800/large.jpg,fbb5733b509b89a556dc89e84f0bcc81a6dd406477e650f1bfe2fd050e6614c4,test
badger,inaturalist,309910364,559295725,cc0,https://inaturalist-open-data.s3.amazonaws.com/photos/559295725/large.jpg,1f3d2b877762b9ecbf26a261533c1b32f731017529179a81bc2c009e5da788cf,train
badger,inaturalist,309910364,559319396,cc0,https://inaturalist-open-data.s3.amazonaws.com/photos/559319396/large.jpg,0c191be2550a989dfaf20eba86c9b42f4e610b156e91f1d9ba033c2cd6e286de,train
badger,inaturalist,309910364,559319415,cc0,https://inaturalist-open-data.s3.amazonaws.com/photos/559319415/large.jpg,cf1eb68b634b7a0fdaead1fcb78def381a8632f04c4d5b3730ac4791f901f6dd,train
badger,inaturalist,332437565,603309602,cc-by-nc,https://inaturalist-open-data.s3.amazonaws.com/photos/603309602/large.jpg,223ddcf98ca484d4cbcfd7fbf01d91487dde905debce7ce0691d60aa8cb3d504,val
badger,inaturalist,339154906,616902889,cc-by-nc,https://inaturalist-open-data.s3.amazonaws.com/photos/616902889/large.jpg,a7b02a555d555d71df707a997d82f8d85b3abf09874317ac1808f8cdc6d59f35,train
badger,inaturalist,277878442,498949688,cc0,https://inaturalist-open-data.s3.amazonaws.com/photos/498949688/large.jpeg,af25d594cef38118ea7299ed52dba18a1f0533d17164b4d97676608ba62c156a,train
badger,inaturalist,257704064,462338358,cc-by,https://inaturalist-open-data.s3.amazonaws.com/photos/462338358/large.jpg,13dd34421dfdc793589fbfee1e693c95f6890a300b6a36cda6d68326a33c4927,train
badger,inaturalist,258386738,463574490,cc-by,https://inaturalist-open-data.s3.amazonaws.com/photos/463574490/large.png,3b76832b2f69869189a4797c8b2eebf3568ed372db17aab961a67736999d1bc5,val
badger,inaturalist,304579875,549083765,cc-by-nc,https://inaturalist-open-data.s3.amazonaws.com/photos/549083765/large.jpg,5552da3d616d9a2860aa9f5c76bcd604edd03d539177a13a4623016e0e0c7f21,train
badger,inaturalist,304579875,549083830,cc-by-nc,https://inaturalist-open-data.s3.amazonaws.com/photos/549083830/large.jpg,1822a75c8c4110beb4f015c34938551d0416153c9ab0034e87b4c24ce28f1e19,train
badger,inaturalist,272822429,490834937,cc-by-nc,https://inaturalist-open-data.s3.amazonaws.com/photos/490834937/large.jpg,281cebb058b6a1164aa784ee3b87cf8203fe19a077cb52ae7be96f383d293987,train
badger,inaturalist,272822429,490834897,cc-by-nc,https://inaturalist-open-data.s3.amazonaws.com/photos/490834897/large.jpg,f74fdc804e3f7546b8dce9ca23dd1e4e0ef741e11e545fa97294f18c49221ce9,train
badger,inaturalist,338549784,615708264,cc-by,https://inaturalist-open-data.s3.amazonaws.com/photos/615708264/large.jpg,559c8f722b541c50c8cb97bffb6c5ce78d8cd751a89f8cc5c4c6722fc855fd13,val
badger,inaturalist,338549784,615708267,cc-by,https://inaturalist-open-data.s3.amazonaws.com/photos/615708267/large.jpg,df4065383ae5ec89a813e17f3e250d9a7f0565d800b4e7256e1374288fef8ff0,val
badger,inaturalist,338549784,615708272,cc-by,https://inaturalist-open-data.s3.amazonaws.com/photos/615708272/large.jpg,20811ca4e59b7856ac73c476ee164aeee5ffaf683707256b751ebaea6095e338,val
badger,inaturalist,327134518,592599909,cc0,https://inaturalist-open-data.s3.amazonaws.com/photos/592599909/large.jpg,6fae0d0f02af4a5295a2b48852a3c3bbab1adc3c663c9a89fd244b9d197c0dfa,test
badger,inaturalist,327134518,592599939,cc0,https://inaturalist-open-data.s3.amazonaws.com/photos/592599939/large.jpg,b3203536e840aac3ffc28f60d57886fedcd263f1b44aeb58556e99d476c90412,test
badger,inaturalist,327134518,592599961,cc0,https://inaturalist-open-data.s3.amazonaws.com/photos/592599961/large.jpg,934d2a4b0b2385df67763a309add705c9321990111bf08efb16ae344fc073985,test
badger,inaturalist,327134518,592599976,cc0,https://inaturalist-open-data.s3.amazonaws.com/photos/592599976/large.jpg,89b2e2a1adc47fcd291f84c6d7be25025932b4594492416f898037118a6d27d9,test
badger,inaturalist,327134518,592599995,cc0,https://inaturalist-open-data.s3.amazonaws.com/photos/592599995/large.jpg,82f66643cff9893e575d703a04be0f3307eec7def404b57c02e79e1fb1553a20,test
badger,inaturalist,327134518,592600017,cc0,https://inaturalist-open-data.s3.amazonaws.com/photos/592600017/large.jpg,fadb0f592394a3803eae2bccdc8d53e401a3908bb0b373fa895c1f53beed70a9,test
badger,inaturalist,327134518,592600048,cc0,https://inaturalist-open-data.s3.amazonaws.com/photos/592600048/large.jpg,f37764407e845697a1e587d05c04b66e92299db2e6d57efbe60c5a22dc13ae30,test
badger,inaturalist,302406163,544997216,cc-by-nc,https://inaturalist-open-data.s3.amazonaws.com/photos/544997216/large.jpg,5cf82ca8ac3025ce0b79ee8291008747750e8a69536ee00baf5ae72b7488faa4,train
badger,inaturalist,302406163,544997246,cc-by-nc,https://inaturalist-open-data.s3.amazonaws.com/photos/544997246/large.jpg,ad9fe317135c67e1256916108b33fb8b246853dc99429756799455f850eb5403,train
badger,inaturalist,302406163,544997265,cc-by-nc,https://inaturalist-open-data.s3.amazonaws.com/photos/544997265/large.jpg,b645f78492c8e470ae3ef746ef04e783e95b8a244197281aeaeac2db6f86fbf2,train
badger,inaturalist,277878581,498951010,cc0,https://inaturalist-open-data.s3.amazonaws.com/photos/498951010/large.jpeg,a6b0e2cc631deb154c6f1ebf17dc572b3fa1bc39d450b390654793a743be1167,train
badger,inaturalist,326347308,591034713,cc-by-nc,https://inaturalist-open-data.s3.amazonaws.com/photos/591034713/large.jpg,f79648c16e0e83690788004ff679c5f204740a5a31a36b652ce675a0a5aa9d86,train
badger,inaturalist,311356381,562047643,cc-by,https://inaturalist-open-data.s3.amazonaws.com/photos/562047643/large.jpg,edc0951066b7fbca56fb32231dc7a53162253b8cebf348f775d2c48e7b108a1f,train
badger,inaturalist,311356381,562047658,cc-by,https://inaturalist-open-data.s3.amazonaws.com/photos/562047658/large.jpg,bc199dc5b2bb3b6f646d8c7ac3cc7fe3c86dad42a714268bbc281a8771447768,train
badger,inaturalist,311356381,562047659,cc-by,https://inaturalist-open-data.s3.amazonaws.com/photos/562047659/large.jpg,14613c239495655a2a0463910648d5b9d1a642a5fe3afce90218bb0687a88c44,train
badger,inaturalist,267227424,480205105,cc-by,https://inaturalist-open-data.s3.amazonaws.com/photos/480205105/large.jpeg,2416bf1db0aec5cff6c1e8614c212190783a1f2958cf63b0e8ec205ed8b00c06,train
badger,inaturalist,267227424,480205143,cc-by,https://inaturalist-open-data.s3.amazonaws.com/photos/480205143/large.jpeg,0f705168e9cd6ac4996d296e7cc6be26b19177bb4e9927748a65525baccbf27d,train
badger,inaturalist,293825473,528818427,cc-by,https://inaturalist-open-data.s3.amazonaws.com/photos/528818427/large.jpg,3895169e759d52e137c285423aa0ea8bb753fe640a750ed20f49668ffbf7c8dd,train
badger,inaturalist,297231996,535282677,cc-by,https://inaturalist-open-data.s3.amazonaws.com/photos/535282677/large.jpg,da7c09ac4260f76db4df14bc2bba1427a933dbc626d45a1d68499df0ac8a2609,train
badger,inaturalist,297231996,535282823,cc-by,https://inaturalist-open-data.s3.amazonaws.com/photos/535282823/large.jpg,073097ad17569601bc793eaa3115ba95ac451b90f9028a1b66be76a4eefaaf5e,train
badger,inaturalist,297231996,535282830,cc-by,https://inaturalist-open-data.s3.amazonaws.com/photos/535282830/large.jpg,81611607fb92fd7cf12be3c6265922ba50f230a77f6b9d1fa19bb901ab075305,train
badger,inaturalist,281746783,506149284,cc-by-nc,https://inaturalist-open-data.s3.amazonaws.com/photos/506149284/large.jpg,3b49fa954b9a215575d0de563ec2bb2701d59d76264fe447f3626175387cc326,val
badger,inaturalist,328517319,595312661,cc-by-nc,https://inaturalist-open-data.s3.amazonaws.com/photos/595312661/large.jpg,2c24b4f4bb8472f90715719bc69a91f675ee579223b1dfbb258ccff49bc75bc1,train
badger,inaturalist,328517319,595312619,cc-by-nc,https://inaturalist-open-data.s3.amazonaws.com/photos/595312619/large.jpg,e95a377abed440c4223b79e8616f26b771352cc9a902282962ec79f9b22f221c,train
badger,inaturalist,328517319,595312620,cc-by-nc,https://inaturalist-open-data.s3.amazonaws.com/photos/595312620/large.jpg,9a51bff6ae8c18e036aae1346eac4b07f9f6151b0998e28691acee9d22f3b540,train
badger,inaturalist,277878629,498952082,cc0,https://inaturalist-open-data.s3.amazonaws.com/photos/498952082/large.jpeg,e3ff964719a02885104b3f205665e2524ed00f5efa71c6e02a1dd9a4cbc2d6a7,val
badger,inaturalist,298624331,537927535,cc-by-nc,https://inaturalist-open-data.s3.amazonaws.com/photos/537927535/large.jpg,336300d3da639ed52c2e1b50ef093e6d9f26aa015d0b4caaa850827cbb68b5b7,train
badger,inaturalist,255529283,457934591,cc-by-nc,https://inaturalist-open-data.s3.amazonaws.com/photos/457934591/large.png,20fc347f0443e3b940bc02dea44dd253ee0383bc8d3ace1875467bba8545faf0,train
badger,inaturalist,317840654,574375023,cc-by-nc,https://inaturalist-open-data.s3.amazonaws.com/photos/574375023/large.jpg,44ecba1fed0d77c340e23786120bc73c775aae39338f890eeac8e561a6f34a65,train
badger,inaturalist,277878474,498950062,cc0,https://inaturalist-open-data.s3.amazonaws.com/photos/498950062/large.jpeg,13167921ed1d0d7f91fe34b02d969b47b5b8c0ed2f667bab59d5a9df7c46a658,val
badger,inaturalist,339154639,616902820,cc-by-nc,https://inaturalist-open-data.s3.amazonaws.com/photos/616902820/large.jpg,f9355e40f29c2c4fe9c6a77878779dee231e47156e5f6fb6ac5d89a575c7ecf0,train
badger,inaturalist,260936327,468687109,cc-by-nc,https://inaturalist-open-data.s3.amazonaws.com/photos/468687109/large.png,d3104ef1e5cea27217878542d44db073977989cb97c91ada26b34ddbd114e394,train
badger,inaturalist,307703379,555049672,cc-by-nc,https://inaturalist-open-data.s3.amazonaws.com/photos/555049672/large.jpg,bd7e83f1af3d4abcc8f307104a946a58ea00650d55f283224f55ce209f275906,train
badger,inaturalist,307703379,555049702,cc-by-nc,https://inaturalist-open-data.s3.amazonaws.com/photos/555049702/large.jpg,0a0cb720d74343a1bd9c8312a0599da42818767104c4f147c135258778d87095,train
badger,inaturalist,307703379,555049725,cc-by-nc,https://inaturalist-open-data.s3.amazonaws.com/photos/555049725/large.jpg,691962071533f2d26bff428b7675fc3ba0d4fe5f99cb4b3c97fc221b5ef5773a,train
badger,inaturalist,310579273,560550742,cc-by-nc,https://inaturalist-open-data.s3.amazonaws.com/photos/560550742/large.jpg,c0031354ee507bac4aa8674a36bc754cc7143124654c0934c7c15302c66e111f,val
badger,inaturalist,339154623,616902815,cc-by-nc,https://inaturalist-open-data.s3.amazonaws.com/photos/616902815/large.jpg,f2bc2478cf82f33209a736460cb2cde63a759fbe454f89f38a5bbae1b100ae6f,train
badger,inaturalist,256009908,458907223,cc-by-nc,https://inaturalist-open-data.s3.amazonaws.com/photos/458907223/large.jpg,ba9bfeda18cdde64ba412d5a3af7db92908807758feaf1a833c7cdc5a5f6eede,train
badger,inaturalist,256009908,458907253,cc-by-nc,https://inaturalist-open-data.s3.amazonaws.com/photos/458907253/large.jpg,d0a345d415bde3d109ec002488b86c1717c8e1ff268d9b90d71456313aa8416c,train
badger,inaturalist,256009908,458907274,cc-by-nc,https://inaturalist-open-data.s3.amazonaws.com/photos/458907274/large.jpg,8dffed86287f0ca253e54f7ba161fb5021d778655ab4df8f2e2a98354d59aa8c,train
badger,inaturalist,256009908,458907295,cc-by-nc,https://inaturalist-open-data.s3.amazonaws.com/photos/458907295/large.jpg,a86883cea5cb732ae9c06e2bfb37b56cfb4736fb62d529e3c961ea4cd530243b,train
badger,inaturalist,314902451,568808919,cc-by,https://inaturalist-open-data.s3.amazonaws.com/photos/568808919/large.jpg,d774cf18aa9bc823caf5ad905eb53768436151d95c17eccfee64178a83bf6500,val
badger,inaturalist,314902451,568808932,cc-by,https://inaturalist-open-data.s3.amazonaws.com/photos/568808932/large.jpg,f7339784d87380f56b4263bbddbb44800c04200eb5432e50d53f833c9f24dee1,val
badger,inaturalist,314902451,568808942,cc-by,https://inaturalist-open-data.s3.amazonaws.com/photos/568808942/large.jpg,eac888a62eed65e1622d70d83464fd72bbe1fc2c8e6f97159060128e03db2485,val
badger,inaturalist,314902451,568808955,cc-by,https://inaturalist-open-data.s3.amazonaws.com/photos/568808955/large.jpg,6e3e86807a12ffb7c604b5860eb56ba1913d67a95e68210391b0cba897e7821b,val
badger,inaturalist,314902451,568808979,cc-by,https://inaturalist-open-data.s3.amazonaws.com/photos/568808979/large.jpg,f3999935a282f86a2352b63607e158e3f5571d80051b4b4fa8414c2013a868b9,val
badger,inaturalist,289801054,521272108,cc-by-nc,https://inaturalist-open-data.s3.amazonaws.com/photos/521272108/large.jpg,4815730291139f10458add828e8506e552f54d76f4d7b1b2ae608477c863aada,test
badger,inaturalist,290520640,522639477,cc-by-nc,https://inaturalist-open-data.s3.amazonaws.com/photos/522639477/large.jpg,c1e54d4596a65f7f883e2b45b42233bcc9bfc111a01d899bdfc972f813b4d5f7,train
badger,inaturalist,268128560,481923589,cc-by,https://inaturalist-open-data.s3.amazonaws.com/photos/481923589/large.jpeg,8bf317705c2b36b329a80d69a77e70e6e85e66cf407b27bc1f555d65a87d872a,train
badger,inaturalist,319331393,577229309,cc-by-nc,https://inaturalist-open-data.s3.amazonaws.com/photos/577229309/large.jpg,89344fd1aaa656c02633741f686e7b5cbd9f40fe453bddb462a4061f73daedf5,test
badger,inaturalist,262975141,472342008,cc-by-nc,https://inaturalist-open-data.s3.amazonaws.com/photos/472342008/large.jpeg,9d94dadac4769933a15512f547ffe3f08b29f4b73a323b1a0de6851d234aa6a8,train
badger,inaturalist,315910391,570728402,cc-by,https://inaturalist-open-data.s3.amazonaws.com/photos/570728402/large.jpg,ba444d6dee8213e7048697d0ec513c6d35e441641012661d21f639f070b7f33f,train
badger,inaturalist,315910391,570728427,cc-by,https://inaturalist-open-data.s3.amazonaws.com/photos/570728427/large.jpg,69e79f504ee7cfb64c823325dc1d675f5a379bfd09f957b7107047b4a49c6262,train
badger,inaturalist,315910391,570728450,cc-by,https://inaturalist-open-data.s3.amazonaws.com/photos/570728450/large.jpg,55fddd0dad5e1503a976c8e527d159db3f97ccdcb956f0e637639173e5cc4e7b,train
badger,inaturalist,282440101,507435589,cc-by-nc,https://inaturalist-open-data.s3.amazonaws.com/photos/507435589/large.jpg,305c67a91ffb3786f1bd8e29a8d074cd9b6d0b92c9220e02f717a7d499efe2c1,test
badger,inaturalist,277878448,498949739,cc0,https://inaturalist-open-data.s3.amazonaws.com/photos/498949739/large.jpeg,20fee2213128d9d0bae10524a2a4b40aaf49021da66271eb2f8a2833f79d2199,train
badger,inaturalist,311356378,562044806,cc-by,https://inaturalist-open-data.s3.amazonaws.com/photos/562044806/large.jpg,2e0f76f757bf759ea357d1d0df0df183da1c71bd5faaee75964a37a58f7be006,train
badger,inaturalist,311356378,562044813,cc-by,https://inaturalist-open-data.s3.amazonaws.com/photos/562044813/large.jpg,38c599ced3d98fe7715762fc2851122d06755101390cb84b3543624f1e4e27db,train
badger,inaturalist,273643795,492127142,cc-by-nc,https://inaturalist-open-data.s3.amazonaws.com/photos/492127142/large.jpg,5835a9597bed98b82a2049e25c4a9df21c44f5a3ecfb1cc6a3febe7324d7b534,train
badger,inaturalist,273643795,492127273,cc-by-nc,https://inaturalist-open-data.s3.amazonaws.com/photos/492127273/large.jpg,a0a7e552ae20ebb43200390f4ec10e568878e06faf7d558d99ab134cd053b6a3,train
badger,inaturalist,273643795,492127313,cc-by-nc,https://inaturalist-open-data.s3.amazonaws.com/photos/492127313/large.jpg,81a6f7031701e59f8a3740f70e0fe5a8859a10b6c202037e13b84422d178bf01,train
badger,inaturalist,303676179,549076624,cc-by-nc,https://inaturalist-open-data.s3.amazonaws.com/photos/549076624/large.jpg,093a2a8454695e5cf3a0291b22e7ed42415d82c7cc60407bb80f89d4e652f8f2,test
badger,inaturalist,303676179,549076636,cc-by-nc,https://inaturalist-open-data.s3.amazonaws.com/photos/549076636/large.jpg,f654bcb4374ca2bffee0f9f56cf42161467295527c56465632385a2852f22e01,test
badger,inaturalist,303676179,547370875,cc-by-nc,https://inaturalist-open-data.s3.amazonaws.com/photos/547370875/large.jpg,d3bcc9121a3510419130a203c699ce4f0cdc49b561858d1f026f73b6edb806e0,test
badger,inaturalist,303676179,547370979,cc-by-nc,https://inaturalist-open-data.s3.amazonaws.com/photos/547370979/large.jpg,56fee1dd29ae94bd35ca7addbf232c36ca50ba1f1515761d9d43d63e94a2d59f,test
badger,inaturalist,303676179,547371111,cc-by-nc,https://inaturalist-open-data.s3.amazonaws.com/photos/547371111/large.jpg,5aa3f0d398ce67ba702fa44c1e1bb129feec00ca8f40291c30ccf8d6ad93d31b,test
badger,inaturalist,303676179,547371388,cc-by-nc,https://inaturalist-open-data.s3.amazonaws.com/photos/547371388/large.jpg,63a8cc889c7c84be6b95320ed45f0e35039f2be6c98f727e2fa4e134b80f89e4,test
badger,inaturalist,303676179,547371567,cc-by-nc,https://inaturalist-open-data.s3.amazonaws.com/photos/547371567/large.jpg,7a06322bcf952c15e128439c45ffd6d6d1cf25684b7de71cf51fc280d522848b,test
badger,inaturalist,303676179,547371642,cc-by-nc,https://inaturalist-open-data.s3.amazonaws.com/photos/547371642/large.jpg,a8e3d9f9fed2811a6ae0781c49c3a1d7da9d4ddcb9e5d5c025fd629ab080a373,test
badger,inaturalist,277878634,498952147,cc0,https://inaturalist-open-data.s3.amazonaws.com/photos/498952147/large.jpeg,459abacebe814ff07b780ec08044a606019d40552e31f61577dbf0b235e1972c,train
badger,inaturalist,313050013,568961361,cc-by-nc,https://inaturalist-open-data.s3.amazonaws.com/photos/568961361/large.jpg,7bfa735c1def0176ae072427aa9b76a476ba9494909661e30133adeb1d3edb66,train
badger,inaturalist,301448269,543209090,cc-by-nc,https://inaturalist-open-data.s3.amazonaws.com/photos/543209090/large.jpg,ca7182662c4c47049b8af0f900768fcde2a807d08891531028cd822b4f25d68a,train
badger,inaturalist,309797958,559074605,cc-by-nc,https://inaturalist-open-data.s3.amazonaws.com/photos/559074605/large.jpg,3c568530783cd5d636d23f0dadd831c73da2d7bbaa29f69d64fbf5f77b911053,train
badger,inaturalist,273332664,491619876,cc-by,https://inaturalist-open-data.s3.amazonaws.com/photos/491619876/large.jpeg,19162bf39cd2ebeb0874f7cdd16a6e53497e2225ccca4f0568ada3b0bf4e58be,train
badger,inaturalist,303792779,547572719,cc-by,https://inaturalist-open-data.s3.amazonaws.com/photos/547572719/large.jpg,a3e85e5a4912a0ce8d0ef04ead7728f97785472cd58d9ff3bbf734a57fd98290,train
badger,inaturalist,303792779,547572749,cc-by,https://inaturalist-open-data.s3.amazonaws.com/photos/547572749/large.jpg,cea4dd12542b41975dc689387563d737d4963cdd3295adbdee57048ebdbaa932,train
badger,inaturalist,303792779,547572722,cc-by,https://inaturalist-open-data.s3.amazonaws.com/photos/547572722/large.jpg,5e72aec599db1251ed6ec0e346f071ebe049bffe174911fe651643d2cf75b136,train
badger,inaturalist,303792779,547572714,cc-by,https://inaturalist-open-data.s3.amazonaws.com/photos/547572714/large.jpg,a6201b26aa9e977c0646b5b65b780a56883e2970480a09f1a4900d99e1bb8022,train
badger,inaturalist,254550521,455970039,cc-by,https://inaturalist-open-data.s3.amazonaws.com/photos/455970039/large.jpg,ffbfd65cdf1ec08bea2cdacccafcfdf26af0e1badde091f70c6134d765b9dc17,val
badger,inaturalist,277878605,498951880,cc0,https://inaturalist-open-data.s3.amazonaws.com/photos/498951880/large.jpeg,a19c735d76c5648ccc7ad55c11258eb9d10b83ccbc4e3b57ed4c100bbef8f2a5,train
badger,inaturalist,277878582,498951066,cc0,https://inaturalist-open-data.s3.amazonaws.com/photos/498951066/large.jpeg,e6cd9be3c9cb7745959b4555a9f40c1db0c76223ede318e5d2c134da702470ef,val
badger,inaturalist,291904771,525239015,cc-by,https://inaturalist-open-data.s3.amazonaws.com/photos/525239015/large.jpg,40d0ab486d6274e3626db4bf96d3845879f83ed6648b58d469b905a720c47b6b,train
badger,inaturalist,316953210,572694407,cc-by,https://inaturalist-open-data.s3.amazonaws.com/photos/572694407/large.jpg,a6ab32d55b9795b07bdb239ab8b6b792f4d96f05d2dfdc01a5d54a098e6db1cf,train
badger,inaturalist,339153983,616902534,cc-by-nc,https://inaturalist-open-data.s3.amazonaws.com/photos/616902534/large.jpg,99f8ae1a5b595a5fc30d102a505637fa3cd7fbc96c50c0965a81fde0e21710aa,train
badger,inaturalist,264572450,475085218,cc-by-nc,https://inaturalist-open-data.s3.amazonaws.com/photos/475085218/large.png,37b07bba926589fd8eb8c1eac4669797fcfdad4cdcefe8176475a74c9461d5e6,train
badger,inaturalist,312282035,563799079,cc-by-nc,https://inaturalist-open-data.s3.amazonaws.com/photos/563799079/large.jpg,6b46b6074a5f89e1fabbffa8912a0cd4cad31295bf13b787abb191927f1bbd6b,val
badger,inaturalist,277878502,498950369,cc0,https://inaturalist-open-data.s3.amazonaws.com/photos/498950369/large.jpeg,6005c15522cb483cdf15aa70231d500532913d12840a73610ed382feae203382,train
badger,inaturalist,312465308,564156707,cc-by,https://inaturalist-open-data.s3.amazonaws.com/photos/564156707/large.jpg,d1d0eed1078202ea4fe86c49f79a2b418413ad36ab50392ee8a875b3a4dfd1c0,train
badger,inaturalist,338895115,616385170,cc-by-nc,https://inaturalist-open-data.s3.amazonaws.com/photos/616385170/large.jpg,ddd776802bad03aba744b954a40b64cebf58ed07126922d7e184001236a278e1,train
badger,inaturalist,338895115,616385205,cc-by-nc,https://inaturalist-open-data.s3.amazonaws.com/photos/616385205/large.jpg,90491028e8e6cb713d1d29e5e28e6c82b75c42c91ba018643539220bf94f718d,train
badger,inaturalist,334220291,606892849,cc0,https://inaturalist-open-data.s3.amazonaws.com/photos/606892849/large.jpg,5585fa1b9baebba5d338eb725018b9f482722fd02d3c62ca9dff127fdb016032,val
badger,inaturalist,334220291,606892862,cc0,https://inaturalist-open-data.s3.amazonaws.com/photos/606892862/large.jpg,558cb6bb3fbb58e705b85125938290bc49dba5aac988caf512aedeff45fc524f,val
badger,inaturalist,334220291,606892878,cc0,https://inaturalist-open-data.s3.amazonaws.com/photos/606892878/large.jpg,f9b7b593922f95e3a78949df84febf5b249a2396160eb36912c1003426d84da7,val
badger,inaturalist,334220291,606892895,cc0,https://inaturalist-open-data.s3.amazonaws.com/photos/606892895/large.jpg,f15fc64a9ff7b7950aab014c8373e9638a9bdc0787fc0b121fddf7a072eae367,val
badger,inaturalist,334220291,606892911,cc0,https://inaturalist-open-data.s3.amazonaws.com/photos/606892911/large.jpg,54958418d70e0cae0b8748060869b4964dd4e88830d5cd4e2d759b0a0a78ef41,val
badger,inaturalist,334609583,607690237,cc-by-nc,https://inaturalist-open-data.s3.amazonaws.com/photos/607690237/large.jpg,cb5215d36d3d83ba766b4d069618a198282aaf1753a5bd86f4ea645427a2ec46,train
badger,inaturalist,264094350,475005025,cc-by,https://inaturalist-open-data.s3.amazonaws.com/photos/475005025/large.jpeg,19860ab92a08dfa56d9c553e8f148d3a161e009492131d920c1112ec4880858a,train
badger,inaturalist,319332161,577230929,cc-by-nc,https://inaturalist-open-data.s3.amazonaws.com/photos/577230929/large.jpg,0e40d3bc8b31ddc58962af56f3cd02fbc2dcd7bec67b95c1088066196004195a,train
badger,inaturalist,335385888,609266731,cc0,https://inaturalist-open-data.s3.amazonaws.com/photos/609266731/large.jpg,0431150657d849af1745aa1672f52daede00551213b0a4c696ab0fd7928c19e5,train
badger,inaturalist,265996160,477872130,cc-by,https://inaturalist-open-data.s3.amazonaws.com/photos/477872130/large.jpg,0475a530dafad6709d4428c8a9f2997190951d56b100e3c2aaebfeabf053150a,train
badger,inaturalist,304939387,549771405,cc-by-nc,https://inaturalist-open-data.s3.amazonaws.com/photos/549771405/large.jpg,84b23030749c23612e74417a213ae35bcb3e370bed574e2df208f5702b590daf,train
badger,inaturalist,264669105,475275517,cc-by-nc,https://inaturalist-open-data.s3.amazonaws.com/photos/475275517/large.jpeg,f271fa9c34549c97bc2101be108591394c0f351ff613f34eab10f930ea383003,train
badger,inaturalist,264669105,475275545,cc-by-nc,https://inaturalist-open-data.s3.amazonaws.com/photos/475275545/large.jpeg,6ee5437f3b58c6b1098c8723236e5a2d28182937330de40950a969a9c9dc72b9,train
badger,inaturalist,260797816,468414838,cc-by-nc,https://inaturalist-open-data.s3.amazonaws.com/photos/468414838/large.jpeg,7dc91b1f5bebe3ab5f694bf1e4dc486bb57bb24301c037baef1c49e43d35af81,train
badger,inaturalist,260797816,468414848,cc-by-nc,https://inaturalist-open-data.s3.amazonaws.com/photos/468414848/large.jpeg,c57248891f60c50da78a6c3121ff5fac42a917a82f3bbc7660151192e81b5700,train
badger,inaturalist,260797816,468414855,cc-by-nc,https://inaturalist-open-data.s3.amazonaws.com/photos/468414855/large.jpeg,79b48610eb927008aa8fd344147da50168a42e78bd0d8db4bda5e8ed58dcabc3,train
badger,inaturalist,260797816,468414866,cc-by-nc,https://inaturalist-open-data.s3.amazonaws.com/photos/468414866/large.jpeg,de2ebe1a30b26bc06a5708ba615479b70aedefbc6b2c7f51488a3970d1d92517,train
badger,inaturalist,297978025,536683906,cc-by,https://inaturalist-open-data.s3.amazonaws.com/photos/536683906/large.jpg,52ea9188ed5c63a7e304859eefe115e904df8a2b0ccf3d442bec41347946b833,test
badger,inaturalist,262975098,472341899,cc-by-nc,https://inaturalist-open-data.s3.amazonaws.com/photos/472341899/large.jpeg,605a9c2a2e3fb4d0c2f27863483286382e9f3919eece2e643c7aa1068b47a484,train
badger,inaturalist,305136663,550140934,cc-by,https://inaturalist-open-data.s3.amazonaws.com/photos/550140934/large.jpg,3834b9ca3de4554de84e5dc202f3ba1c1d0f52739fd37c31171014b8f724b9e5,train
badger,inaturalist,305136663,550140959,cc-by,https://inaturalist-open-data.s3.amazonaws.com/photos/550140959/large.jpg,c1df362e0e5e40ab59ccb1512d54b5144fb20e91f1345791b232812fd5195be4,train
badger,inaturalist,264569220,475078827,cc-by-nc,https://inaturalist-open-data.s3.amazonaws.com/photos/475078827/large.png,abb054fe35e5cbdb84bd9f2296b2ecdbb5107807195739d13c987c863d3c72b9,train
badger,inaturalist,319331525,577229629,cc-by-nc,https://inaturalist-open-data.s3.amazonaws.com/photos/577229629/large.jpg,55b73150fe9b2f41d4a656dc336948767cd5244550f47567837a0e3ef7d44cb1,test
badger,inaturalist,277878571,498950871,cc0,https://inaturalist-open-data.s3.amazonaws.com/photos/498950871/large.jpeg,7808c1aea46fa3f315c70c606130a7a4d9f0ed85238f482a572d940f481178e6,train
badger,inaturalist,329443759,597178706,cc-by-nc,https://inaturalist-open-data.s3.amazonaws.com/photos/597178706/large.jpg,d68296ef8c401e78f98fff1ba83e3b5ebddc0fab08eb2f2d7ab661c2c08cbbb3,train
badger,inaturalist,263270555,472932581,cc-by-nc,https://inaturalist-open-data.s3.amazonaws.com/photos/472932581/large.jpeg,803d0a0897f580e35837a0ebbb25027c79ad4878af61a3822ce9150fdb741fb7,train
badger,inaturalist,263270555,472932574,cc-by-nc,https://inaturalist-open-data.s3.amazonaws.com/photos/472932574/large.jpeg,6ba41d65816523ee8815d6b5fe6cacb202c662ad99c2c2d39e0cb3035ec45393,train
badger,inaturalist,277878526,498950522,cc0,https://inaturalist-open-data.s3.amazonaws.com/photos/498950522/large.jpeg,5ff124d5a94574b01561dec218dc8ef83846635366568aad29e056354e865c1f,val
badger,inaturalist,297753257,536263241,cc-by,https://inaturalist-open-data.s3.amazonaws.com/photos/536263241/large.jpg,c25fb780aa36d5df7850d3c374d768bfe51d291fc184061bec15ca258ac29787,test
badger,inaturalist,262854422,472096680,cc-by-nc,https://inaturalist-open-data.s3.amazonaws.com/photos/472096680/large.jpeg,c3eff17b5f0e658a9480a8cd578f9393d5efcef421489bb6a31c02c8f9effab1,train
badger,inaturalist,301589332,543467853,cc-by-nc,https://inaturalist-open-data.s3.amazonaws.com/photos/543467853/large.jpg,2396eaeca9df1366be977d9f9893638f7600d31c069164c705a8ff9fcd5d18c4,train
badger,inaturalist,265181868,476278772,cc-by-nc,https://inaturalist-open-data.s3.amazonaws.com/photos/476278772/large.jpg,628fdd5bf9f0c5304902d7c063ac114bc21f78de99746835fb2890f2c5d04935,train
badger,inaturalist,265181868,476278913,cc-by-nc,https://inaturalist-open-data.s3.amazonaws.com/photos/476278913/large.jpg,445949465e7b39dbc9fcc3d9fdfd3aaddbd27fa20d9150256d7e4d221b73fa51,train
badger,inaturalist,302502589,545171228,cc-by,https://inaturalist-open-data.s3.amazonaws.com/photos/545171228/large.jpg,2f5cfbbe92e9c773be4e6233e08591ecb7ba0edd6f50a43ecbb3673f15a794f0,val
badger,inaturalist,302502589,545171246,cc-by,https://inaturalist-open-data.s3.amazonaws.com/photos/545171246/large.jpg,132230cfacf3f1004cbe4bae53becc7db984f85a0cf29983a9a80c03694884de,val
badger,inaturalist,302502589,545171263,cc-by,https://inaturalist-open-data.s3.amazonaws.com/photos/545171263/large.jpg,187b70e7d4ea1678164256c31f746de19bcd269f9f3b278d638651c57bdff362,val
badger,inaturalist,339153799,616902334,cc-by-nc,https://inaturalist-open-data.s3.amazonaws.com/photos/616902334/large.jpg,213a21da8f3aece68c4d22e268ec8d06c3ee67ec81dadcf6764c79ed65570ad0,test
badger,inaturalist,322009191,582448366,cc-by,https://inaturalist-open-data.s3.amazonaws.com/photos/582448366/large.jpg,bd5cce68f6a133eb02aecf7e49aa7b0e54bdf472821fd8a35d425e59ee69fc67,train
badger,inaturalist,304177625,548326078,cc-by-nc,https://inaturalist-open-data.s3.amazonaws.com/photos/548326078/large.jpg,4c90a48e978b39bd80053d711e78b9bf96f4f89bccfb3582c6445a3a5c27f931,train
badger,inaturalist,255527574,457931976,cc-by-nc,https://inaturalist-open-data.s3.amazonaws.com/photos/457931976/large.png,5cb6d3c4bd0c1313445672e3b6b5ac68bab78da561a46943900e1805c14b2afa,train
badger,inaturalist,301475959,543261115,cc-by,https://inaturalist-open-data.s3.amazonaws.com/photos/543261115/large.jpg,a852d6af7300e18b79f9d05057cbe008c522f6af5a75d94e081bb34512ad127d,train
badger,inaturalist,304579880,549084060,cc-by-nc,https://inaturalist-open-data.s3.amazonaws.com/photos/549084060/large.jpg,1cade840b3aa86582a264a98d546fd1bfa45adaee67c80d084bbf8f4fb0e078d,test
badger,inaturalist,304579880,549084176,cc-by-nc,https://inaturalist-open-data.s3.amazonaws.com/photos/549084176/large.jpg,91e40163a7c57df5af7949e1352f0bcae6e664f2bf051176092183dc9f232bde,test
badger,inaturalist,304579880,549084182,cc-by-nc,https://inaturalist-open-data.s3.amazonaws.com/photos/549084182/large.jpg,59837395e7f5969bd6082fadb33a036b0aba15dcf23295ee0d496b99d2ef104d,test
badger,inaturalist,258505732,463819886,cc-by-nc,https://inaturalist-open-data.s3.amazonaws.com/photos/463819886/large.jpg,f8d0f487b536b6c54c131e63f8af948c1c1a17d10c1c9a67880e337a07609e6f,train
badger,inaturalist,339154907,616902902,cc-by-nc,https://inaturalist-open-data.s3.amazonaws.com/photos/616902902/large.jpg,4da623ff8d1c04f746bd384cc0de3f546ee45bd079199f8f7ff3a3189e0f7cc0,train
badger,inaturalist,335123047,608738206,cc-by,https://inaturalist-open-data.s3.amazonaws.com/photos/608738206/large.jpg,e21e80b7aa6de1f7fad6f9165d9f2b101eeddb829e87859d0e4767f8a1d25b13,train
badger,inaturalist,294035979,529219772,cc-by,https://inaturalist-open-data.s3.amazonaws.com/photos/529219772/large.jpg,8f1feab8d6d2c889eae36e0660827f34502eaf46221f0b388e221634cffe8e9a,train
badger,inaturalist,294035979,529219820,cc-by,https://inaturalist-open-data.s3.amazonaws.com/photos/529219820/large.jpg,d760e5e5a87c88426d72aec3e0753d8818b49e46e8b793f054bbd896766564f7,train
badger,inaturalist,276773720,497000530,cc-by,https://inaturalist-open-data.s3.amazonaws.com/photos/497000530/large.jpeg,549a22f8444386f83436714c8a8a71fe443e4a15c3a5d0b164830e4dfe5b8a56,train
badger,inaturalist,303792777,547570840,cc-by,https://inaturalist-open-data.s3.amazonaws.com/photos/547570840/large.jpg,6fc4fffad1974327d421b1e53d1200cb09b82f677428114df123c94ea67b9ffe,train
badger,inaturalist,303792777,547570837,cc-by,https://inaturalist-open-data.s3.amazonaws.com/photos/547570837/large.jpg,97b1c3215585563effe30ccbee797ff849d221276e052a2aa5007dc9a56266eb,train
badger,inaturalist,303792777,547570844,cc-by,https://inaturalist-open-data.s3.amazonaws.com/photos/547570844/large.jpg,2ca38291b408e113b8a04eed58a8ac4df5d8af8ce6b4d066b77d073146de608d,train
badger,inaturalist,303792777,547570862,cc-by,https://inaturalist-open-data.s3.amazonaws.com/photos/547570862/large.jpg,7785885eaa367a3ff2a81a07a724b5a13d5e3c218f607ac3b5156dc430f7d0c7,train
badger,inaturalist,255527573,457931974,cc-by-nc,https://inaturalist-open-data.s3.amazonaws.com/photos/457931974/large.png,a2461ffd1ce8d2ab29c1fa1fd5adaedb9e4f195e550935d2cae7ab98a9348fc9,val
badger,inaturalist,311130586,561616288,cc-by-nc,https://inaturalist-open-data.s3.amazonaws.com/photos/561616288/large.jpg,d80ad83d8eb15ba52762a1a6582de3ae227f36f42fff9749b237445561584613,train
badger,inaturalist,297729819,536217652,cc-by,https://inaturalist-open-data.s3.amazonaws.com/photos/536217652/large.jpg,d60b51713e87394e312854572341359baa6d80cfd925ea6bafc8cef5f352d9bc,train
badger,inaturalist,311347504,562028267,cc-by,https://inaturalist-open-data.s3.amazonaws.com/photos/562028267/large.jpg,e359c094d6a79a7c4de45b0c6996d1835b5b2abbb4574e942faf1d6589b7088a,val
badger,inaturalist,311347504,562028282,cc-by,https://inaturalist-open-data.s3.amazonaws.com/photos/562028282/large.jpg,658827fc88691103ad18e777c38e83bb3b56544b40bd1de097719969bccdc7dc,val
badger,inaturalist,268028566,481736193,cc0,https://inaturalist-open-data.s3.amazonaws.com/photos/481736193/large.jpeg,6e3d7ec150d2ca55fd6e02aa53d154b8552e84bc37d0b4dbfc440fc522922add,test
badger,inaturalist,268028566,481736192,cc0,https://inaturalist-open-data.s3.amazonaws.com/photos/481736192/large.jpeg,72a86b119de80539149ab07789aec7258194ca89e5242559de4351191b484c9d,test
badger,inaturalist,277878473,498949993,cc0,https://inaturalist-open-data.s3.amazonaws.com/photos/498949993/large.jpeg,b98e0ca9730de22264bd3914e90f4fb684f5de6a160266e86f2b41fc4ce6c4b7,train
badger,inaturalist,304579878,549083855,cc-by-nc,https://inaturalist-open-data.s3.amazonaws.com/photos/549083855/large.jpg,e27782167f4528e19b3733a58230711f1fea7a543cd94224e36e159509c5edcd,train
badger,inaturalist,304579878,549083912,cc-by-nc,https://inaturalist-open-data.s3.amazonaws.com/photos/549083912/large.jpg,8f3f6aed388d5846d1d1b244d1108ae65a0dd382173a7252cbfd73ec4fde12fe,train
badger,inaturalist,304579878,549083996,cc-by-nc,https://inaturalist-open-data.s3.amazonaws.com/photos/549083996/large.jpg,aca5717bbfb98a019fc1f37b15efc4ddc5eb12ffbdc51e395b1d7a7ddee95b9d,train
badger,inaturalist,252262377,451548722,cc-by-nc,https://inaturalist-open-data.s3.amazonaws.com/photos/451548722/large.jpeg,508bf55699fb0fbfaba045f428542f8353c056e91fa226c8adc3133a78801331,train
badger,inaturalist,339153844,616902472,cc-by-nc,https://inaturalist-open-data.s3.amazonaws.com/photos/616902472/large.jpg,322db364d9eea63a57e910bfc15c7bb627cc926f9c2c84743d5158c580177c1f,train
badger,inaturalist,304088283,548151760,cc-by-nc,https://inaturalist-open-data.s3.amazonaws.com/photos/548151760/large.jpg,ea755c7f4385cc3cf78bb9b83dfa06778ba6921151cb7b3e175e3ef583db6264,train
otter,inaturalist,321874014,582170780,cc-by-nc,https://inaturalist-open-data.s3.amazonaws.com/photos/582170780/large.jpg,f508e383e77080c42ca6138f069fbc9e91ec5e92118853762502112cb1a6bf8e,train
otter,inaturalist,257585264,462111312,cc0,https://inaturalist-open-data.s3.amazonaws.com/photos/462111312/large.jpg,2d963160597ca8189421ca9baa1d3777faea4340b3b8e0ab6780808b0599722f,val
otter,inaturalist,72871637,118894461,cc-by-nc,https://inaturalist-open-data.s3.amazonaws.com/photos/118894461/large.jpeg,40ca137d8e7c59e12285ba4621d3bdc621a973b666570a0cad88c850da2d513a,test
otter,inaturalist,41173702,65293228,cc-by-nc,https://inaturalist-open-data.s3.amazonaws.com/photos/65293228/large.jpg,540deca6eeb706111f863f5260118515baf7ff955ac83c83a389c8bd4f98a04e,train
otter,inaturalist,41173702,65293290,cc-by-nc,https://inaturalist-open-data.s3.amazonaws.com/photos/65293290/large.jpg,3e938756789a4ba39d9d14f906b955e28f773ae7286d56a82abaecb36aa15504,train
otter,inaturalist,41173702,65293318,cc-by-nc,https://inaturalist-open-data.s3.amazonaws.com/photos/65293318/large.jpg,d8ed4cad271748b067dbe6a35a35865b5d5cce73f706f6c407141703502966e5,train
otter,inaturalist,41173702,65293370,cc-by-nc,https://inaturalist-open-data.s3.amazonaws.com/photos/65293370/large.jpg,7e7589fbe4e9b986c4aa9fd6a5f5e0efdb96281f409b48399cd08e021021d459,train
otter,inaturalist,41173702,65293426,cc-by-nc,https://inaturalist-open-data.s3.amazonaws.com/photos/65293426/large.jpg,8097a99b37b3985e5d0198c09b20eb38f336c827608ae03d5fce727853d5ea2b,train
otter,inaturalist,145329982,249797942,cc-by-nc,https://inaturalist-open-data.s3.amazonaws.com/photos/249797942/large.jpeg,4c7f160d2dd7e123b9f8320a7d5634e9a13f5cf0df3d9455e7c1452708b0b50c,val
otter,inaturalist,298685470,538031714,cc-by-nc,https://inaturalist-open-data.s3.amazonaws.com/photos/538031714/large.jpg,7f54fa4415106678e90d6a0d5f45ced88e73a01b539d9d0c850d8a0b507e26ad,test
otter,inaturalist,298685470,538031755,cc-by-nc,https://inaturalist-open-data.s3.amazonaws.com/photos/538031755/large.jpg,1313384ac0505d6bc64483f979b378f792cb06c9cfee90ae103785898ca6c224,test
otter,inaturalist,288860282,519505922,cc-by-nc,https://inaturalist-open-data.s3.amazonaws.com/photos/519505922/large.jpg,63ffedf5569388689c3086188b1c556cace09221ab8552b9429a0b7198ed5c46,train
otter,inaturalist,288860282,519505688,cc-by-nc,https://inaturalist-open-data.s3.amazonaws.com/photos/519505688/large.jpg,32feb8cd342bdc821a5eb22042d12625375f0b0ffec791a54db36a4d0d0c16bc,train
otter,inaturalist,288860282,519505789,cc-by-nc,https://inaturalist-open-data.s3.amazonaws.com/photos/519505789/large.jpg,1170bc8b21a67109606f864ac898068ed9f776478dfb1fe79201db4d1f38d00d,train
otter,inaturalist,288860282,519505885,cc-by-nc,https://inaturalist-open-data.s3.amazonaws.com/photos/519505885/large.jpg,f21bc5182a4a7e670653e341b702d73a7582ff092eed7cef73aa2d0dad6dfac1,train
otter,inaturalist,251995787,451011557,cc-by-nc,https://inaturalist-open-data.s3.amazonaws.com/photos/451011557/large.jpeg,84a52805299205b092d408484eda2a91cac4168ce5ba930c56aa3a4abd5a3cd2,val
otter,inaturalist,269104091,483807832,cc-by-nc,https://inaturalist-open-data.s3.amazonaws.com/photos/483807832/large.jpg,52bf571ea7b9754d506ba93572b6a0a07645f957a2cc01a00663e9788c0cf1be,train
otter,inaturalist,11591671,16557996,cc-by-nc,https://inaturalist-open-data.s3.amazonaws.com/photos/16557996/large.jpg,919a53e57ede97e9789b976d41cd498dcbbbdfa1ea112f45fb53fc07caceb6a1,train
otter,inaturalist,300533428,541507913,cc-by-nc,https://inaturalist-open-data.s3.amazonaws.com/photos/541507913/large.jpg,ad20b23a7e6c12cfa6f70d3f015f18337a11c7e228210b4853c43acc0d370cd1,train
otter,inaturalist,300533428,541508392,cc-by-nc,https://inaturalist-open-data.s3.amazonaws.com/photos/541508392/large.jpg,24392ca519df7238f809c4e376a3620b8b09929db5f3d3993fd81c88b1635e29,train
otter,inaturalist,300533428,541508621,cc-by-nc,https://inaturalist-open-data.s3.amazonaws.com/photos/541508621/large.jpg,2afa157b29af3fef3ff5a6da56335782f1fa8f70e218b3f08ce25c4c1212f7e7,train
otter,inaturalist,62417197,99999860,cc-by-nc,https://inaturalist-open-data.s3.amazonaws.com/photos/99999860/large.jpeg,d600ecb416a8b4a1d335aec19150f4b0d4d3c027c8295c7c07fab0062d4fb98c,val
otter,inaturalist,62417197,99999805,cc-by-nc,https://inaturalist-open-data.s3.amazonaws.com/photos/99999805/large.jpeg,7cbbfeefb69477a132c5f8cdea015b0ed0040250e8a0dcb3b42823139fe58ae2,val
otter,inaturalist,62417197,100000406,cc-by-nc,https://inaturalist-open-data.s3.amazonaws.com/photos/100000406/large.jpeg,2384fc5bc6dc8e5591c6aa47de2b2ac45de0843783f331c6e48715bf8c2ea44c,val
otter,inaturalist,62417197,100000464,cc-by-nc,https://inaturalist-open-data.s3.amazonaws.com/photos/100000464/large.jpeg,e43bf135313d9fe30305c74a823867190926cd36ac05cba220ff3a03b917aab5,val
otter,inaturalist,62417197,100000033,cc-by-nc,https://inaturalist-open-data.s3.amazonaws.com/photos/100000033/large.jpeg,a8b134ca5d904bae9e48a87a36fbbf416690df0380ae5352d92f836dc343840d,val
otter,inaturalist,189552007,332089933,cc-by,https://inaturalist-open-data.s3.amazonaws.com/photos/332089933/large.jpeg,c128edf0cc76f26b16cbbeec851d737311a973e9338fa747449ac3d94a5c999e,test
otter,inaturalist,80145988,131333318,cc-by-nc,https://inaturalist-open-data.s3.amazonaws.com/photos/131333318/large.jpg,f3988f0f38ecd1c6461e7c2d7e8239c104f448207434c48fc602d31e5011c01d,train
otter,inaturalist,80145988,131333374,cc-by-nc,https://inaturalist-open-data.s3.amazonaws.com/photos/131333374/large.jpg,5308f5ede18bae9fbeb8040e0a59051202771e2de8810fbb609dda61d9c3a908,train
otter,inaturalist,20140148,31062488,cc-by-nc,https://inaturalist-open-data.s3.amazonaws.com/photos/31062488/large.jpeg,eadf1be79e3609df65436bf401526733b9f29e84905e4001bcbc72e609befa7e,test
otter,inaturalist,263613509,473609060,cc-by-nc,https://inaturalist-open-data.s3.amazonaws.com/photos/473609060/large.jpeg,625a4c301b2e12ac4833ee5c7e97d114b24a9ecbea2318a5ef091c6a58551758,train
otter,inaturalist,57314090,93450085,cc-by-nc,https://inaturalist-open-data.s3.amazonaws.com/photos/93450085/large.jpeg,5d6601e23d6f802d1ca6643ab658784f747a7db545a43bbc1e013e1d15467956,train
otter,inaturalist,57314090,91410217,cc-by-nc,https://inaturalist-open-data.s3.amazonaws.com/photos/91410217/large.jpeg,d3bfd336b9964efde58e93e18f60b723d8a7f92ed5faac3128c3c7352a1e2a60,train
otter,inaturalist,74503709,121775487,cc-by-nc,https://inaturalist-open-data.s3.amazonaws.com/photos/121775487/large.jpg,8513b114ca80a82195f381488021cdafc863fa9bdb403e830b421da94426e6b7,train
otter,inaturalist,74503709,121775492,cc-by-nc,https://inaturalist-open-data.s3.amazonaws.com/photos/121775492/large.jpg,ca044c1d11953109bcbfa9f587420c80b30a698196c2439813ca0d77cb85118b,train
otter,inaturalist,47773940,75782294,cc0,https://inaturalist-open-data.s3.amazonaws.com/photos/75782294/large.jpeg,b0f805cb0b8bab21121d20766029e48d42bc0298a3cb8ba4d31145b8be37acbd,test
otter,inaturalist,319160993,576903834,cc-by-nc,https://inaturalist-open-data.s3.amazonaws.com/photos/576903834/large.jpg,0c9122c4b4903748bc0e46104f3aaa5c8686c569baffe7a930f7e402cdad34ed,train
otter,inaturalist,334506583,607477721,cc-by-nc,https://inaturalist-open-data.s3.amazonaws.com/photos/607477721/large.jpg,cb276ab52dc55a5e14a9abcfd3ab3e963c00c8095d27c92154fd7cecced34297,train
otter,inaturalist,334506583,607477977,cc-by-nc,https://inaturalist-open-data.s3.amazonaws.com/photos/607477977/large.jpg,09a6c7f7bfb2beb9537b563f0915e9e2f23bf71c46c1ed57c3e9cd3ebae28333,train
otter,inaturalist,265409126,476724398,cc-by-nc,https://inaturalist-open-data.s3.amazonaws.com/photos/476724398/large.jpeg,b8916eacd210f20d1239e003a2f3fd7e59349751eaca48dcd03eee9500a8e338,test
otter,inaturalist,110156268,185782057,cc-by-nc,https://inaturalist-open-data.s3.amazonaws.com/photos/185782057/large.jpg,f52888292e029fb4e11a3f0bd022decbde3c93be056f95e72577344dc7d16e7c,train
otter,inaturalist,253595463,454107129,cc-by-nc,https://inaturalist-open-data.s3.amazonaws.com/photos/454107129/large.jpeg,4fd56520e759592fb08c3cf138006e8c1a34f8fa0db1994e6e7be7154f7e49be,train
otter,inaturalist,329319348,596924494,cc-by-nc,https://inaturalist-open-data.s3.amazonaws.com/photos/596924494/large.jpg,656b15351c19ab43234728e2925a56705e8097a1bbb32527f1e0dfaeecdd17b3,train
otter,inaturalist,187252089,327422886,cc-by-nc,https://inaturalist-open-data.s3.amazonaws.com/photos/327422886/large.png,5b859edb84073c5dc62e1abfa2e8d4825864acead0e9d67655999d5be0d356e9,train
otter,inaturalist,271056076,487532755,cc-by-nc,https://inaturalist-open-data.s3.amazonaws.com/photos/487532755/large.jpeg,21e9fee42e732f188abd4539a82d79c1fae1b26f0fca705b0ebf3617bed5b94a,test
otter,inaturalist,102086385,170585420,cc-by-nc,https://inaturalist-open-data.s3.amazonaws.com/photos/170585420/large.jpeg,3cc74c97b32890661f45bc5918f0364ca46654504fe2810c138c172b53aea0d5,train
otter,inaturalist,102086385,170585626,cc-by-nc,https://inaturalist-open-data.s3.amazonaws.com/photos/170585626/large.jpeg,a9684c27450ff63e41d7864983f8eb231b238d12f6623f9c2ac2354ba2148f4d,train
otter,inaturalist,102086385,170585781,cc-by-nc,https://inaturalist-open-data.s3.amazonaws.com/photos/170585781/large.jpeg,e692e2aaaff22fd6089ecd792f9f90291fce7484b40a1718b5cbf7c2f81293fb,train
otter,inaturalist,158737928,274460533,cc-by-nc,https://inaturalist-open-data.s3.amazonaws.com/photos/274460533/large.jpg,4debd128a5cdaba4885b17b91308f08ef72b2d7d8627492bfb25759f6dfe398f,train
otter,inaturalist,158737928,274460648,cc-by-nc,https://inaturalist-open-data.s3.amazonaws.com/photos/274460648/large.jpg,dc38f959f253b1815f3676bf39b0e7b73ae75ec270f45bcf830de03ca17bdfaf,train
otter,inaturalist,226818669,402305799,cc-by-nc,https://inaturalist-open-data.s3.amazonaws.com/photos/402305799/large.jpeg,d82445d380e491e7bc4efad6202889376036a2be985af7c65f11e6e91907ab10,val
otter,inaturalist,226818669,402305741,cc-by-nc,https://inaturalist-open-data.s3.amazonaws.com/photos/402305741/large.jpeg,2cd64ad2731a9fa84fd6b7c702c16d05068339cb20c53c0b99f125aafee09205,val
otter,inaturalist,226818669,402305769,cc-by-nc,https://inaturalist-open-data.s3.amazonaws.com/photos/402305769/large.jpeg,2c24b41b39cbcc2ee53b87b92cf1ca956e3628c47d12b1c1eb5abc433a713923,val
otter,inaturalist,226818669,402305766,cc-by-nc,https://inaturalist-open-data.s3.amazonaws.com/photos/402305766/large.jpeg,cd5bbee91d7c766824f25e3733646b04aace7cd52886d3196ff00b03d22f8e6b,val
otter,inaturalist,226818669,402305776,cc-by-nc,https://inaturalist-open-data.s3.amazonaws.com/photos/402305776/large.jpeg,1fc90ca1a589591a9a4f6074532eb7ff8dc0a6d9e0737251bf1b2a40d5eadf3a,val
otter,inaturalist,226818669,402305795,cc-by-nc,https://inaturalist-open-data.s3.amazonaws.com/photos/402305795/large.jpeg,d59a7984d39126c02fe47973e955b258d78568325443b04881cac393ef58a3ed,val
otter,inaturalist,226818669,402305948,cc-by-nc,https://inaturalist-open-data.s3.amazonaws.com/photos/402305948/large.jpeg,cdcba119883d3831d815f8d4384bf13af1c6dbc4afd9dd08ba004fcc38923252,val
otter,inaturalist,226818669,402305963,cc-by-nc,https://inaturalist-open-data.s3.amazonaws.com/photos/402305963/large.jpeg,293b73230f4290b3c42520178ccbd574582de9acbfa6ca5fcd3d6d3bb6e7c7d5,val
otter,inaturalist,336826249,612168810,cc-by-nc,https://inaturalist-open-data.s3.amazonaws.com/photos/612168810/large.jpg,1ed17005730698644640c35ff6527a36a5283cd03e7efd4c06df528fc64d4c52,test
otter,inaturalist,338332248,615252969,cc-by-nc,https://inaturalist-open-data.s3.amazonaws.com/photos/615252969/large.jpg,d2c35b82fceb7b61e9b8f746e8322de788277f3036f20a2c978a8f26ef1dd897,train
otter,inaturalist,338332248,615263227,cc-by-nc,https://inaturalist-open-data.s3.amazonaws.com/photos/615263227/large.jpg,370de359661582a53d1a0dc550f31747f82a918c00857a8f59927a63e692ae7d,train
otter,inaturalist,338332248,615263248,cc-by-nc,https://inaturalist-open-data.s3.amazonaws.com/photos/615263248/large.jpg,1399ae97a6ac2d04615999567b3a93d7dfaedf1fd89988123e7446f8c1d85d6a,train
otter,inaturalist,338332248,615263269,cc-by-nc,https://inaturalist-open-data.s3.amazonaws.com/photos/615263269/large.jpg,613c9d1f9795c713e3d1bfeab0da5e8e506eb968f98c8c772a2753d25fa99d84,train
otter,inaturalist,103143827,172566477,cc-by-nc,https://inaturalist-open-data.s3.amazonaws.com/photos/172566477/large.jpeg,457a5c689e66b27d46520b95caf18591ee70a6d905e20ad01ca3019c9fcdf9cc,test
otter,inaturalist,284000708,510347967,cc-by-nc,https://inaturalist-open-data.s3.amazonaws.com/photos/510347967/large.jpg,525cdc3f113e69002af936b0e7b766700c54881659ea74466709de5588df6040,train
otter,inaturalist,284000708,510347990,cc-by-nc,https://inaturalist-open-data.s3.amazonaws.com/photos/510347990/large.jpg,606429ba9d0694b9c04b5f282cec7dc5dff96a32b378f3a570f72991cba89153,train
otter,inaturalist,284000708,510348355,cc-by-nc,https://inaturalist-open-data.s3.amazonaws.com/photos/510348355/large.jpg,050b28d5462b4d84c7a5ce676e14e4353af22b59df9829205d9ab26f897122bd,train
otter,inaturalist,284000708,510348150,cc-by-nc,https://inaturalist-open-data.s3.amazonaws.com/photos/510348150/large.jpg,4b2e7b053fc357161bd819f33d5217f37bee2929ac0cc69ef095482f5d9215ad,train
otter,inaturalist,284000708,510348117,cc-by-nc,https://inaturalist-open-data.s3.amazonaws.com/photos/510348117/large.jpg,aeb12e5db60434ae8dd1dc2be6ea1d1c7b77a7bf7ede9af10272c93a6ebd75e4,train
otter,inaturalist,227163452,402954051,cc-by-nc,https://inaturalist-open-data.s3.amazonaws.com/photos/402954051/large.jpeg,9b6e7e9bdcb0a781ba8d1765c6ee0e0c5568dfad495f9a31166b5755bd7f7bf7,test
otter,inaturalist,97330643,161853847,cc-by-nc,https://inaturalist-open-data.s3.amazonaws.com/photos/161853847/large.jpg,685320c9c9dc7396c77fda4ad796b5b5dae779b3a2dc61eafaab32a0e66e51b8,train
otter,inaturalist,216848041,383541325,cc-by,https://inaturalist-open-data.s3.amazonaws.com/photos/383541325/large.jpeg,828ad464afdf342ae1046020b6809c33b4cf24a9d32127116313ff2a3dfc9471,train
otter,inaturalist,216848041,383541258,cc-by,https://inaturalist-open-data.s3.amazonaws.com/photos/383541258/large.jpeg,2fff8b621a653a72ebd3f87114781bb501642b8ab76bcca658ccf7d5c64976b2,train
otter,inaturalist,38185842,60652521,cc-by-nc,https://inaturalist-open-data.s3.amazonaws.com/photos/60652521/large.jpg,97abd97a3df4538af2b84e9f23a9f60e119cd9f2446b948e02ad82f5fa17115a,test
otter,inaturalist,38185842,60652531,cc-by-nc,https://inaturalist-open-data.s3.amazonaws.com/photos/60652531/large.jpg,fda11066d7325ab7423059172570d1131cfad92061b0ece71b1e850257d838a5,test
otter,inaturalist,226818689,402308878,cc-by-nc,https://inaturalist-open-data.s3.amazonaws.com/photos/402308878/large.jpeg,60230b52fdfc697077ba12aa5a9503e3859a462c4aabd0a477537d48b46c5839,train
otter,inaturalist,226818689,402308866,cc-by-nc,https://inaturalist-open-data.s3.amazonaws.com/photos/402308866/large.jpeg,58cea91d593d85658d2d69597cb7babd32df5b364b0f152f3f06213fc3f37ecb,train
otter,inaturalist,226818689,402308871,cc-by-nc,https://inaturalist-open-data.s3.amazonaws.com/photos/402308871/large.jpeg,c3391bf6673ad74f715f597475b12509fa7ab830c897a78dc19a31b93d8bcc9c,train
otter,inaturalist,226818689,402308888,cc-by-nc,https://inaturalist-open-data.s3.amazonaws.com/photos/402308888/large.jpeg,fee78da3f55d9d750ea01d2097d6dc0b8e3931f23d2a1ffe8f36ae4afcfaffbe,train
otter,inaturalist,226818689,402308897,cc-by-nc,https://inaturalist-open-data.s3.amazonaws.com/photos/402308897/large.jpeg,6bc84cf8dcf381acbaedd21c8328d81afab6a993237c8c1bc8c2c1bf6483a59b,train
otter,inaturalist,226818689,402308914,cc-by-nc,https://inaturalist-open-data.s3.amazonaws.com/photos/402308914/large.jpeg,bd259147dd9a462ec29e6f90ac352aa8ddc0708e09b6820770a0a502aa1c2ff8,train
otter,inaturalist,226818689,402308915,cc-by-nc,https://inaturalist-open-data.s3.amazonaws.com/photos/402308915/large.jpeg,c5a996b86b5310ca3c26ca7ca2a080f843afd1c22b8e7bbefa2ce5315e0f44f6,train
otter,inaturalist,226818689,402308931,cc-by-nc,https://inaturalist-open-data.s3.amazonaws.com/photos/402308931/large.jpeg,09129bf9d5f981fa06a46693d1768432963c3ba29f537b6bb91eb12d9fe6d24c,train
otter,inaturalist,226818689,402308948,cc-by-nc,https://inaturalist-open-data.s3.amazonaws.com/photos/402308948/large.jpeg,981cf751b2383e3fa24508462edfbaca9f2d91860abf77f71e08926259a391b5,train
otter,inaturalist,226818689,402308942,cc-by-nc,https://inaturalist-open-data.s3.amazonaws.com/photos/402308942/large.jpeg,cf97411e5646ab9f3b974884ee594b368e9ddd32ef1954b91f6711037aaa024e,train
otter,inaturalist,226818689,402308962,cc-by-nc,https://inaturalist-open-data.s3.amazonaws.com/photos/402308962/large.jpeg,2f38340205e869326eab036da507d024709945aff70e1e3a5704b3a2051f65c8,train
otter,inaturalist,226818689,402308972,cc-by-nc,https://inaturalist-open-data.s3.amazonaws.com/photos/402308972/large.jpeg,56920ee3dcf2ca80b405dc65824b0cd7701c39151e6548e267850296a5020f2a,train
otter,inaturalist,226818689,402309034,cc-by-nc,https://inaturalist-open-data.s3.amazonaws.com/photos/402309034/large.jpeg,efeff2e33bfec75c6e5ba4e12f1fa70cc42a9276621f00753a00b0c1b02edb0f,train
otter,inaturalist,226818689,402309035,cc-by-nc,https://inaturalist-open-data.s3.amazonaws.com/photos/402309035/large.jpeg,b39389be3252cddd6fdc96f6b689977a034e866b6ea614effbced07303249b11,train
otter,inaturalist,267257006,480261401,cc-by-nc,https://inaturalist-open-data.s3.amazonaws.com/photos/480261401/large.jpeg,01e1dcd84b46854e8a209de9cab67e4c385658fa84eb1bac512771d4ecf6b0a7,test
otter,inaturalist,325510373,589370403,cc0,https://inaturalist-open-data.s3.amazonaws.com/photos/589370403/large.jpg,5f317d2e7e55ee8225bd93e3419f077922ea527b16687ca9ff3c9235fe2d4401,test
otter,inaturalist,206755358,365640720,cc-by-nc,https://inaturalist-open-data.s3.amazonaws.com/photos/365640720/large.jpg,cf9a41ac9580d357bb828638f151e7c2ca35fe041d756271f53adb703442df71,train
otter,inaturalist,162669978,281287335,cc-by-nc,https://inaturalist-open-data.s3.amazonaws.com/photos/281287335/large.jpeg,b2beabe533c8bd2acad530d085994d66ecdbf3186ec6369eb80cb8e9b8460a11,test
otter,inaturalist,162669978,281287401,cc-by-nc,https://inaturalist-open-data.s3.amazonaws.com/photos/281287401/large.jpeg,dd3852aa8f8c39afc004c71c9736a26cea19b6d347c1cef79f8a415123f96d03,test
otter,inaturalist,162669978,281287468,cc-by-nc,https://inaturalist-open-data.s3.amazonaws.com/photos/281287468/large.jpeg,01b193171e704840896f9b2baa8818a73246f1e853e9e78982903e8fe5c19a02,test
otter,inaturalist,67507581,109084108,cc-by-nc,https://inaturalist-open-data.s3.amazonaws.com/photos/109084108/large.jpg,eaa338d00a1ee28dd4bb86237db9e93c67509fe966290403c0aaa223b4f2568f,train
otter,inaturalist,186556012,326005555,cc-by-nc,https://inaturalist-open-data.s3.amazonaws.com/photos/326005555/large.jpeg,4876cdf8e18ecfde630ead8eceb4b5c41d685cb58bb4368622b17bf1c78b2f02,train
otter,inaturalist,186556012,326005545,cc-by-nc,https://inaturalist-open-data.s3.amazonaws.com/photos/326005545/large.jpeg,d50890842899fcf50feeb519b72f97d3a1e47b6c65f2db23b025a6817c9af435,train
otter,inaturalist,178517494,310653220,cc-by,https://inaturalist-open-data.s3.amazonaws.com/photos/310653220/large.jpeg,42a0b99964e2b26f384f237a149b733536d15709683a6a87e57a6a6e1497ed9b,train
otter,inaturalist,172901158,300208348,cc0,https://inaturalist-open-data.s3.amazonaws.com/photos/300208348/large.jpeg,b4d86a28872254f6d2d32e2d565d3c8b29c54f413ef578b638c560c214d2919a,val
otter,inaturalist,172901158,300208416,cc0,https://inaturalist-open-data.s3.amazonaws.com/photos/300208416/large.jpeg,c3e86268a0fc028e66cc9cf8a32d3d90d98f425c2619bb976a747b3696d175a2,val
otter,inaturalist,143886367,246844476,cc-by,https://inaturalist-open-data.s3.amazonaws.com/photos/246844476/large.jpeg,fe0a60c09f732855367c91a45e4f62aeccee2c79b165ce75331a2d0708397053,train
otter,inaturalist,143886367,246844478,cc-by,https://inaturalist-open-data.s3.amazonaws.com/photos/246844478/large.jpeg,bc9395a26ba572b46d2750e289679ed6debc5261e98bee7f70790b7485236adc,train
otter,inaturalist,141458211,242346875,cc-by-nc,https://inaturalist-open-data.s3.amazonaws.com/photos/242346875/large.jpeg,462d6b46f29b99a360a0483e955e28d85ce8bfd9526de48b98b988904842c95d,train
otter,inaturalist,141458211,242347159,cc-by-nc,https://inaturalist-open-data.s3.amazonaws.com/photos/242347159/large.jpeg,4849b07438b3d3f7209ce99ff9bfd4bd244fb6a8eec0cae037eaf5c153a81b82,train
otter,inaturalist,259572453,465982532,cc-by-nc,https://inaturalist-open-data.s3.amazonaws.com/photos/465982532/large.jpg,37cda75ab95576a51c24db77b377f5be9a4d043ee0799f30d46b87d9fe7d5e93,train
otter,inaturalist,259572453,465982541,cc-by-nc,https://inaturalist-open-data.s3.amazonaws.com/photos/465982541/large.jpg,bfecf8d582c66d8982726acc6b67e9b9e48c317a652d6de27023f0e9c2b8d03f,train
otter,inaturalist,259572453,465982550,cc-by-nc,https://inaturalist-open-data.s3.amazonaws.com/photos/465982550/large.jpg,06d3a23b0cc1f3ff564be1cdd6af8a3914bca0c53c266251d842b9fd07ee2cdc,train
otter,inaturalist,259572453,465982557,cc-by-nc,https://inaturalist-open-data.s3.amazonaws.com/photos/465982557/large.jpg,d4a96b9cb56a1ac9adf03c7a0d49fb0480719b3663ebfa04680ba6e93a631b5b,train
otter,inaturalist,259572453,465982566,cc-by-nc,https://inaturalist-open-data.s3.amazonaws.com/photos/465982566/large.jpg,50acf3a5e043fad6941679ede3c4faa0070c432b5f8beb9c6ae45fdbde145cea,train
otter,inaturalist,248736348,444508580,cc-by-nc,https://inaturalist-open-data.s3.amazonaws.com/photos/444508580/large.jpeg,52de8eefb9ddb35e3582cae7aff81d5bb374ecdbe48f2cd5a03c5754823459a5,val
otter,inaturalist,311679176,562667572,cc-by-nc,https://inaturalist-open-data.s3.amazonaws.com/photos/562667572/large.jpg,885d7d3d90aaf07f2b70f0bfccf3f207ac64ca76472c5eca590c456c5bf0ff7c,test
otter,inaturalist,172800062,300022126,cc-by-nc,https://inaturalist-open-data.s3.amazonaws.com/photos/300022126/large.jpg,39c924a36f698b55ade689189c525ed6b4c8f83255c004faca686213b75c2865,train
otter,inaturalist,316970769,572725545,cc-by-nc,https://inaturalist-open-data.s3.amazonaws.com/photos/572725545/large.jpg,a5bf2ba5f064e50c6da05e7f542eb9be33493b876acdb8a18ca97d02af5e8bfb,train
otter,inaturalist,318194061,575054943,cc-by-nc,https://inaturalist-open-data.s3.amazonaws.com/photos/575054943/large.jpg,3e4fb86ea309153203d03f03301f273b3c854bc8c5b59cb452a2d319f2c0b3d1,train
otter,inaturalist,318194061,575055090,cc-by-nc,https://inaturalist-open-data.s3.amazonaws.com/photos/575055090/large.jpg,c599bffef2216b4729deeb995347eb22c9f612bab1aca89915d83f291150f91d,train
otter,inaturalist,318194061,575055011,cc-by-nc,https://inaturalist-open-data.s3.amazonaws.com/photos/575055011/large.jpg,615e72c8c2054da9cb27d5963e16ea2c6163ec87fbfd4c8107ce094de06c4448,train
otter,inaturalist,236757125,421248711,cc-by,https://inaturalist-open-data.s3.amazonaws.com/photos/421248711/large.jpeg,0333e7d413786ebb567d0c9bc9be229d2646ad6b2fda4799dd658fd3a318cb3f,val
otter,inaturalist,203899374,360321304,cc-by-nc,https://inaturalist-open-data.s3.amazonaws.com/photos/360321304/large.jpg,2fdf380e8c03145b556a9be87670c115139a0a7cc4594efafe694c98e3655edf,test
otter,inaturalist,203899374,360321350,cc-by-nc,https://inaturalist-open-data.s3.amazonaws.com/photos/360321350/large.jpg,f967b0e6fc9c31fed1f423785a0692ce5f8d13ae13c861b588ea0c2df00777f6,test
otter,inaturalist,203899374,360321393,cc-by-nc,https://inaturalist-open-data.s3.amazonaws.com/photos/360321393/large.jpg,823498a78a6c31fb1ed5049a886fb33cf29f22ca3bc6ac7a66b8453e9b198f89,test
otter,inaturalist,203899374,360321440,cc-by-nc,https://inaturalist-open-data.s3.amazonaws.com/photos/360321440/large.jpg,dab7f475515c68de017282be077ab9d6300fd2870386d5d7ee176dbb33291228,test
otter,inaturalist,203899374,360321472,cc-by-nc,https://inaturalist-open-data.s3.amazonaws.com/photos/360321472/large.jpg,21562fccb19f67e3592bf4d8b5835e1958ac4d910d48d3af8d76281fb8f0470a,test
otter,inaturalist,124874682,211706915,cc-by-nc,https://inaturalist-open-data.s3.amazonaws.com/photos/211706915/large.jpeg,a55133675bb82a72da0c2978e08faed1d98c27f5e9a57be56970cb0e538ea1a7,train
otter,inaturalist,50140688,80031686,cc-by-nc,https://inaturalist-open-data.s3.amazonaws.com/photos/80031686/large.jpeg,70629f58a667453f51fe742103ffdffec7bf50b73e03913f7a29137e71cd5a79,train
otter,inaturalist,322015837,582456512,cc-by-nc,https://inaturalist-open-data.s3.amazonaws.com/photos/582456512/large.jpg,b3c7a0e9ec1c15f361e1fb25fb8e7a5d9a1aee244c61d8f3f1f11cd9994500e0,val
otter,inaturalist,190508066,333972763,cc-by-nc,https://inaturalist-open-data.s3.amazonaws.com/photos/333972763/large.jpeg,0f9ef1ca788154dfaca9bde5f0384b8d9f8fc725187335c4b8b1863ebce53fbc,train
otter,inaturalist,309438094,558390897,cc-by-nc,https://inaturalist-open-data.s3.amazonaws.com/photos/558390897/large.jpg,e73fcda6cb6a388460cae8ebdaedf2218e27211769d64412139c9786c880ac3d,train
otter,inaturalist,309438094,558401744,cc-by-nc,https://inaturalist-open-data.s3.amazonaws.com/photos/558401744/large.jpg,aeaf4c7e09fda92dc934109e296c5ff3f626679a6c5407a8f6342258a7fe8373,train
otter,inaturalist,309438094,558401785,cc-by-nc,https://inaturalist-open-data.s3.amazonaws.com/photos/558401785/large.jpg,f267cec8293df7fb029f0176d17463d5378c30ca67cb2b3a401c14c2be4aaece,train
otter,inaturalist,309438094,558401847,cc-by-nc,https://inaturalist-open-data.s3.amazonaws.com/photos/558401847/large.jpg,1ebfb08030fb6915b544db977ea84560257a738da79868449e469dbd351f2290,train
otter,inaturalist,309438094,558401906,cc-by-nc,https://inaturalist-open-data.s3.amazonaws.com/photos/558401906/large.jpg,57e508c5fdf525812f9512acb2e124e63887e7646cb0ed608fd2e10d120206bb,train
otter,inaturalist,309438094,558401953,cc-by-nc,https://inaturalist-open-data.s3.amazonaws.com/photos/558401953/large.jpg,6bcef4ba1da62433e361068b6b7c13a97911b3dcdd028660a8b8a7c15eee5c3b,train
otter,inaturalist,309438094,558402015,cc-by-nc,https://inaturalist-open-data.s3.amazonaws.com/photos/558402015/large.jpg,ed1392e8660cbd37811a9bff06ad6f61bf58b434098601a5c3637b4ffe2954c3,train
otter,inaturalist,20763995,32018978,cc-by-nc,https://inaturalist-open-data.s3.amazonaws.com/photos/32018978/large.jpg,8dfbac0f27847ffc3e19bb3c440295ddf6f4ecba80b428561c83d037b7cb285f,val
otter,inaturalist,93885780,155666689,cc-by-nc,https://inaturalist-open-data.s3.amazonaws.com/photos/155666689/large.jpg,d7b422ff94818a1034f0120afe492e90dc9fc1e22ce5886a52adb720a7a9c515,val
otter,inaturalist,9355074,12697849,cc-by-nc,https://inaturalist-open-data.s3.amazonaws.com/photos/12697849/large.jpg,e1564243bfa39933f1b741b31b4863c27345dfdcb7a4c58d22d339619695b76a,train
otter,inaturalist,22247677,34450648,cc-by-nc,https://inaturalist-open-data.s3.amazonaws.com/photos/34450648/large.jpg,28946ddbc78ed8cdd7b63df1c02339a21a94cd20bfa882e4ddad8fa15051570d,train
otter,inaturalist,241303424,430038499,cc-by-nc,https://inaturalist-open-data.s3.amazonaws.com/photos/430038499/large.jpeg,ecbe90457bfaa3f13c369e53fe23f4414f04f731006a4a0a18de2871f506afac,train
otter,inaturalist,241303424,430152069,cc-by-nc,https://inaturalist-open-data.s3.amazonaws.com/photos/430152069/large.jpeg,f1096eff1ea1c655a18309519eba0a874c9a3af15aacd9c20593a04d6b3c5534,train
otter,inaturalist,241303424,430152119,cc-by-nc,https://inaturalist-open-data.s3.amazonaws.com/photos/430152119/large.jpeg,f4b0d7603a74d9a0d75115aa19603b423f5bbba60a41ee8e873f1319807c8788,train
otter,inaturalist,249135870,445295520,cc-by-nc,https://inaturalist-open-data.s3.amazonaws.com/photos/445295520/large.gif,3e19afad330dc9a9658e8031012f3963d1952595a108b855ff4141f3d2a852b5,val
otter,inaturalist,70447367,114529902,cc-by,https://inaturalist-open-data.s3.amazonaws.com/photos/114529902/large.jpg,229bc62b8337b4316a2eb41fbbfe485d10e0294ed83662162fe9000f5d5c5b9e,train
otter,inaturalist,332620212,603684377,cc-by,https://inaturalist-open-data.s3.amazonaws.com/photos/603684377/large.jpg,1fc024899374834644327623b932b6e0f411c01c3031925e206d3b19b758a86d,train
otter,inaturalist,20416343,31524070,cc-by-nc,https://inaturalist-open-data.s3.amazonaws.com/photos/31524070/large.jpg,1df83b27120dcc72af0706c01445e6b33e213d066db4333c0bf079c4295bfc61,train
otter,inaturalist,20416343,31524077,cc-by-nc,https://inaturalist-open-data.s3.amazonaws.com/photos/31524077/large.jpg,a7d97a59cf56bbf64c73ecb87c0c051d1f1cb4ee8c390291303046fa4c6b0bd6,train
otter,inaturalist,20416343,31524073,cc-by-nc,https://inaturalist-open-data.s3.amazonaws.com/photos/31524073/large.jpg,bc53ff25221a3347ab94ac0464ef655a3a9e2b840e790721ca6733dd3c233b57,train
otter,inaturalist,336443490,611389358,cc-by-nc,https://inaturalist-open-data.s3.amazonaws.com/photos/611389358/large.jpg,e97d7d1503edde05e1d78ad2dd501422d7cb8d19a6b5fdb1dbc2d6c2bdf75fa3,val
otter,inaturalist,336443490,611389338,cc-by-nc,https://inaturalist-open-data.s3.amazonaws.com/photos/611389338/large.jpg,b19c8ba27d9f41b74e877ab36973c1e7081f970e825035263474f2951c264da7,val
otter,inaturalist,336443490,611389349,cc-by-nc,https://inaturalist-open-data.s3.amazonaws.com/photos/611389349/large.jpg,42808f3df51890638e3e43ea282d239742aa22af3756b66ab78e161b9c003748,val
otter,inaturalist,336443490,611389347,cc-by-nc,https://inaturalist-open-data.s3.amazonaws.com/photos/611389347/large.jpg,c10ef08246c4741f55b2cc4167548c1f24fb22e2857f757dcccc7a95a1b0aff4,val
otter,inaturalist,150220950,258982457,cc-by-nc,https://inaturalist-open-data.s3.amazonaws.com/photos/258982457/large.jpg,66b34838de3b2455d21cd0f6d13e63436353ff58bc0b4e13887e20d8a41e8a6d,test
otter,inaturalist,150220950,258982429,cc-by-nc,https://inaturalist-open-data.s3.amazonaws.com/photos/258982429/large.jpg,3eb8be2c8b802e9b0bc9b6f13e13002d840361e527523d66ebb9df328ec33b6b,test
otter,inaturalist,150220950,258982498,cc-by-nc,https://inaturalist-open-data.s3.amazonaws.com/photos/258982498/large.jpg,61cf42acbe5cf761ecaee24afe68f40b9546e10591f815ab6d35f363b39a9f66,test
otter,inaturalist,150220950,258982545,cc-by-nc,https://inaturalist-open-data.s3.amazonaws.com/photos/258982545/large.jpg,734bde30289eae0a79bd391b8c0e8dc75e4336881b1715359b6bcd193ea23a7a,test
otter,inaturalist,206767148,365663072,cc-by-nc,https://inaturalist-open-data.s3.amazonaws.com/photos/365663072/large.jpeg,2039a4d3059314fb2bd247194b7b1e01cc9becb08f0fd269bf0d88dbd01595c0,train
otter,inaturalist,206767148,365663070,cc-by-nc,https://inaturalist-open-data.s3.amazonaws.com/photos/365663070/large.jpeg,e4d89ef4be7aa1bddade12730699fc6be2d930055151ddc98126ab7db742ff52,train
otter,inaturalist,206767148,365663073,cc-by-nc,https://inaturalist-open-data.s3.amazonaws.com/photos/365663073/large.jpeg,352426a131d034a31eca2f833a5424e3e82ca4b4bcd44898266b859c8edb0ac3,train
otter,inaturalist,277494608,498262218,cc-by-nc,https://inaturalist-open-data.s3.amazonaws.com/photos/498262218/large.jpeg,44ae0236a8e6ae686ef9b37ed10c12437c4e1faffe689aa5bfce7427417e3ac9,train
otter,inaturalist,277494608,498262222,cc-by-nc,https://inaturalist-open-data.s3.amazonaws.com/photos/498262222/large.jpeg,3e08c40440d735916a8955f70d76727190c5bfb5a656ffa6b28eebc6bc1c05d6,train
otter,inaturalist,277494608,498262220,cc-by-nc,https://inaturalist-open-data.s3.amazonaws.com/photos/498262220/large.jpeg,eccc586ba23447e5cb66caa4fd39cd83062a8acc72fee102a0a17a2d7eb6f247,train
otter,inaturalist,197152079,347165783,cc-by,https://inaturalist-open-data.s3.amazonaws.com/photos/347165783/large.jpeg,0d6c2f88886dcb365d95b9f1e81fcda705c359ba8267f27383638cf4b5116bd2,train
otter,inaturalist,197152079,347165792,cc-by,https://inaturalist-open-data.s3.amazonaws.com/photos/347165792/large.jpeg,f9a0be65d7b44348503b0068bca22aabb5073e9e0fc0fc1b051b4730df76ac47,train
otter,inaturalist,197152079,347165803,cc-by,https://inaturalist-open-data.s3.amazonaws.com/photos/347165803/large.jpeg,92dac7e0d3e02d0fe63c1fe9883d981677a6407c25c0f9c16e138b644b9f3594,train
otter,inaturalist,320606487,579694570,cc-by-nc,https://inaturalist-open-data.s3.amazonaws.com/photos/579694570/large.jpg,9ac1ec1ddf218317680768245e382322a0e0ab31a9893ffc1919515679cf401d,train
otter,inaturalist,320606487,579694685,cc-by-nc,https://inaturalist-open-data.s3.amazonaws.com/photos/579694685/large.jpg,2cef0e99fdf3f2813b268e03f4e846beea021d134b674631abce6e50c0c08bc2,train
otter,inaturalist,320606487,579694894,cc-by-nc,https://inaturalist-open-data.s3.amazonaws.com/photos/579694894/large.jpg,98e5c794fe47405fe64495968154960fc756f4780df759a66e903c9ff987cc59,train
otter,inaturalist,320606487,579694941,cc-by-nc,https://inaturalist-open-data.s3.amazonaws.com/photos/579694941/large.jpg,5717e131961d1177b42958011964c1b754a8d31ff9b1f7cf8c2673e488ed6bea,train
otter,inaturalist,320606487,579694973,cc-by-nc,https://inaturalist-open-data.s3.amazonaws.com/photos/579694973/large.jpg,77d183a080cc79f0d190d06fd45c72b42eac70abdaf529101430ac28b72c465c,train
otter,inaturalist,320606487,579695083,cc-by-nc,https://inaturalist-open-data.s3.amazonaws.com/photos/579695083/large.jpg,2cefefe998a29778793a919289da9a73e5aa7a5a092eb3adb2a3850cbcc3d73c,train
otter,inaturalist,320606487,579695119,cc-by-nc,https://inaturalist-open-data.s3.amazonaws.com/photos/579695119/large.jpg,2f90a708a86858f4dfb79afafef48b5238e148afbbe049cded9a95b47ca541e8,train
otter,inaturalist,215673785,381343891,cc-by-nc,https://inaturalist-open-data.s3.amazonaws.com/photos/381343891/large.jpg,dab0689138f04baeffd6605f6ce03baac0039949e593e4f7c13e07734d965750,val
otter,inaturalist,215673785,381343908,cc-by-nc,https://inaturalist-open-data.s3.amazonaws.com/photos/381343908/large.jpg,d6a647a3e76e044045c76dc42d4d29411f0e3f2637b2ab54a0cef643adc2e4f5,val
otter,inaturalist,314531842,568097652,cc-by-nc,https://inaturalist-open-data.s3.amazonaws.com/photos/568097652/large.jpg,f05fd3949e5f3254ff640e1154a5b5bdba5552dc459372ccefc01c949006b190,test
otter,inaturalist,251300481,449628337,cc-by-nc,https://inaturalist-open-data.s3.amazonaws.com/photos/449628337/large.jpeg,cc06f42ca0cc933a8d7e8f0547dd3bd45883730480ed29eb109ce095926362eb,train
otter,inaturalist,251300481,449628345,cc-by-nc,https://inaturalist-open-data.s3.amazonaws.com/photos/449628345/large.jpeg,d6a4284dadfd08b21b0908c04f081ea8e10fc315010b9ac566bdf308960b94db,train
otter,inaturalist,251300481,449628349,cc-by-nc,https://inaturalist-open-data.s3.amazonaws.com/photos/449628349/large.jpeg,6b7040c86ad16ed0a5f4562ccac29891fe1fb4f295f06cf5bba55770da15946d,train
otter,inaturalist,251300481,449628353,cc-by-nc,https://inaturalist-open-data.s3.amazonaws.com/photos/449628353/large.jpeg,4a66c2fd839918457b47cd9ffef5c437c85c41d4f7f8345d56f0dc5865643913,train
otter,inaturalist,300934530,542251759,cc0,https://inaturalist-open-data.s3.amazonaws.com/photos/542251759/large.jpg,8be74bd8663319fca7921636e6aae4025b037a892ed2c59eefb7b556fd4e4f30,test
otter,inaturalist,198041496,348961898,cc-by-nc,https://inaturalist-open-data.s3.amazonaws.com/photos/348961898/large.jpeg,f7cb01ec1f4b8252c80ce37a2158c433efaa23f2f03f2cd4afe1e3c1a23bdaf2,train
otter,inaturalist,286829437,515686912,cc-by-nc,https://inaturalist-open-data.s3.amazonaws.com/photos/515686912/large.jpg,5eb4e61e66f344a458f6d0ed937e6f952be458b656e519786f6ae7242c8cc4ab,train
otter,inaturalist,30471325,47608569,cc-by-nc,https://inaturalist-open-data.s3.amazonaws.com/photos/47608569/large.jpg,c91acca85fd9ac4e12b9553ee7d0c691059e52db5fc409e4724b0401e99e736e,val
otter,inaturalist,334342453,607145034,cc-by-nc,https://inaturalist-open-data.s3.amazonaws.com/photos/607145034/large.jpg,23e118ce822867ab15e301b56e402b18322ff45ff3c885570a3c257eb2076764,test
otter,inaturalist,270813249,487078916,cc-by-nc,https://inaturalist-open-data.s3.amazonaws.com/photos/487078916/large.jpeg,34a3fdc387159e7ac697751fd9dc09a45a81fc8444135e358f4dfc1475e346be,train
otter,inaturalist,323162226,584729833,cc-by-nc,https://inaturalist-open-data.s3.amazonaws.com/photos/584729833/large.jpg,63a6fd05ca0335cc189b35a7f94f2b33f8ec0e7e0221a149f5e55991a7a05038,train
otter,inaturalist,99526675,165932808,cc-by-nc,https://inaturalist-open-data.s3.amazonaws.com/photos/165932808/large.jpeg,d20b5d9d829656e9759805af51166a8ab6cf318851452274f7538cc3a8e24c18,train
otter,inaturalist,304670215,549266732,cc-by-nc,https://inaturalist-open-data.s3.amazonaws.com/photos/549266732/large.jpg,31d11c49408270bc8717135683348ddd212a76e2862512c8ed0acf2ffba435c6,train
otter,inaturalist,304670215,549267116,cc-by-nc,https://inaturalist-open-data.s3.amazonaws.com/photos/549267116/large.jpg,b4881c09b645cc8f2705547483cfcc594dc88b1fcbd7fbd55ba304f31603bb75,train
otter,inaturalist,304670215,549267260,cc-by-nc,https://inaturalist-open-data.s3.amazonaws.com/photos/549267260/large.jpg,87446f2ddc1d4aaa83e3decf53770b5fa3dae053b7827dbf86650a178a1bb9a0,train
otter,inaturalist,304670215,549267343,cc-by-nc,https://inaturalist-open-data.s3.amazonaws.com/photos/549267343/large.jpg,35cd318e0218f5a7455379d46fcfd173d067f93464fe6e65161385bbc1710ab5,train
otter,inaturalist,337189516,612910177,cc-by,https://inaturalist-open-data.s3.amazonaws.com/photos/612910177/large.jpg,5834604c2f406c145440b71675900ed70e5da96ef2279d5a3632519540f69482,val
otter,inaturalist,337189516,612910182,cc-by,https://inaturalist-open-data.s3.amazonaws.com/photos/612910182/large.jpg,7d4b8c71cd7838ccf3dbeae4dc6d249b6ae548be43e570c0eff189990b56e016,val
otter,inaturalist,337189516,612910189,cc-by,https://inaturalist-open-data.s3.amazonaws.com/photos/612910189/large.jpg,be5e16a24b6a0c6f46ca8b47b086eeab8ea37d7c88bf687a7a23f9d8959ca7fb,val
otter,inaturalist,330480448,599280931,cc0,https://inaturalist-open-data.s3.amazonaws.com/photos/599280931/large.jpg,b4d8e0e9143ec25bf2827de83720748a055ee7d7cc8a095bebfb6d7866cd0fc7,test
otter,inaturalist,145820498,250556596,cc-by-nc,https://inaturalist-open-data.s3.amazonaws.com/photos/250556596/large.jpg,b7935a7e25f802b8f02a9c06dd75f31e82ac0502bbaf31c81aeead3f4cd31626,train
otter,inaturalist,145820498,250556611,cc-by-nc,https://inaturalist-open-data.s3.amazonaws.com/photos/250556611/large.jpg,6ce74c4c018f4dac620152b7cd583479e6c25f9f516ffacbd3d7dfce7f6100c8,train
otter,inaturalist,145820498,250556623,cc-by-nc,https://inaturalist-open-data.s3.amazonaws.com/photos/250556623/large.jpg,c86adb4d4b06cd873c3869cc4272ccf23f47dd4482ecd072075919dc80e6a360,train
otter,inaturalist,145820498,250556639,cc-by-nc,https://inaturalist-open-data.s3.amazonaws.com/photos/250556639/large.jpg,317a219ddfe2beb0603ea982e33693726839cb33a92ce5ecf673190ef029683d,train
otter,inaturalist,306437183,552623860,cc-by-nc,https://inaturalist-open-data.s3.amazonaws.com/photos/552623860/large.jpg,05f7e1138022c97dbb484972f4f9fe2997387b4cdb5ed3ac8fc62bf677872ac8,test
otter,inaturalist,211405947,373774760,cc-by-nc,https://inaturalist-open-data.s3.amazonaws.com/photos/373774760/large.jpeg,7f4806fdf5f784e4bc35a4e0be3e090595e05252d45f6bbd64a340a6c37d62b5,train
otter,inaturalist,211405947,373774834,cc-by-nc,https://inaturalist-open-data.s3.amazonaws.com/photos/373774834/large.jpeg,51af8db4759ed6aba397ee8058c2c0467204639da50eccc621047b937c959841,train
otter,inaturalist,312163547,563575805,cc-by-nc,https://inaturalist-open-data.s3.amazonaws.com/photos/563575805/large.jpg,8cadcdec1f4e75977471b79f28d88dfc3e2376d5b21c61712de71d7dc9484c9c,test
otter,inaturalist,338892724,616379279,cc-by-nc,https://inaturalist-open-data.s3.amazonaws.com/photos/616379279/large.jpg,b3f486d3f573636a9a77b4caf56661b6f653739ce323846c448016fd9e9fb93d,train
otter,inaturalist,272059083,489430735,cc-by-nc,https://inaturalist-open-data.s3.amazonaws.com/photos/489430735/large.jpg,988dcc5b7a5f0e31114bc1ee15ad47b74b3fecb306a22c46ee4b32581ce535cc,train
otter,inaturalist,272059083,489430870,cc-by-nc,https://inaturalist-open-data.s3.amazonaws.com/photos/489430870/large.jpg,b816c06920a03797c8a97240cf962aefef5a03fdd84382a69276ac277b4e3405,train
otter,inaturalist,4611388,5599947,cc-by-nc,https://inaturalist-open-data.s3.amazonaws.com/photos/5599947/large.jpg,002479973d9c93c224c6144c7b239d224b73d32e2dbed5eab0c31898998c067f,val
otter,inaturalist,277860415,498919662,cc-by,https://inaturalist-open-data.s3.amazonaws.com/photos/498919662/large.jpg,69d54a8e1dacba1346ece050261862b9a833f396c02cd2561f82f96a85beaccd,test
otter,inaturalist,277860415,498919694,cc-by,https://inaturalist-open-data.s3.amazonaws.com/photos/498919694/large.jpg,70c9fd0046c230d9f1ce3d69b793f01e41ad41cf8aaada701383eaf234967aa0,test
otter,inaturalist,277860415,498919715,cc-by,https://inaturalist-open-data.s3.amazonaws.com/photos/498919715/large.jpg,fbca28c15395c2e272be606a7a66a31dc4b1b07a7c4d0acff9df66fcee24bcc2,test
otter,inaturalist,277860415,498919730,cc-by,https://inaturalist-open-data.s3.amazonaws.com/photos/498919730/large.jpg,1cfd21e74c3d10b82ac3e98845d3fb13a320abc39d8dfb23ede72e8fd8fe52ba,test
otter,inaturalist,277860415,498919744,cc-by,https://inaturalist-open-data.s3.amazonaws.com/photos/498919744/large.jpg,542558a8f557f96a67c7c6ca45140b901b2c597d925c971c53a63e1d956d5b43,test
otter,inaturalist,277860415,498919768,cc-by,https://inaturalist-open-data.s3.amazonaws.com/photos/498919768/large.jpg,7229737c5ecc64ba46f8bda7fb13de192f7a481a5fcc0c738e1b09230e8afb29,test
otter,inaturalist,199184383,351224169,cc-by,https://inaturalist-open-data.s3.amazonaws.com/photos/351224169/large.jpeg,441e3b904b12f1a61b8716d69977edd520355b9a46505177d8d0ba29331d0c31,train
otter,inaturalist,324485579,587317501,cc-by-nc,https://inaturalist-open-data.s3.amazonaws.com/photos/587317501/large.jpg,5531a649eae1e1652665e811f4297b210db8453559f6cf4712a826ce17825398,train
otter,inaturalist,324485579,587317667,cc-by-nc,https://inaturalist-open-data.s3.amazonaws.com/photos/587317667/large.jpg,c6020dadc1f8997404ce10475c8b58ab896046bbca2fed69ae28fe58c7369c44,train
otter,inaturalist,324485579,587318052,cc-by-nc,https://inaturalist-open-data.s3.amazonaws.com/photos/587318052/large.jpg,a0099d0493bbbd205975429febe34bcab3814f007a281aedd732b2d693d02805,train
otter,inaturalist,101697348,169857860,cc-by-nc,https://inaturalist-open-data.s3.amazonaws.com/photos/169857860/large.jpeg,6c61616adbb59f97a820a438578df120e54b2db1dbd7fd1437b1b9fc2c09628d,val
otter,inaturalist,188909983,330777834,cc-by-nc,https://inaturalist-open-data.s3.amazonaws.com/photos/330777834/large.jpeg,983e4f7928f7b0eb9d6b43f36e44d4ca8af68e50805bc8cfa85b824033db584b,train
otter,inaturalist,291476247,524433239,cc-by-nc,https://inaturalist-open-data.s3.amazonaws.com/photos/524433239/large.jpg,5e373013e49dd5f88841defa3388cfe8972ec0bfc949a3c152b452105f43bc28,train
otter,inaturalist,291476247,524433297,cc-by-nc,https://inaturalist-open-data.s3.amazonaws.com/photos/524433297/large.jpg,ef6d62360f4c131374f1c70e4fda883d1cd40e6bc6bde99371adcad3c2681be0,train
otter,inaturalist,174449624,303067309,cc-by-nc,https://inaturalist-open-data.s3.amazonaws.com/photos/303067309/large.jpeg,5bff2b5167e59f798d2ddd0d3b7e24d65da0cacf85ccbea8ce868a9f987f52c8,train
otter,inaturalist,174449624,303067342,cc-by-nc,https://inaturalist-open-data.s3.amazonaws.com/photos/303067342/large.jpeg,f2486cb04eb578aff5c219d1d1f51cb5b5e4b81dae9a81139a21dc0c8a9b9091,train
otter,inaturalist,174449624,303067305,cc-by-nc,https://inaturalist-open-data.s3.amazonaws.com/photos/303067305/large.jpeg,5c97d2af98e6e67141c75af8720620edd6dce06da23f271a5d68c251bb4c7a8e,train
otter,inaturalist,318638455,575906195,cc-by,https://inaturalist-open-data.s3.amazonaws.com/photos/575906195/large.jpg,32f98a41aad910b21c09540d5ce6821cfe6698cf676206a3c42c13cbfa4971e7,val
otter,inaturalist,318638455,575906220,cc-by,https://inaturalist-open-data.s3.amazonaws.com/photos/575906220/large.jpg,8de1e98a13fe43214d00ba2f4a514f0d09e15de527ffaef9ecc95c5a50a287ac,val
otter,inaturalist,336810939,612139029,cc-by-nc,https://inaturalist-open-data.s3.amazonaws.com/photos/612139029/large.jpg,05fd7ac773482c8e070e8c7269d1a8a2b5dfd03397ad12918e177c4c0fd0488c,train
otter,inaturalist,336810939,612139026,cc-by-nc,https://inaturalist-open-data.s3.amazonaws.com/photos/612139026/large.jpg,ec4c0b14420a48ac6e8b9d27a4458c70debeb30b571eacc6ab4746687d630d5c,train
otter,inaturalist,220931846,391204843,cc-by-nc,https://inaturalist-open-data.s3.amazonaws.com/photos/391204843/large.jpeg,e3cd114486af44b7f009654546993ec999bfdfa50b4fd9ddcf880dc9e9f7f9df,train
otter,inaturalist,220931846,391204922,cc-by-nc,https://inaturalist-open-data.s3.amazonaws.com/photos/391204922/large.jpeg,daac14d88c7b26de4a7939032ca937f8cd6c261a3df7aec1f04efb4e213e8366,train
otter,inaturalist,220931846,391204983,cc-by-nc,https://inaturalist-open-data.s3.amazonaws.com/photos/391204983/large.jpeg,eb6ed75ebf820e22fbe6ea6a018cbde3a34f972969011e6c5c1a0bdcb82d81a9,train
otter,inaturalist,183829224,320773450,cc-by-nc,https://inaturalist-open-data.s3.amazonaws.com/photos/320773450/large.jpg,260da6ad34cd4fb790e420f5ff50b1c171bc04a630a457e30451a6daaeed0a7b,train
otter,inaturalist,183829224,320773457,cc-by-nc,https://inaturalist-open-data.s3.amazonaws.com/photos/320773457/large.jpg,065d613d0631e38d213150e4eb31f4eab932a7ed1e13f664a0677c803ea01a59,train
otter,inaturalist,183829224,320773463,cc-by-nc,https://inaturalist-open-data.s3.amazonaws.com/photos/320773463/large.jpg,a34dbaefcc29d4d0748e773d8d3c23e7486cbe831c5c7c271b3d39c51fd122a3,train
otter,inaturalist,183829224,320773467,cc-by-nc,https://inaturalist-open-data.s3.amazonaws.com/photos/320773467/large.jpg,2177665c4bd4750ddadc62ce32873039098153781a320462bf49753814526f5e,train
otter,inaturalist,183829224,320773469,cc-by-nc,https://inaturalist-open-data.s3.amazonaws.com/photos/320773469/large.jpg,91982ba2ff16be67962e38c10b29baf1e821bbc78dcd2af70adc27e1c4808ed7,train
otter,inaturalist,183829224,320773482,cc-by-nc,https://inaturalist-open-data.s3.amazonaws.com/photos/320773482/large.jpg,f520b3b439642b4eecbcfc1f28d66b4726bc11367df4ec910a5cf16cb22e75f1,train
otter,inaturalist,183829224,320773508,cc-by-nc,https://inaturalist-open-data.s3.amazonaws.com/photos/320773508/large.jpg,a0ee7e486ab0c809d93d23f8e0ed4984c9a1ca26cb5e7f45fe502b8cabf7d08e,train
otter,inaturalist,183829224,320773528,cc-by-nc,https://inaturalist-open-data.s3.amazonaws.com/photos/320773528/large.jpg,6d87b403714aafd33c4e5fef3a4ec9577e6ee46fe5a1f2b677665035796cc203,train
otter,inaturalist,331408814,601200230,cc-by-nc,https://inaturalist-open-data.s3.amazonaws.com/photos/601200230/large.jpg,a49cb0c4942aac22766cffb1f3ced4fd0c547445221c0f0b681f02774b18727e,val
otter,inaturalist,246166955,439406574,cc-by-nc,https://inaturalist-open-data.s3.amazonaws.com/photos/439406574/large.jpg,465b9fa14b89a9e7b8da52e87913f152ddffc4410db1ef3661a82138cdfd11b4,val
otter,inaturalist,246166955,451803341,cc-by-nc,https://inaturalist-open-data.s3.amazonaws.com/photos/451803341/large.jpg,ba2805a5904e8b17242a11c15e2dfb1b4ab17054dda2fe43d1c187ef475532f4,val
otter,inaturalist,246166955,451803364,cc-by-nc,https://inaturalist-open-data.s3.amazonaws.com/photos/451803364/large.jpg,69c82f6e82db183d11b55725008de1621b1c38259b0955dccffa5b1bc8e0cfb5,val
otter,inaturalist,246166955,451803378,cc-by-nc,https://inaturalist-open-data.s3.amazonaws.com/photos/451803378/large.jpg,8ce7e74940cb232610e7dede6bfcaa9c5ecae8643bcfde0c3deb79657f9241b6,val
otter,inaturalist,246166955,451803406,cc-by-nc,https://inaturalist-open-data.s3.amazonaws.com/photos/451803406/large.jpg,c134d40514da41f8aeaa9ad81ff6e942e343f5e83596c59d89ed0a77ac59aa98,val
otter,inaturalist,30879605,48272494,cc-by-nc,https://inaturalist-open-data.s3.amazonaws.com/photos/48272494/large.jpg,ad45d61a463cf348586b76f376cb174a5fd5058548e9b68fc4aab02de25f8b7e,train
otter,inaturalist,30879605,48272516,cc-by-nc,https://inaturalist-open-data.s3.amazonaws.com/photos/48272516/large.jpg,425d0a4c9db256752b2663f98e1ced988623efbfe4ec72d0ff46dd4916eb045a,train
otter,inaturalist,30879605,48272675,cc-by-nc,https://inaturalist-open-data.s3.amazonaws.com/photos/48272675/large.jpg,5252fe924231c87c29b25b2ea5ef38af029fbf2129f8e7285c0929f81f3bba7c,train
otter,inaturalist,75405717,123362738,cc0,https://inaturalist-open-data.s3.amazonaws.com/photos/123362738/large.jpg,5361476cfeea227809d76f850ee0f6a1a42d375315c2ec1e86e3c3b212f6f924,test
otter,inaturalist,335034792,608559877,cc-by-nc,https://inaturalist-open-data.s3.amazonaws.com/photos/608559877/large.jpg,68c4f3f8afb0706e83705464278a1fbad633049029f736f9e46a2cdf845ad666,train
otter,inaturalist,150922596,260326824,cc-by-nc,https://inaturalist-open-data.s3.amazonaws.com/photos/260326824/large.jpg,3ac20ad439dbc125c7bf15a8fcfdafae405aaba1dd54367b68a5bc75623084cb,train
otter,inaturalist,150922596,260326839,cc-by-nc,https://inaturalist-open-data.s3.amazonaws.com/photos/260326839/large.jpg,b0e38814772f6c399a59c15717afa58c3646911bcbdb9b66e8fd4c238c2cd0de,train
otter,inaturalist,333136273,604743778,cc-by-nc,https://inaturalist-open-data.s3.amazonaws.com/photos/604743778/large.jpg,a958876721c5074e5cf3a835e22e69cc9eec78324ac249cf009d12c847c5b8d5,test
otter,inaturalist,333136273,604743955,cc-by-nc,https://inaturalist-open-data.s3.amazonaws.com/photos/604743955/large.jpg,bf104413bda46ff0292aef54f3402dd698eb0c93b03c11e76e579ef7093a6d35,test
otter,inaturalist,333136273,604743987,cc-by-nc,https://inaturalist-open-data.s3.amazonaws.com/photos/604743987/large.jpg,9d1af62953d0c970d6b06d9a54133d875c55f24da1f189c2781ae3e06ac08188,test
otter,inaturalist,333136273,604744004,cc-by-nc,https://inaturalist-open-data.s3.amazonaws.com/photos/604744004/large.jpg,79fd5180fc2ae0896df6fec7a73d3aaf7af9b90a13d7470c0aaef805005ee019,test
otter,inaturalist,108377337,182459004,cc-by-nc,https://inaturalist-open-data.s3.amazonaws.com/photos/182459004/large.jpg,618d95d238233eec20f1d7c28ea5fc99c30fc20b6ea9c756dc02cf933cf3f59b,train
otter,inaturalist,90763319,150035184,cc-by-nc,https://inaturalist-open-data.s3.amazonaws.com/photos/150035184/large.jpg,5f922bcff5cc25035df7c0129a838433b27989ea4d27f0be1561f17b955504c9,train
otter,inaturalist,206149277,364579310,cc-by-nc,https://inaturalist-open-data.s3.amazonaws.com/photos/364579310/large.jpeg,2efda46bc2a3665d5c830ddc707782eef5f0c44f4e406bb412f039e3b1a01506,train
otter,inaturalist,137006160,233917527,cc0,https://inaturalist-open-data.s3.amazonaws.com/photos/233917527/large.jpg,1ac75d62dd0d2954c68968c159451ffc6a84c83dda3cdc0c05ef99b83d6c0024,train
otter,inaturalist,316031751,570959315,cc-by-nc,https://inaturalist-open-data.s3.amazonaws.com/photos/570959315/large.jpg,b6dce11146c223e1c5fc796cdaf13955d202cad222cd21a0de9ffafbcc5bdf3b,train
otter,inaturalist,288701253,519215684,cc-by,https://inaturalist-open-data.s3.amazonaws.com/photos/519215684/large.jpg,d5c7a650d752096fe3dd06af8cd1ef8b241fdaa5d8897ed0d6f73718638dbe56,train
otter,inaturalist,172639787,299724098,cc0,https://inaturalist-open-data.s3.amazonaws.com/photos/299724098/large.jpeg,6daddbe021e8c1fbd50cb32ba8d9ee0d41a0615e4749208adaa230271537cb66,train
otter,inaturalist,172639787,299724110,cc0,https://inaturalist-open-data.s3.amazonaws.com/photos/299724110/large.jpeg,b11c04cba8953da2bc1f0aaf3eaed7aaeb95143e37d7c8342445cefd1a0ba759,train
otter,inaturalist,172639787,299724139,cc0,https://inaturalist-open-data.s3.amazonaws.com/photos/299724139/large.jpeg,b224df006262c843e3a71f1cddea8c18120422ac69f14609a263d88cdee191be,train
otter,inaturalist,257617951,462166187,cc-by-nc,https://inaturalist-open-data.s3.amazonaws.com/photos/462166187/large.jpeg,fc84d1ab9a7b31a4371994ab4d640de736ce14ee391cd3c3f3ec61ac9f75554b,train
otter,inaturalist,257617951,462166207,cc-by-nc,https://inaturalist-open-data.s3.amazonaws.com/photos/462166207/large.jpeg,dc2cb439d12145de41ffdbfe5b512913da91f100d9b7079ae469295f96ea1b3f,train
otter,inaturalist,257617951,462166220,cc-by-nc,https://inaturalist-open-data.s3.amazonaws.com/photos/462166220/large.jpeg,0cf115dce851fa92da2fa1b2be12547fdc70d9ca12d9bb52b22fef6de9a1aac9,train
otter,inaturalist,302553217,545270319,cc-by-nc,https://inaturalist-open-data.s3.amazonaws.com/photos/545270319/large.jpg,4e82f8b17e2c807b0412d1a0cb5ef873c6388af2a8e471a21e4fd07134214691,val
otter,inaturalist,276932598,497279248,cc-by-nc,https://inaturalist-open-data.s3.amazonaws.com/photos/497279248/large.jpeg,ae6bb3d4f0f7ddc794fb50538b6e767f5a1777066b0425118d03508fc1ee4b46,train
otter,inaturalist,276932598,497279293,cc-by-nc,https://inaturalist-open-data.s3.amazonaws.com/photos/497279293/large.jpeg,c202d5ee95b000b4173b5bc80024a0c8afde126b779c498f2b156c238012e77e,train
otter,inaturalist,276932598,497279320,cc-by-nc,https://inaturalist-open-data.s3.amazonaws.com/photos/497279320/large.jpeg,7865269f7633054198a53267ba0462ac515feab622d1b96f41eceeef371c3b6a,train
otter,inaturalist,304721201,549362516,cc-by-nc,https://inaturalist-open-data.s3.amazonaws.com/photos/549362516/large.jpg,2ed3df8c91111befe7c01ddc20d591729a634e2015af5cee08faf6676577ae5a,val
otter,inaturalist,19210383,29520221,cc-by-nc,https://inaturalist-open-data.s3.amazonaws.com/photos/29520221/large.jpg,127385ce9eb2fc9cc25ddffd4f04297217b407f826663d892071364e72c700a7,test
otter,inaturalist,61393609,98238518,cc-by-nc,https://inaturalist-open-data.s3.amazonaws.com/photos/98238518/large.jpg,985d3bbf5424668b8a67decc201571bac65f5370c89822ab1a7ff0160f4c8c73,train
otter,inaturalist,176583978,307019985,cc-by-nc,https://inaturalist-open-data.s3.amazonaws.com/photos/307019985/large.jpg,cb514b8e555609fbe66ba84942a8372d46dbc4488307130f004e1b7a8e976a0d,train
otter,inaturalist,176583978,307019977,cc-by-nc,https://inaturalist-open-data.s3.amazonaws.com/photos/307019977/large.jpg,2cf40967fdf878aceea9efe1098e94350b6e56f14f2c65950a818395c6a460db,train
otter,inaturalist,176583978,307019995,cc-by-nc,https://inaturalist-open-data.s3.amazonaws.com/photos/307019995/large.jpg,aedb6fce2062ce1b42e67b7cf309d0d32c84150b346d73b219a5fc6b8e711194,train
otter,inaturalist,101626088,169732946,cc-by-nc,https://inaturalist-open-data.s3.amazonaws.com/photos/169732946/large.jpeg,2c5820b2e51e0857d753d701f72fb88e66c2a6bb5b1ae00c97e64088dc0146ad,val
otter,inaturalist,140678263,240842493,cc-by-nc,https://inaturalist-open-data.s3.amazonaws.com/photos/240842493/large.jpg,4c726300d7f5a953204a1e13d0cd192cd379cf4738cb4fa667b9eba1b67b3b36,test
otter,inaturalist,92502344,153171036,cc-by-nc,https://inaturalist-open-data.s3.amazonaws.com/photos/153171036/large.jpg,883e8561f9f2e064c8ab7e21a554fb0cdcce95975ca158fa4b29bf3ccda67aa7,train
otter,inaturalist,92502344,153171042,cc-by-nc,https://inaturalist-open-data.s3.amazonaws.com/photos/153171042/large.jpg,e8ee71330bbdb9eb5ee91758a7b8de8f3e8cf29ae2da77329e8d3fa725e303c7,train
otter,inaturalist,249776930,446568542,cc-by-nc,https://inaturalist-open-data.s3.amazonaws.com/photos/446568542/large.jpeg,4ae14ffb802ccca737616ea153b40f557173aa2dd3d2c4463fa97b1dc9cab8ec,train
otter,inaturalist,249776930,446568558,cc-by-nc,https://inaturalist-open-data.s3.amazonaws.com/photos/446568558/large.jpeg,315acb2f38639a78395a70cdd1e1075ae937efd5d07a541410f77925ea84c74e,train
otter,inaturalist,249776930,446568578,cc-by-nc,https://inaturalist-open-data.s3.amazonaws.com/photos/446568578/large.jpeg,0fc5cebaca152c248762a09ee5bd701231dc1b4678c10c06806e0f315d7f6ca8,train
otter,inaturalist,207412533,366873979,cc-by-nc,https://inaturalist-open-data.s3.amazonaws.com/photos/366873979/large.jpeg,2855ff33d9389ea795917f9e53a9acf9ba624538f74f662ffacfdbdb41f65018,val
otter,inaturalist,103010763,172314625,cc-by-nc,https://inaturalist-open-data.s3.amazonaws.com/photos/172314625/large.jpeg,caee23f044388519eb1169730d5911ce933af62462244a44405352f1bad71994,test
otter,inaturalist,43337124,68775901,cc-by-nc,https://inaturalist-open-data.s3.amazonaws.com/photos/68775901/large.jpg,b3eaea84d5ba25d218ea090b4c65e7a8cd408c138f9083518a13a8c6e945be18,train
otter,inaturalist,195948881,344858087,cc-by-nc,https://inaturalist-open-data.s3.amazonaws.com/photos/344858087/large.jpg,f976ce1cfc75335e7f04f775abdb83d8327ef2b715bbbc8d22ddf453e96af761,train
otter,inaturalist,112870981,190682388,cc-by-nc,https://inaturalist-open-data.s3.amazonaws.com/photos/190682388/large.jpeg,4f390aa804fb965db74744b2f35326964700d7300bc796a0094deb689f1ac823,train
otter,inaturalist,199822777,352441045,cc-by-nc,https://inaturalist-open-data.s3.amazonaws.com/photos/352441045/large.jpeg,b15a50f92aed979dda4f0baf6906cab2521c23821582b256c05dc4eb1604c51b,val
otter,inaturalist,148105310,254980912,cc-by-nc,https://inaturalist-open-data.s3.amazonaws.com/photos/254980912/large.jpeg,056b953c72563abcddae057cf7e8a2bbb6df2ece0a8c06e39e9edb8d9fcbd68b,test
otter,inaturalist,148105310,254980935,cc-by-nc,https://inaturalist-open-data.s3.amazonaws.com/photos/254980935/large.jpeg,cb9a885b7677db10198d86a06f8a3a36c202ea251b0e58a3e905172d4c00acb8,test
otter,inaturalist,165468795,286436775,cc-by-nc,https://inaturalist-open-data.s3.amazonaws.com/photos/286436775/large.jpeg,cda0e35c17c461fa19428df3cafe524bac6f002e1f6fcb430ad8c1c17ceb410f,train
otter,inaturalist,251906478,450831350,cc-by-nc,https://inaturalist-open-data.s3.amazonaws.com/photos/450831350/large.jpeg,829b17b720609a27b69bc209fe4b54d3ccd715d2ec8d47e43b78e653d6c42017,train
otter,inaturalist,288826562,519672140,cc-by-nc,https://inaturalist-open-data.s3.amazonaws.com/photos/519672140/large.jpg,5566955d7ed253c210fad83641c7d2a9a6be28ccf0adb326fc80b21ca63815b2,train
otter,inaturalist,288826562,519672166,cc-by-nc,https://inaturalist-open-data.s3.amazonaws.com/photos/519672166/large.jpg,d454c2fcf40c014399b570aec94b3efccd14aa279fbc5c1cc57c3995d2fd4591,train
otter,inaturalist,128288649,217897422,cc-by-nc,https://inaturalist-open-data.s3.amazonaws.com/photos/217897422/large.jpg,1a3397452dfa56604cfe8f1c2703b1968122eeec77e9ad4d3614544386816ae0,val
otter,inaturalist,58497878,93404365,cc-by-nc,https://inaturalist-open-data.s3.amazonaws.com/photos/93404365/large.gif,53becd989cbc2edaf92a5a29f2b2ac4cd3930977c7a37070aab65c770faec878,train
otter,inaturalist,58497878,93400276,cc-by-nc,https://inaturalist-open-data.s3.amazonaws.com/photos/93400276/large.jpg,853fefab8b969e95eb04399ae1be99a3b3a6f0e8e2009003666ab15dd6814f1b,train
otter,inaturalist,58497878,107605735,cc-by-nc,https://inaturalist-open-data.s3.amazonaws.com/photos/107605735/large.jpg,d26f9b62eb9df61fdf8928c42c1d9de51ed15419334241b99c7a0dfa98302601,train
otter,inaturalist,58497878,107605740,cc-by-nc,https://inaturalist-open-data.s3.amazonaws.com/photos/107605740/large.jpg,4a1c2b129e6ea218720f535ef648ba68adce06ea18307aade14ba5c14fca9245,train
otter,inaturalist,263165449,472723270,cc-by-nc,https://inaturalist-open-data.s3.amazonaws.com/photos/472723270/large.jpeg,d23fd29d4733c8ba23178393af8584003c676d122786c4c941e3f252eaab758c,val
otter,inaturalist,119244863,201558294,cc-by-nc,https://inaturalist-open-data.s3.amazonaws.com/photos/201558294/large.jpeg,df2fe902b3191548e07369eabcc167febc8a82973250628f45c33c5e5709d8fd,test
otter,inaturalist,119244863,201558350,cc-by-nc,https://inaturalist-open-data.s3.amazonaws.com/photos/201558350/large.jpeg,b11f36884fd8595cf1c56b463167314c538f618aee0c40f132b83b0ef67861b8,test
otter,inaturalist,337667320,613890769,cc-by-nc,https://inaturalist-open-data.s3.amazonaws.com/photos/613890769/large.jpg,c1f206e0fb5558aa6a33e7c4619fddb5643c20a19be320c640bf57ffc5136b82,train
otter,inaturalist,337667320,613890763,cc-by-nc,https://inaturalist-open-data.s3.amazonaws.com/photos/613890763/large.jpg,119b9c86536dfedcbf09efed6090b4f8fd590c462843292778910dd0a83f9906,train
otter,inaturalist,337667320,613890766,cc-by-nc,https://inaturalist-open-data.s3.amazonaws.com/photos/613890766/large.jpg,f6d52cdba8f1bd30fb55795132959d19a1340b777cb39a0c7013e997765ccf22,train
otter,inaturalist,337667320,613890767,cc-by-nc,https://inaturalist-open-data.s3.amazonaws.com/photos/613890767/large.jpg,1752dc7f541998a60a1fbfc7535d1fce0fc796ece9d27c59a11babb4edd8c3fe,train
otter,inaturalist,337667320,613890770,cc-by-nc,https://inaturalist-open-data.s3.amazonaws.com/photos/613890770/large.jpg,6aab68be4eb2b363670fa4b1097357530b661dfc232d8214d2eb0722a6a7c91f,train
otter,inaturalist,79036843,129411921,cc0,https://inaturalist-open-data.s3.amazonaws.com/photos/129411921/large.jpg,85bdc5b55d7f7c4dbe9f7caae2fd12878609f7ab8a2e20a4d80d4be1a6e3067e,val
otter,inaturalist,280600536,503981169,cc-by-nc,https://inaturalist-open-data.s3.amazonaws.com/photos/503981169/large.jpeg,e3d4eee0b596359af035c4819bfe095b0170c3923e1a70f4cbc3db32209e48dc,train
otter,inaturalist,42121422,66859198,cc-by-nc,https://inaturalist-open-data.s3.amazonaws.com/photos/66859198/large.jpg,4c44d6d6b3660d0f9b09f3a31c31738f98863a8145a1b8f84164f1aaadd038d0,train
otter,inaturalist,330363943,599044738,cc-by-nc,https://inaturalist-open-data.s3.amazonaws.com/photos/599044738/large.jpg,16c6e7e6b45aa99e334dcc5b8f20ce8df2c358ee50b6212171cce0bd38983e57,train
otter,inaturalist,192266101,337482022,cc-by,https://inaturalist-open-data.s3.amazonaws.com/photos/337482022/large.jpg,6f63806e82e1cfa4b47619d03fc2bb88fae5e9ef64c969cb1186219d03b13d5c,val
otter,inaturalist,192266101,337482481,cc-by,https://inaturalist-open-data.s3.amazonaws.com/photos/337482481/large.jpg,1acc7518ae4d4f1fc15f562d3bfbaf1b47b580760a9a73b7693cc8d4221302c5,val
otter,inaturalist,203485621,359529309,cc-by-nc,https://inaturalist-open-data.s3.amazonaws.com/photos/359529309/large.jpg,1b81af96f9024242469b71c0922549053c1c84181019fce9683ec28887febb52,test
otter,inaturalist,177557461,308850850,cc-by-nc,https://inaturalist-open-data.s3.amazonaws.com/photos/308850850/large.jpg,873b3d6b15e222c1b7da73f740e7f62dd340124a9c8c0579084b71c8fe61e4ca,train
otter,inaturalist,177557461,308851110,cc-by-nc,https://inaturalist-open-data.s3.amazonaws.com/photos/308851110/large.jpg,36f58989e296a35d5b9cb6a0322676eff43fe343a54fe9f0e1564bd1b2315518,train
otter,inaturalist,79732360,130619137,cc-by-nc,https://inaturalist-open-data.s3.amazonaws.com/photos/130619137/large.jpg,7c4e1cc1ecb5b3810099054d179e168d5a4e5c42060e0a7c973b946830db382e,train
otter,inaturalist,338892720,616379266,cc-by-nc,https://inaturalist-open-data.s3.amazonaws.com/photos/616379266/large.jpg,1fd9cd2247eccb2de04378d0f270b42ef866fd010eedf3371234c5fbadec0ac1,train
otter,inaturalist,249363711,445745024,cc-by-nc,https://inaturalist-open-data.s3.amazonaws.com/photos/445745024/large.jpeg,e2b32d1ffe78c72ff311e944ade4bfa99b15dc023e2a19a812dc4d2d333640b9,test
otter,inaturalist,69086403,112024381,cc-by-nc,https://inaturalist-open-data.s3.amazonaws.com/photos/112024381/large.jpeg,52c8a71f5e3c7b52e8504d5cf57dd41856c780960b618941806124bac50196a7,train
otter,inaturalist,69086403,112024386,cc-by-nc,https://inaturalist-open-data.s3.amazonaws.com/photos/112024386/large.jpeg,34f0245d8e0f7c4d44b610f274b5a478dd7951b4aed13f96b2d49fb68af10d94,train
otter,inaturalist,69086403,112024397,cc-by-nc,https://inaturalist-open-data.s3.amazonaws.com/photos/112024397/large.jpeg,735ff57737cfc555079ca0a5675194e80eeb275c6cff0f38a6c9f4f80ae14e30,train
otter,inaturalist,69086403,112024407,cc-by-nc,https://inaturalist-open-data.s3.amazonaws.com/photos/112024407/large.jpeg,2c3012bb80362319603f38f4858e7cf71abae8154bc245886d511b057a5a1b36,train
otter,inaturalist,313650059,567784293,cc-by-nc,https://inaturalist-open-data.s3.amazonaws.com/photos/567784293/large.jpg,5e690b1072ffa3ed534ab859bea3735cabb90a881264567ac2163b845dc25748,val
otter,inaturalist,313650059,567784469,cc-by-nc,https://inaturalist-open-data.s3.amazonaws.com/photos/567784469/large.jpg,99a2a802d8ac22864fd19c7d9e7e143eb87b93d797a52373d014f4c1a15e58ec,val
otter,inaturalist,319224094,577019511,cc-by-nc,https://inaturalist-open-data.s3.amazonaws.com/photos/577019511/large.jpg,fc545e9593b4504ea0611c56eba3036b5767161b6cbdc8d66761116632df3e5e,test
otter,inaturalist,319224094,577019564,cc-by-nc,https://inaturalist-open-data.s3.amazonaws.com/photos/577019564/large.jpg,44b7e9965c3de7c3fc4320ae4090f67d0fd5aba23408914c9cbc6ac4b198badb,test
otter,inaturalist,107334037,180498130,cc-by,https://inaturalist-open-data.s3.amazonaws.com/photos/180498130/large.jpg,21941ebe3f7d252dcfb3864b2f7a7b35290ec4ea2f02cdc5b385a40b20635aec,train
otter,inaturalist,107334037,180498145,cc-by,https://inaturalist-open-data.s3.amazonaws.com/photos/180498145/large.jpg,71fab076acb248cd1a9b6e72aab42c8ea8556a1e9826c82eff91ac082f12f869,train
otter,inaturalist,107334037,180498139,cc-by,https://inaturalist-open-data.s3.amazonaws.com/photos/180498139/large.jpg,984deecbfb2e36d9fd5e430a15dfd09c72c0015be361b1effdf3fb0faa88bc30,train
otter,inaturalist,21985467,34077062,cc-by-nc,https://inaturalist-open-data.s3.amazonaws.com/photos/34077062/large.jpg,92124a52ec8ac2ab40f0646d55946786254aff1eb9209296aef51bbef7d21fde,train
otter,inaturalist,160330165,277045238,cc-by-nc,https://inaturalist-open-data.s3.amazonaws.com/photos/277045238/large.jpg,b2b033dcfa3840f8d680df95c65b6ebe0ed702c0bfd4d1e2ab624ae543057a89,train
otter,inaturalist,160330165,277076518,cc-by-nc,https://inaturalist-open-data.s3.amazonaws.com/photos/277076518/large.jpg,31120d6c8ff93465fe01e8d6e63aa067708006e5216cf1fb3bc61182e3cfba8f,train
otter,inaturalist,160330165,277076522,cc-by-nc,https://inaturalist-open-data.s3.amazonaws.com/photos/277076522/large.jpg,132801367842bb93027d1b78f9bf15755cb706d0c62c92ad62c62f40f2673b54,train
otter,inaturalist,160330165,277076525,cc-by-nc,https://inaturalist-open-data.s3.amazonaws.com/photos/277076525/large.jpg,7288db28e9fef0b5640f95006d7a27db74a1d08045446d53903b8b538ec0b01e,train
otter,inaturalist,132304089,225285190,cc-by-nc,https://inaturalist-open-data.s3.amazonaws.com/photos/225285190/large.gif,7f20640eddd8ba91d5886addea6e8a87b60c452bd97b67b35e369d4a61a9b275,val
otter,inaturalist,132304089,225285924,cc-by-nc,https://inaturalist-open-data.s3.amazonaws.com/photos/225285924/large.jpeg,011a5e75d43f7ce787cfd6b846b7efcf8f512f507bd020bab63f73252ec23109,val
otter,inaturalist,132304089,225286125,cc-by-nc,https://inaturalist-open-data.s3.amazonaws.com/photos/225286125/large.jpeg,c1209b2665a0b7085182a84f08769e4d74ef7df05f443880b25ff6a3876ca298,val
otter,inaturalist,132304089,225286338,cc-by-nc,https://inaturalist-open-data.s3.amazonaws.com/photos/225286338/large.jpeg,46e359bf7358c788b0d3f6dfe9036dc9c706254cb1e5f2535fedba6090887d91,val
otter,inaturalist,332883581,604223771,cc-by-nc,https://inaturalist-open-data.s3.amazonaws.com/photos/604223771/large.jpg,723db068710e6b5c9c49e7f4bb27291fdddf09ed5ab4732154f9db5db3985ac1,test
otter,inaturalist,201256490,355238789,cc-by-nc,https://inaturalist-open-data.s3.amazonaws.com/photos/355238789/large.jpeg,270c342fd47a7f9dca5622fdd69505aba1f0cfa748fc2156c27e48098a2b8750,train
otter,inaturalist,321108649,580676785,cc-by-nc,https://inaturalist-open-data.s3.amazonaws.com/photos/580676785/large.jpg,12f37bacc5adc70991e10dbd08b66c66cf4372c95151e807989561cc1bd62d13,train
otter,inaturalist,321108649,580676827,cc-by-nc,https://inaturalist-open-data.s3.amazonaws.com/photos/580676827/large.jpg,46e950028cb28ca60135ea3a64746808c7e2b7eded6b0295a8615889eea44d75,train
otter,inaturalist,335880629,610264455,cc-by-nc,https://inaturalist-open-data.s3.amazonaws.com/photos/610264455/large.jpg,25266874d573db80cbe58394c3d0c1ba0f4bd12ef0c05afb4a0d3ac3fc48eb54,train
otter,inaturalist,335880629,610264394,cc-by-nc,https://inaturalist-open-data.s3.amazonaws.com/photos/610264394/large.jpg,e809bad3be688b1337c2d4086e1724fb3727921fc80b14737fd5fb10ffb38a35,train
otter,inaturalist,335880629,610264390,cc-by-nc,https://inaturalist-open-data.s3.amazonaws.com/photos/610264390/large.jpg,ec2f58e502b87f7d33374ea9e98bdc4fbeb2a48376103df9da404cba5def3bee,train
otter,inaturalist,335880629,610264459,cc-by-nc,https://inaturalist-open-data.s3.amazonaws.com/photos/610264459/large.jpg,66c6956cab164dd942afaa8440d09d039805a6229dbfdf718dec3d02786d67ae,train
otter,inaturalist,335880629,610264466,cc-by-nc,https://inaturalist-open-data.s3.amazonaws.com/photos/610264466/large.jpg,030115e657bca4dd9a80f4fa7b317713a0ca03479fd2bad8a3265ead20233708,train
otter,inaturalist,335880629,610264469,cc-by-nc,https://inaturalist-open-data.s3.amazonaws.com/photos/610264469/large.jpg,00b68036f1080a753f2165ce764d4345381dafa8785654a3ebac6e0e9ebcb98b,train
otter,inaturalist,335880629,610264473,cc-by-nc,https://inaturalist-open-data.s3.amazonaws.com/photos/610264473/large.jpg,4495e8d985e455a589b427233fd6be4df9b0d0b38733ac6bb6a866c8ad8632ae,train
otter,inaturalist,335880629,610264475,cc-by-nc,https://inaturalist-open-data.s3.amazonaws.com/photos/610264475/large.jpg,259232368d2c8503e745053b3655372d3306a6e5ba531de26c3672fbd51dabb6,train
otter,inaturalist,335880629,610264477,cc-by-nc,https://inaturalist-open-data.s3.amazonaws.com/photos/610264477/large.jpg,7e7b56ffb5db99b6f5be19849cbb916303ea6501caaabe024aa20690ece52532,train
otter,inaturalist,335880629,610264494,cc-by-nc,https://inaturalist-open-data.s3.amazonaws.com/photos/610264494/large.jpg,82644c7734a8d1e3d2931c0757121f9acc480ea400db4558bd4ae156e6c5f121,train
otter,inaturalist,335880629,610264517,cc-by-nc,https://inaturalist-open-data.s3.amazonaws.com/photos/610264517/large.jpg,f49a3f434cd3715ee7d434f6728553772f768bc45feff54af87f5b3f4f8e37b1,train
otter,inaturalist,335880629,610264528,cc-by-nc,https://inaturalist-open-data.s3.amazonaws.com/photos/610264528/large.jpg,d93b86b423e7f02520f7d2c2463c3b23c0183425344969bfcf6ea112ae646826,train
otter,inaturalist,335880629,610264535,cc-by-nc,https://inaturalist-open-data.s3.amazonaws.com/photos/610264535/large.jpg,2628f06323c600451ed6ce149f220d4402e6fcd82526dc6304b7650eea7bfc01,train
otter,inaturalist,66084899,106457412,cc-by,https://inaturalist-open-data.s3.amazonaws.com/photos/106457412/large.jpeg,f5bc60b2f28e97fa5b5deb6c9c5ccfab182b0f3cc6fe5e8f5dd2f4270cb585a9,test
otter,inaturalist,66084899,106645078,cc-by,https://inaturalist-open-data.s3.amazonaws.com/photos/106645078/large.jpeg,dd7131cd19c8f67a060eaa6009c431ba5e0444fba46aef457616540ab373a3fa,test
otter,inaturalist,66084899,106645083,cc-by,https://inaturalist-open-data.s3.amazonaws.com/photos/106645083/large.jpeg,59511286846565409e76cd6825f7c512505c052502f964860ca58e2b449d87fe,test
otter,inaturalist,66084899,106645090,cc-by,https://inaturalist-open-data.s3.amazonaws.com/photos/106645090/large.jpeg,835ed59f46462bf7d932873ccabea4074175c6128c10a40d3d697a1b47c588fd,test
otter,inaturalist,66084899,106645098,cc-by,https://inaturalist-open-data.s3.amazonaws.com/photos/106645098/large.jpeg,401ab5a65bf92b86472d54c4dd5cc3ecba52416ac041cc9c3eb4f4c4975a87e9,test
otter,inaturalist,66084899,106645104,cc-by,https://inaturalist-open-data.s3.amazonaws.com/photos/106645104/large.jpeg,d129904204e90233d9e658dc9f4c3298d2f8e315fc75f147a8510e39a5258129,test
otter,inaturalist,66084899,106645110,cc-by,https://inaturalist-open-data.s3.amazonaws.com/photos/106645110/large.jpeg,f04b2763291e7de1259bb6c68e7ee6b752e4ed25a37a48f05eb9ed03023968ea,test
otter,inaturalist,66084899,106645114,cc-by,https://inaturalist-open-data.s3.amazonaws.com/photos/106645114/large.jpeg,188bb9b456b30ae700d83b6c132d6c734ebd247479f95ae063c34215682db47d,test
otter,inaturalist,66084899,106645120,cc-by,https://inaturalist-open-data.s3.amazonaws.com/photos/106645120/large.jpeg,28625cb7aaeb1165c2bb8e2d4f4802d2a5b19199dd3d34673f8c1c89fe4d85c6,test
otter,inaturalist,66084899,106645126,cc-by,https://inaturalist-open-data.s3.amazonaws.com/photos/106645126/large.jpeg,6e17d4592b8635f3d7ad3ea43f0fba49d15ff5f759f138eb291cb9aaf21b7921,test
otter,inaturalist,66084899,106645132,cc-by,https://inaturalist-open-data.s3.amazonaws.com/photos/106645132/large.jpeg,04a2255fb449d6c17ce0b5c667fcb5de6b4b6589bf99a4e88045df73f122079d,test
otter,inaturalist,298291193,537278518,cc-by-nc,https://inaturalist-open-data.s3.amazonaws.com/photos/537278518/large.jpg,6ecc474af42ecf369b6e5f4023ce9176fe2661dfbd93b53ea135b757c7fa2180,val
otter,inaturalist,136214071,232441150,cc-by,https://inaturalist-open-data.s3.amazonaws.com/photos/232441150/large.jpeg,ea69b4a4d607f270b69cca8c413de14ca805930596fb3f1ad1abb312f14c9139,train
otter,inaturalist,241525548,430463530,cc-by-nc,https://inaturalist-open-data.s3.amazonaws.com/photos/430463530/large.jpeg,9a6830356a04e541fc82ddbcee8747092234570558cdf7d9a90fc97fa28c7471,train
otter,inaturalist,198294478,349467232,cc-by,https://inaturalist-open-data.s3.amazonaws.com/photos/349467232/large.jpeg,d0fe8fc0f1ead766183fe75b3b7c8a884a7e37834c016194fb9e7d012677de24,train
otter,inaturalist,198294478,349467245,cc-by,https://inaturalist-open-data.s3.amazonaws.com/photos/349467245/large.jpeg,667b986f4f10e46b35ad702fe30de5e5a5fd003ddc55e5843e570dc9fe72cdd2,train
otter,inaturalist,198294478,349467257,cc-by,https://inaturalist-open-data.s3.amazonaws.com/photos/349467257/large.jpeg,ba6249c9d89a4bf26c4cd129d829ec2ab1c48eeb05f8a773cad9f144f6c1a199,train
otter,inaturalist,198294478,349467264,cc-by,https://inaturalist-open-data.s3.amazonaws.com/photos/349467264/large.jpeg,a6195e0e9120274df48dab07ac0d352178a3faf88849c3621cfa99d544b60411,train
otter,inaturalist,198294478,349467274,cc-by,https://inaturalist-open-data.s3.amazonaws.com/photos/349467274/large.jpeg,06473a3338a02132e868c9e6d7a1617f1882ca4fc074bc1cbb77f6e846ab4fc5,train
otter,inaturalist,118702957,200587247,cc-by,https://inaturalist-open-data.s3.amazonaws.com/photos/200587247/large.jpg,170d3ad8cf04720f68fadbfc2339bb3cfa12b5f9b273253c73db9ec48ab08ae4,val
otter,inaturalist,278724992,500486731,cc-by-nc,https://inaturalist-open-data.s3.amazonaws.com/photos/500486731/large.jpeg,756d4cd381da103a5c88bf2a17e3810f09e090ab1f11798d67e1bc111307475d,train
otter,inaturalist,8184411,10841176,cc-by-nc,https://inaturalist-open-data.s3.amazonaws.com/photos/10841176/large.jpeg,c11263705f58159626a0d25057ab56ded18f011ff9752773ce9c4bc9d1706d8a,val
otter,inaturalist,280903799,504538299,cc-by-nc,https://inaturalist-open-data.s3.amazonaws.com/photos/504538299/large.jpg,d6f9bd07a16387f3b66f503f37f2fe99f44b314a4bb0ab1e4b8d8df92eca1e3b,train
otter,inaturalist,280903799,504538311,cc-by-nc,https://inaturalist-open-data.s3.amazonaws.com/photos/504538311/large.jpg,b9aea3687e46813adc10268603ef64b260cb196933dd5db4156dc532e3a59f33,train
otter,inaturalist,280903799,504538301,cc-by-nc,https://inaturalist-open-data.s3.amazonaws.com/photos/504538301/large.jpg,3e2e0b54fdf10fd33a7cd98bdb23e80f518e631d3e05ac33537bf0d84734c41a,train
otter,inaturalist,172810274,300041673,cc-by-nc,https://inaturalist-open-data.s3.amazonaws.com/photos/300041673/large.jpg,48c3487986365e3bfaca1b4d0bd64af42f92296eb3825c7ac7be6c7bcb4e2291,train
otter,inaturalist,172810274,300041704,cc-by-nc,https://inaturalist-open-data.s3.amazonaws.com/photos/300041704/large.jpg,14fd24886c6a3ed50cc109445e013d8692a5bea07a890360774e95d747ef6dab,train
otter,inaturalist,172810274,300041721,cc-by-nc,https://inaturalist-open-data.s3.amazonaws.com/photos/300041721/large.jpg,514a68b953152c016ec676e47ff4bde16d26dc774530b2a94822bc12b41ee470,train
otter,inaturalist,172810274,300041741,cc-by-nc,https://inaturalist-open-data.s3.amazonaws.com/photos/300041741/large.jpg,dee2d2f968a656a08cf2a1ec87943ada8a2d4d69c84e9ce558d62e6d9624e940,train
otter,inaturalist,78568353,128600077,cc-by-nc,https://inaturalist-open-data.s3.amazonaws.com/photos/128600077/large.jpg,2351b688674db9256bef1516f8daa4793f29b0c77f8db8415493bdb0c163e664,val
otter,inaturalist,254440721,455753494,cc-by-nc,https://inaturalist-open-data.s3.amazonaws.com/photos/455753494/large.jpeg,d270ed4bde6e3643d01e2524c5ee5affaf4df21480437427f8bfc4c5d6c3080b,train
otter,inaturalist,279192809,501340301,cc-by-nc,https://inaturalist-open-data.s3.amazonaws.com/photos/501340301/large.jpg,ab5f1a154a98f78da67093240b8b3b1d2270aac101992d1f25f0cb198236eef2,val
otter,inaturalist,279192809,501417280,cc-by-nc,https://inaturalist-open-data.s3.amazonaws.com/photos/501417280/large.jpg,e1299be79d674f0193226dc5556001ad3dff6eeb40428f82eaa3e47e4cd836df,val
otter,inaturalist,106730282,179357501,cc-by,https://inaturalist-open-data.s3.amazonaws.com/photos/179357501/large.jpg,2aee7e04a63ab27fac72509c01f983644ace35abc67df78e077da43578f0c3c9,train
otter,inaturalist,286020658,514145600,cc-by-nc,https://inaturalist-open-data.s3.amazonaws.com/photos/514145600/large.jpg,f32f696e4a3db1cbaae6325d86dd6cfa335d27df36bf7c545d09059e90cd4645,train
otter,inaturalist,151201795,260851100,cc-by-nc,https://inaturalist-open-data.s3.amazonaws.com/photos/260851100/large.jpg,6338d6a9b63655d901553d4a9918e5a635fa96af9761b5174435c447b2638488,train
otter,inaturalist,238775152,425150378,cc-by-nc,https://inaturalist-open-data.s3.amazonaws.com/photos/425150378/large.jpg,30437e0eaa6bb06d5d618de648c81933890909b7fd59c5125f63598fca49086c,train
otter,inaturalist,238775152,425150502,cc-by-nc,https://inaturalist-open-data.s3.amazonaws.com/photos/425150502/large.jpg,2788f2708aa1d67d4eedfb605ceb351301bb7b2b496757212e5781c0f0cdd4a2,train
otter,inaturalist,134069607,228464549,cc-by,https://inaturalist-open-data.s3.amazonaws.com/photos/228464549/large.jpg,f069a020f5d1c298a212ac5c1062d72ae6c937f13ba7eca916698286f12bc58d,train
otter,inaturalist,337324916,613186478,cc-by-nc,https://inaturalist-open-data.s3.amazonaws.com/photos/613186478/large.jpg,0e4941ba2a4099a10183781446408d1211177360109706e3ade160ed6f85f7e2,train
otter,inaturalist,337324916,613186507,cc-by-nc,https://inaturalist-open-data.s3.amazonaws.com/photos/613186507/large.jpg,ab440eb303d450e0db614ce78b092b1c122e40c0b27d6b83bfb0baf256e12fdd,train
otter,inaturalist,337324916,613186527,cc-by-nc,https://inaturalist-open-data.s3.amazonaws.com/photos/613186527/large.jpg,02b55b1c8635e9eed3f42b2e7cd22227ac62f4bbb4545f4e59fab2e60b6760de,train
otter,inaturalist,337324916,613186544,cc-by-nc,https://inaturalist-open-data.s3.amazonaws.com/photos/613186544/large.jpg,bbab3911668bc4add76700efed192b37b9a3e342c9bcd0ac000d5a4a7aa65002,train
otter,inaturalist,337324916,613186565,cc-by-nc,https://inaturalist-open-data.s3.amazonaws.com/photos/613186565/large.jpg,e3e51a6133d09e867d4c7fcdff6cd798274259c19c733145302e1e66db8a6852,train
otter,inaturalist,337324916,613186579,cc-by-nc,https://inaturalist-open-data.s3.amazonaws.com/photos/613186579/large.jpg,ddb49230dedb2efe9907f545c74019c74ced192bbbe19a74860f78e69ba9769a,train
otter,inaturalist,337324916,613186600,cc-by-nc,https://inaturalist-open-data.s3.amazonaws.com/photos/613186600/large.jpg,1bc0326fb4ee746a4bbbb8d9fff721b25977172195309fedfaf606392618f81e,train
otter,inaturalist,47634308,75554754,cc-by-nc,https://inaturalist-open-data.s3.amazonaws.com/photos/75554754/large.jpeg,cf4eaae0d0750a1af12ee177533cbd5240dea82a7876fca01e9a4bc7cc548f7f,val
otter,inaturalist,214011865,378235681,cc-by-nc,https://inaturalist-open-data.s3.amazonaws.com/photos/378235681/large.jpeg,799f3a4f880c7232d441a00a5256f4790c48f0a54fb32ed2c94e094cfc839d29,val
otter,inaturalist,129985753,220984518,cc-by-nc,https://inaturalist-open-data.s3.amazonaws.com/photos/220984518/large.jpg,cc2281fcdcfc415cde9e64f77086c06a4c7607dd94d0b535aae07b2225a7657b,train
otter,inaturalist,129985753,220984556,cc-by-nc,https://inaturalist-open-data.s3.amazonaws.com/photos/220984556/large.jpg,818192141f6bb9cc9bcba59433e08bb6da935bcfa7eb8f636d42e07c4045cf1a,train
otter,inaturalist,129985753,220984604,cc-by-nc,https://inaturalist-open-data.s3.amazonaws.com/photos/220984604/large.jpg,e42b0b42f9bd86369420548716d41ed7456c9c2e9ee75eda9887b7fd005bcaea,train
otter,inaturalist,141292948,249011583,cc-by-nc,https://inaturalist-open-data.s3.amazonaws.com/photos/249011583/large.jpg,ae46d46c7590fb216fc91a87d920e36d6012caaa674a6c6f48280770d996e0cf,val
otter,inaturalist,247212529,441474417,cc-by,https://inaturalist-open-data.s3.amazonaws.com/photos/441474417/large.jpg,6380732a49b42168e3c0d3d83377e141a750cfba796d138833c208140f3506f7,test
otter,inaturalist,247212529,441474451,cc-by,https://inaturalist-open-data.s3.amazonaws.com/photos/441474451/large.jpg,97a73b249ffb08c6542b227114c61af41f5a005f66c39d151657dd6c75684953,test
otter,inaturalist,218150073,385997220,cc-by-nc,https://inaturalist-open-data.s3.amazonaws.com/photos/385997220/large.jpeg,dde587f5e276e61fad768895c1ce63ac6c0b24fc41ef974b0e77d6df13f2dc19,train
otter,inaturalist,218150073,385997308,cc-by-nc,https://inaturalist-open-data.s3.amazonaws.com/photos/385997308/large.jpeg,8a4b3e4c35eb47c152d02f3f7734abc59f6f7ec21ed1104c35e1852a9236305c,train
otter,inaturalist,218150073,385997439,cc-by-nc,https://inaturalist-open-data.s3.amazonaws.com/photos/385997439/large.jpeg,8bf9bc5642aa7a45abe7d4095031ca63960cfc4254ba373364e825a81e9102d2,train
otter,inaturalist,218150073,385997604,cc-by-nc,https://inaturalist-open-data.s3.amazonaws.com/photos/385997604/large.jpeg,5d2bf556c2397c213d35a961bc9c6c2dc51fc714826dbea46277e1aecc0d5552,train
otter,inaturalist,218150073,385997721,cc-by-nc,https://inaturalist-open-data.s3.amazonaws.com/photos/385997721/large.jpeg,686036a510101e2d5db95ce990418f953cac2f781e66c9039fc221c42a50fbf0,train
otter,inaturalist,218150073,385997897,cc-by-nc,https://inaturalist-open-data.s3.amazonaws.com/photos/385997897/large.jpeg,0db988fb1a2308b1dc09d5e12ec842f2acbc53d31b9510c76810bd7aaf172e68,train
otter,inaturalist,218150073,385998037,cc-by-nc,https://inaturalist-open-data.s3.amazonaws.com/photos/385998037/large.jpeg,69499d0f1dd8ae8dfd28a8430af2446c29cafb8afee4114235431ea0baa6a773,train
otter,inaturalist,218150073,385998203,cc-by-nc,https://inaturalist-open-data.s3.amazonaws.com/photos/385998203/large.jpeg,00ac477e848f8bc7b3035a91f7bb1376e14d04a56d00e1287a8dcfc7f961b43a,train
otter,inaturalist,218150073,385998297,cc-by-nc,https://inaturalist-open-data.s3.amazonaws.com/photos/385998297/large.jpeg,0880fbc2447d83a8fa55bdf1e2dc681eb0a5271a174926216707fcc437341a4d,train
otter,inaturalist,218150073,385998392,cc-by-nc,https://inaturalist-open-data.s3.amazonaws.com/photos/385998392/large.jpeg,cc69d1ae4842cc46c1c65e787b5431d7d8f080fde7a90d87937faaf6344bee80,train
otter,inaturalist,218150073,385998508,cc-by-nc,https://inaturalist-open-data.s3.amazonaws.com/photos/385998508/large.jpeg,277dcff71e34f13aca8700770f830bce704bfe34e97acd10d77549a81f24972c,train
otter,inaturalist,218150073,385998590,cc-by-nc,https://inaturalist-open-data.s3.amazonaws.com/photos/385998590/large.jpeg,b5d29f8164f15f3d244375f206df2454b7d22d0ba7c9195e645030e13a628381,train
otter,inaturalist,218150073,385998690,cc-by-nc,https://inaturalist-open-data.s3.amazonaws.com/photos/385998690/large.jpeg,45f9f0225e838f2f9f53cf5afc0a8cdd9a2808b0df7abd20337d4052fad3ff06,train
otter,inaturalist,218150073,385998766,cc-by-nc,https://inaturalist-open-data.s3.amazonaws.com/photos/385998766/large.jpeg,a9656b9d443c7659b22096b969656b4f3004124fcc78ab60a55f9833fee15483,train
otter,inaturalist,218150073,385998829,cc-by-nc,https://inaturalist-open-data.s3.amazonaws.com/photos/385998829/large.jpeg,c0d324ef504b7d73b981a1ae9893875eae29df3bbd2bebba56ccb873a4684a77,train
otter,inaturalist,218150073,385998890,cc-by-nc,https://inaturalist-open-data.s3.amazonaws.com/photos/385998890/large.jpeg,a895f27c36e337053200de51278cf262ca671903055dc2e51a14e7c68528e722,train
otter,inaturalist,218150073,385998961,cc-by-nc,https://inaturalist-open-data.s3.amazonaws.com/photos/385998961/large.jpeg,5ca03804daa448a44c17046db85069aad94e1221acc59341153eed271b1ffa1b,train
otter,inaturalist,309057316,557653562,cc-by-nc,https://inaturalist-open-data.s3.amazonaws.com/photos/557653562/large.jpg,2073e6250f0a9ab0a511bcfcf930b077fb3129ca6174d017224be04cf7a99863,val
otter,inaturalist,309057316,557653710,cc-by-nc,https://inaturalist-open-data.s3.amazonaws.com/photos/557653710/large.jpg,9861894aea234c3a1ce4b6b486713d64ee4efba75599b125ca7034b1e18f39fa,val
otter,inaturalist,309057316,557653868,cc-by-nc,https://inaturalist-open-data.s3.amazonaws.com/photos/557653868/large.jpg,6c56b16b4477e1a1d5409b4cf10dfd84d5d0a6f1cb3c33265b1d8492edc27b0a,val
otter,inaturalist,289072877,519901144,cc-by-nc,https://inaturalist-open-data.s3.amazonaws.com/photos/519901144/large.jpg,7f75d0f7ebfa129b4f7579e8205e5ca925d0c83e2965cd78b4bce0532b371ba4,test
otter,inaturalist,289072877,519901291,cc-by-nc,https://inaturalist-open-data.s3.amazonaws.com/photos/519901291/large.jpg,ad4d4ff0a5b1f3f856fd0a0d775e84a4d7ba05a6fe6036f861457df9de7dd08d,test
otter,inaturalist,289072877,519901424,cc-by-nc,https://inaturalist-open-data.s3.amazonaws.com/photos/519901424/large.jpg,88cf8b7c15b8ab72400fd60c6f5e7009431241f92e09f66fbd795a9f8ab7ccdd,test
otter,inaturalist,289072877,519901575,cc-by-nc,https://inaturalist-open-data.s3.amazonaws.com/photos/519901575/large.jpg,36d0e01cb07d0e8bad6105c12ed929ebaf59ea023e036b9ba543cf87e7782979,test
otter,inaturalist,33798070,53467210,cc-by-nc,https://inaturalist-open-data.s3.amazonaws.com/photos/53467210/large.jpeg,3b915b6deaae3e71f49534a909f7546ec6b1f0ce488be5e6fe75a3332c2ca33a,val
otter,inaturalist,204283814,361061748,cc-by-nc,https://inaturalist-open-data.s3.amazonaws.com/photos/361061748/large.jpg,d6fa18047be989d92d9a4e4ebe4a54fb33a93f6485f13b3eae501d1fd833071f,train
otter,inaturalist,201466908,355644950,cc-by-nc,https://inaturalist-open-data.s3.amazonaws.com/photos/355644950/large.jpeg,a34170bc04ce2eb9d3d6c63b5fe5c0b3bfe4452371c8cff7af6d6385c1b4735a,train
otter,inaturalist,149047098,256772066,cc-by-nc,https://inaturalist-open-data.s3.amazonaws.com/photos/256772066/large.jpg,0ff9af25c30461215158d1828080e1a2045cb123e8b11d7b1e79d2bdd56e0282,train
otter,inaturalist,15115447,22583509,cc-by,https://inaturalist-open-data.s3.amazonaws.com/photos/22583509/large.jpg,8260f5a092a8851ec1876c6337a741256f2251adc144fe3a18b2848b9964a081,val
otter,inaturalist,15115447,22583539,cc-by,https://inaturalist-open-data.s3.amazonaws.com/photos/22583539/large.jpg,eef2a1b583e55ef52080f8f8c1138bcc38345174a1f36b4777d58d074bef3f9f,val
otter,inaturalist,15115447,22583574,cc-by,https://inaturalist-open-data.s3.amazonaws.com/photos/22583574/large.jpg,47ba7a3e09d0cc95bc10f1136460ef189444ab0331f21b8440274f3953133d08,val
otter,inaturalist,15115447,22583606,cc-by,https://inaturalist-open-data.s3.amazonaws.com/photos/22583606/large.jpg,ca4caf21dbf8f52a3ff6b7b22aa858099876f8abcd6b2d8de3bb3955bd46e310,val
otter,inaturalist,15115447,22583640,cc-by,https://inaturalist-open-data.s3.amazonaws.com/photos/22583640/large.jpg,3ffce109f3255bad1082069d0c37eb28e628a8414428c5c170bf8288a449e496,val
otter,inaturalist,72871652,118894477,cc-by-nc,https://inaturalist-open-data.s3.amazonaws.com/photos/118894477/large.jpeg,5ba350e487ee2c02bf93adfc6abed3c4b6a108335640f2c092e890df435ab8c2,train
otter,inaturalist,186556014,326005607,cc-by-nc,https://inaturalist-open-data.s3.amazonaws.com/photos/326005607/large.jpeg,25a35de12ad13a4f4894e47ba5d104f1a49f81a2700b76fd1b81277b0322e61a,train
otter,inaturalist,146233150,251364662,cc-by,https://inaturalist-open-data.s3.amazonaws.com/photos/251364662/large.jpg,4b1b1337732df74919fe26c3899fef9dba861ef2787e2ab8e9b11f53fa90c586,train
otter,inaturalist,324326972,586990581,cc-by-nc,https://inaturalist-open-data.s3.amazonaws.com/photos/586990581/large.jpg,c064804037c843d405fafbfe2abcc1114acb188967c76c0e8b4e43bc7738470f,train
otter,inaturalist,319224104,577020397,cc-by-nc,https://inaturalist-open-data.s3.amazonaws.com/photos/577020397/large.jpg,b4967c668e22a8f807ad418930329e5f964621f1c9f699aef3b813796c1d3f80,test
otter,inaturalist,319224104,577020733,cc-by-nc,https://inaturalist-open-data.s3.amazonaws.com/photos/577020733/large.jpg,2229a4352cd954ac9b41ddcc07f569b3a7010ba5022061c7a61670d09d4583ca,test
otter,inaturalist,319224104,577020777,cc-by-nc,https://inaturalist-open-data.s3.amazonaws.com/photos/577020777/large.jpg,cb3be6abfcb7af1f4f5f4fa9d7fcb697cdbad4ca1e7f1ebe86f7d86dea2110c0,test
otter,inaturalist,158814574,274414419,cc-by-nc,https://inaturalist-open-data.s3.amazonaws.com/photos/274414419/large.jpg,01a82bff36f9031de9aa5ff9b0495cc615982657ec2fc6064eb78bd1e604f635,train
otter,inaturalist,327512943,593361931,cc-by-nc,https://inaturalist-open-data.s3.amazonaws.com/photos/593361931/large.jpg,74bf55837630303c01bcaebb993c8037f2120fa4948d28cbf3aad20302edb623,train
otter,inaturalist,139648585,238889283,cc-by-nc,https://inaturalist-open-data.s3.amazonaws.com/photos/238889283/large.jpeg,fb4a2381846481e79579c9fddd85ec1e19c40f49db2c35f99080eaf4d01248bf,train
otter,inaturalist,139648585,238889421,cc-by-nc,https://inaturalist-open-data.s3.amazonaws.com/photos/238889421/large.jpeg,703249ee91f9156930ea5ced20afda56b3e171d0975122f9ac48d1af233477df,train
otter,inaturalist,139648585,238889580,cc-by-nc,https://inaturalist-open-data.s3.amazonaws.com/photos/238889580/large.jpeg,4de9b00bd99311d29f82bd128ee0a7303431543c7469d79c74dfca2f265872b0,train
otter,inaturalist,139648585,238889759,cc-by-nc,https://inaturalist-open-data.s3.amazonaws.com/photos/238889759/large.jpeg,c72902634fb5fa4b34ce3fc8024bbe45ca9d147f63db2cec1d22ecd54e1151f5,train
otter,inaturalist,139648585,238889761,cc-by-nc,https://inaturalist-open-data.s3.amazonaws.com/photos/238889761/large.jpeg,94ba63d2addfb5710388fdbf1f3a4bddbd101e2280628b0a1e1d03fdfdab3ed9,train
otter,inaturalist,276933903,497281687,cc-by-nc,https://inaturalist-open-data.s3.amazonaws.com/photos/497281687/large.jpeg,0d5e1b6d60c6704d3032a0233986e9a3d0f83fbe9dc6678fc0c760759d0d85ea,train
otter,inaturalist,276933903,497291841,cc-by-nc,https://inaturalist-open-data.s3.amazonaws.com/photos/497291841/large.jpeg,23f777f8be0b678e7ae32eb4dcc29e8d84cecea1562b9873b8a9b7b4993b5e6f,train
otter,inaturalist,32519375,51012976,cc-by-nc,https://inaturalist-open-data.s3.amazonaws.com/photos/51012976/large.jpg,3896bf714135d8202cafca140915bd344c9c245de46db2589454e863548903c1,train
otter,inaturalist,331814541,602026788,cc-by,https://inaturalist-open-data.s3.amazonaws.com/photos/602026788/large.jpg,be98608ae03ff0224a773c30a618748eb8076ea9bc46539579f0eb55ea39c1c2,train
otter,inaturalist,331814541,602026800,cc-by,https://inaturalist-open-data.s3.amazonaws.com/photos/602026800/large.jpg,5e05f2f7fd553c030fcf8d3458da01337baa73f6588fa6e916f70ee359279ac2,train
otter,inaturalist,331814541,602026817,cc-by,https://inaturalist-open-data.s3.amazonaws.com/photos/602026817/large.jpg,9559e6750919af44135e3e9ae19447395489004b0ba3245c67daefb64b84ab92,train
otter,inaturalist,331814541,602026829,cc-by,https://inaturalist-open-data.s3.amazonaws.com/photos/602026829/large.jpg,dba805218ee4592c2dda0d25e8e925954bc0577b3b89e0ae0d386d1705a695f7,train
otter,inaturalist,149428922,257488601,cc-by-nc,https://inaturalist-open-data.s3.amazonaws.com/photos/257488601/large.jpeg,d51e2a5b65e860c818f18f8f0fc0f10e4e56a7c11a9d143376f35fb2413c46c0,test
otter,inaturalist,149428922,257488624,cc-by-nc,https://inaturalist-open-data.s3.amazonaws.com/photos/257488624/large.jpeg,4d6ad7ecb3e51d7b47ad2a0e1528817bc5e0fbc1d58ee625b85e45ef5d32923f,test
otter,inaturalist,113208353,191283529,cc-by,https://inaturalist-open-data.s3.amazonaws.com/photos/191283529/large.jpg,ce19bf0f9079a52a1d035435afa57bf1e13555647dc71598320b2ed979b1b81d,train
otter,inaturalist,113208353,191283549,cc-by,https://inaturalist-open-data.s3.amazonaws.com/photos/191283549/large.jpg,aea8b9166f1df6aecb94760f59118c3b24069e3b7e63c34cd604f8c5e6da4b81,train
otter,inaturalist,132547630,232534421,cc-by-nc,https://inaturalist-open-data.s3.amazonaws.com/photos/232534421/large.jpeg,58b6f0eeed254f2fed2dc43941e36877677ded7221dfc8cc91ce4512a28f9b71,val
otter,inaturalist,132547630,225708870,cc-by-nc,https://inaturalist-open-data.s3.amazonaws.com/photos/225708870/large.jpeg,bfecddda5ea69e9a9fd253ab753a0607ff622f80953263dab620712f090b884a,val
otter,inaturalist,140652513,240794236,cc-by-nc,https://inaturalist-open-data.s3.amazonaws.com/photos/240794236/large.jpeg,970693d00a96425e950f06afd564658ab044b0cd96edc07dffda0e3d32c7cfc5,train
otter,inaturalist,207055285,366201651,cc-by-nc,https://inaturalist-open-data.s3.amazonaws.com/photos/366201651/large.jpg,b130a2b5f4b4a40f6856713f7547746b85b375114650b46a268c84de6be460e6,train
otter,inaturalist,105092504,176249052,cc-by-nc,https://inaturalist-open-data.s3.amazonaws.com/photos/176249052/large.jpg,0c3a4069d0bb13fe356f3ff8a792c42be9174919a2cece9509f6bbf18069557d,train
otter,inaturalist,105092504,176249057,cc-by-nc,https://inaturalist-open-data.s3.amazonaws.com/photos/176249057/large.jpg,52bb56a93d0579531f6eafb3ce78e79c1f6570d8a44bc5ab82ea7c2014e82d99,train
otter,inaturalist,105092504,176249062,cc-by-nc,https://inaturalist-open-data.s3.amazonaws.com/photos/176249062/large.jpg,363b1d94f804bc5fe877361504bf442602574e9ffbc034d162450f8301c2ff0f,train
otter,inaturalist,105092504,176249070,cc-by-nc,https://inaturalist-open-data.s3.amazonaws.com/photos/176249070/large.jpg,853c86262be59ac2fc609a6c6e56d70543967c4ddb3cdbd2ec645f23035d8468,train
otter,inaturalist,322863351,584139023,cc-by-nc,https://inaturalist-open-data.s3.amazonaws.com/photos/584139023/large.jpg,81e7e4d4aafa869135d78a68cf17b72fc52fa4e65b986481b9d59ab72fc30beb,test
otter,inaturalist,322863351,584139066,cc-by-nc,https://inaturalist-open-data.s3.amazonaws.com/photos/584139066/large.jpg,75612eed5dfbebc193aa30a9e568de22bf99a00aa87a89b7c4a1688ae61d33bc,test
otter,inaturalist,105916733,177825799,cc-by-nc,https://inaturalist-open-data.s3.amazonaws.com/photos/177825799/large.jpeg,fdecad4c182a41b6f97859f3d6b035fce5d9d59a1aed6310eaa7ecabe1498157,train
otter,inaturalist,170614620,295946057,cc-by-nc,https://inaturalist-open-data.s3.amazonaws.com/photos/295946057/large.jpg,e3f4e3830ebe7f1c7eeaf1713477104dc0e22a1f338cc73cc93d359e16629cd8,train
otter,inaturalist,170614620,295946052,cc-by-nc,https://inaturalist-open-data.s3.amazonaws.com/photos/295946052/large.jpg,5161afe5d12ac9b38288ce25d735344d0d1e605249c52e3989578ed25eb83f4d,train
otter,inaturalist,193640295,340182764,cc0,https://inaturalist-open-data.s3.amazonaws.com/photos/340182764/large.jpeg,96e73ac7aad8419369f0664ca8a385bf29fa62631aeabeacda8c2e3225e6328b,val
otter,inaturalist,193640295,340182782,cc0,https://inaturalist-open-data.s3.amazonaws.com/photos/340182782/large.jpeg,7410f761636f76ab100fcb633d9abfc57b20e7526c9f238d9a9ecbedeb8acf82,val
otter,inaturalist,193640295,340182800,cc0,https://inaturalist-open-data.s3.amazonaws.com/photos/340182800/large.jpeg,44d0c09fa3b9bf4b32d59354290e0e1c58107b951a0d884af74c20546b52bbb4,val
otter,inaturalist,193640295,340182821,cc0,https://inaturalist-open-data.s3.amazonaws.com/photos/340182821/large.jpeg,aa81834e515be637c14a1332b28a8fe910dc49cae1d5464aa075e0f6be07f581,val
otter,inaturalist,193640295,340182848,cc0,https://inaturalist-open-data.s3.amazonaws.com/photos/340182848/large.jpeg,4cfa040b8961829ba024efb60ebf7bba95091db4b5d14dc1c4094dc9f463838d,val
otter,inaturalist,193640295,340182882,cc0,https://inaturalist-open-data.s3.amazonaws.com/photos/340182882/large.jpeg,cd21178b4ff0caa0dcdc5f0fdbc83a21d80e0e94c8c140a04b28e4c4e41675f4,val
otter,inaturalist,193640295,340182918,cc0,https://inaturalist-open-data.s3.amazonaws.com/photos/340182918/large.jpeg,acd4b6d6aeea33fc63a47db716033d31ebdc87b0e3cdebcc465fd5885c206753,val
otter,inaturalist,193476406,339880297,cc-by-nc,https://inaturalist-open-data.s3.amazonaws.com/photos/339880297/large.jpg,fdbd5f2e593ecf18bae8b41a03223b98313ab61d6f720c4f3bc0a8f8267430c8,train
otter,inaturalist,186421490,325782874,cc-by-nc,https://inaturalist-open-data.s3.amazonaws.com/photos/325782874/large.jpeg,418402978422616626937b9fd90afbc1fe04322aa2ccbc71b2f8071603fb80ce,train
otter,inaturalist,186421490,325782893,cc-by-nc,https://inaturalist-open-data.s3.amazonaws.com/photos/325782893/large.jpeg,34711c9d66922d0f64c20c0abbbf9746113b8e1515c1dde660e47f0362ca47b8,train
otter,inaturalist,242344903,432040863,cc-by-nc,https://inaturalist-open-data.s3.amazonaws.com/photos/432040863/large.jpeg,d898cecb3406da4f90e26d4f47c3bca5c7eea8817f7670e653443f9d54ad338c,test
otter,inaturalist,327005806,592350183,cc-by-nc,https://inaturalist-open-data.s3.amazonaws.com/photos/592350183/large.jpg,e38aaa3f8023b32177417300403d87f1c53357be2b6e9e585c80fa0c22a33d9a,train
otter,inaturalist,327005806,592350181,cc-by-nc,https://inaturalist-open-data.s3.amazonaws.com/photos/592350181/large.jpg,563e66b0612b9e493534f3bdd1f8e3aafcfda97b90542779a03c06b9796ab3a3,train
otter,inaturalist,294007022,529166531,cc-by,https://inaturalist-open-data.s3.amazonaws.com/photos/529166531/large.jpg,13629c611afcd6c31241b48bb9e2430fa45391b72bbc44800a4da2e878aa741c,train
otter,inaturalist,25766438,39942591,cc-by-nc,https://inaturalist-open-data.s3.amazonaws.com/photos/39942591/large.jpeg,905ef6df096a9d5da71cda8dce71b84debb13ac2fd89195457f87312fc4696d7,train
otter,inaturalist,25766438,39943282,cc-by-nc,https://inaturalist-open-data.s3.amazonaws.com/photos/39943282/large.jpeg,4f8157007d0df8d91145da4955b395359b758c3a48cf72e6a473fcbaf36933f0,train
otter,inaturalist,25766438,39943310,cc-by-nc,https://inaturalist-open-data.s3.amazonaws.com/photos/39943310/large.jpeg,79115fc4aaca2e49cb9bb3ba81163816c82949f5b9d7ca6363db7a733034fcfe,train
otter,inaturalist,25766438,39943326,cc-by-nc,https://inaturalist-open-data.s3.amazonaws.com/photos/39943326/large.jpeg,3a639b11daddf34b87f2e8ee11404409fad5eea9bba4726442fa1c67a2380a86,train
otter,inaturalist,263427903,473240889,cc-by-nc,https://inaturalist-open-data.s3.amazonaws.com/photos/473240889/large.jpg,45e7b735ef14a7beb912392580e840d18568570e8ca21f509006c224e6cc1340,test
otter,inaturalist,298236398,537175711,cc-by-nc,https://inaturalist-open-data.s3.amazonaws.com/photos/537175711/large.jpg,4d53581ca4e092bbd84fe5cf2d484515b35c729df32e7f84218a4e4085c00f48,train
otter,inaturalist,21317548,32966426,cc-by,https://inaturalist-open-data.s3.amazonaws.com/photos/32966426/large.jpeg,3f7aaf4ef2e2d6b7c3164da4d7fe4097c15bf5c2243fc85b5a5009fc8344adef,test
otter,inaturalist,21317548,32966427,cc-by,https://inaturalist-open-data.s3.amazonaws.com/photos/32966427/large.jpeg,9e73e661323536cdf853832346d1bc1464a558ae893a578df0c417913be2d207,test
otter,inaturalist,308133662,555885309,cc-by-nc,https://inaturalist-open-data.s3.amazonaws.com/photos/555885309/large.jpg,2c67b5bce48638e565963f8653cfa69f092d00a5de93d8743c1c4a9ad79c45f5,train
otter,inaturalist,329247064,596777396,cc-by-nc,https://inaturalist-open-data.s3.amazonaws.com/photos/596777396/large.jpg,df4aedf575a6c8dfce2d7c67003b750329385f3d8f82303a708527ed25e02cc6,train
otter,inaturalist,22251361,34456281,cc-by-nc,https://inaturalist-open-data.s3.amazonaws.com/photos/34456281/large.jpg,6074c20a1af933a4405aa279822c1afd5089e720f295ece52a0320ff404a5ebe,train
otter,inaturalist,245115737,440683806,cc-by-nc,https://inaturalist-open-data.s3.amazonaws.com/photos/440683806/large.jpeg,392999df53c980ee92cfe46a9e2cc62b05dce6be064e45353dfd75476f9e48ce,train
otter,inaturalist,302471476,545113763,cc-by,https://inaturalist-open-data.s3.amazonaws.com/photos/545113763/large.jpg,3bcd834e246eaea19afa2195c76438f4533601e68c1584edb30383605c619dc9,train
otter,inaturalist,302471476,545113796,cc-by,https://inaturalist-open-data.s3.amazonaws.com/photos/545113796/large.jpg,a6c1203b385e6b8929786c1abe47f1fef40b5888aa8ebfa10aadabd8c5edc156,train
otter,inaturalist,302471476,545113838,cc-by,https://inaturalist-open-data.s3.amazonaws.com/photos/545113838/large.jpg,856a7d574062d936eb4bb37278ba1f04e033e892830de4438a05b79044678073,train
otter,inaturalist,302471476,545113872,cc-by,https://inaturalist-open-data.s3.amazonaws.com/photos/545113872/large.jpg,7b4ff36f53aebdff6fa2709e81b4beaf5c5c7d4c27edd4c5a9b5d358cb7c6e39,train
otter,inaturalist,302471476,545113903,cc-by,https://inaturalist-open-data.s3.amazonaws.com/photos/545113903/large.jpg,a35347323a9b727bfbe9b98ba5e7e2341e1971ee181a254d22339e8e2f729c11,train
otter,inaturalist,302471476,545113934,cc-by,https://inaturalist-open-data.s3.amazonaws.com/photos/545113934/large.jpg,32e6409e2e8fb01736a74a3597f008e82bcbe32eb7a7fad723759dbcc93981d7,train
otter,inaturalist,302471476,545113963,cc-by,https://inaturalist-open-data.s3.amazonaws.com/photos/545113963/large.jpg,85189f29a66a77d2ad16bc57ae5f0029fbd79d304b072293af7e22a834c6d586,train
otter,inaturalist,302471476,545113992,cc-by,https://inaturalist-open-data.s3.amazonaws.com/photos/545113992/large.jpg,e2fca8b35dbb198006873b3ad499337afab025c10bd3ebe017d5976440935d36,train
otter,inaturalist,302471476,545114013,cc-by,https://inaturalist-open-data.s3.amazonaws.com/photos/545114013/large.jpg,367b8ca67e5e7786045c0063ae7afaacd31f83176b52f7a869e0e19285914fcc,train
otter,inaturalist,302471476,545114054,cc-by,https://inaturalist-open-data.s3.amazonaws.com/photos/545114054/large.jpg,6d256a811051308ff7296a58e214d942c848fdd1192aeb575bb2f94a251773ed,train
otter,inaturalist,302471476,545114096,cc-by,https://inaturalist-open-data.s3.amazonaws.com/photos/545114096/large.jpg,bf7da434b7ceb5d8b06d51141ea3a3e3a506032ad56a88016c5fe3e0c3bf4ff1,train
otter,inaturalist,302471476,545114148,cc-by,https://inaturalist-open-data.s3.amazonaws.com/photos/545114148/large.jpg,85735140aeb1ea66f7c5bb81f47cecb76eb7f127496bd1c440461488b6b4f6bf,train
otter,inaturalist,288764322,519326758,cc0,https://inaturalist-open-data.s3.amazonaws.com/photos/519326758/large.jpg,3858802db91addfcfbfa9652bc715cc9ccaf566b82b73faf0868694294f1a60d,test
otter,inaturalist,288764322,519326806,cc0,https://inaturalist-open-data.s3.amazonaws.com/photos/519326806/large.jpg,101858d97011cd9da7b837ef84c73246247ff9c1391b10f6b2ea00cac59a01a6,test
otter,inaturalist,288764322,519326845,cc0,https://inaturalist-open-data.s3.amazonaws.com/photos/519326845/large.jpg,9a92220d7b25c1b22e20a1c4962ddf400d8cf92834a432145f778bf27a2aa117,test
otter,inaturalist,288764322,519326898,cc0,https://inaturalist-open-data.s3.amazonaws.com/photos/519326898/large.jpg,f8c7b88d04a17181134028ae0ec76d91d1bca6c113c1047dcbf1db4b9e5891c4,test
otter,inaturalist,288764322,519326938,cc0,https://inaturalist-open-data.s3.amazonaws.com/photos/519326938/large.jpg,329a5b9b231c7dca1a776d0fa5142eaeab07e5375ac2d1ce21920f1403e8006e,test
otter,inaturalist,288764322,519326989,cc0,https://inaturalist-open-data.s3.amazonaws.com/photos/519326989/large.jpg,5d7757c4f6d0d5c8b41b62ba652df467ca9b23b48c276db6e3bbb18895dba792,test
otter,inaturalist,36474255,57660906,cc-by-nc,https://inaturalist-open-data.s3.amazonaws.com/photos/57660906/large.jpg,132ecc07ee0e01a7ed91bc2470e176bd679746d700be5c67d032f4197e24b493,val
otter,inaturalist,36474255,57660911,cc-by-nc,https://inaturalist-open-data.s3.amazonaws.com/photos/57660911/large.jpg,01c4fd1841248e60398f9ee494a1debbd849670a61a1efe6f477343ad576f850,val
otter,inaturalist,150667906,259844129,cc-by-nc,https://inaturalist-open-data.s3.amazonaws.com/photos/259844129/large.jpg,aa721dfb9e675edde712dca26c0162f9b085b6fa9d5019f258f7845f1e1ff278,train
otter,inaturalist,323463709,585287985,cc-by-nc,https://inaturalist-open-data.s3.amazonaws.com/photos/585287985/large.jpg,affd56371a62e7777fc49a7c26fee1fa862dfb2603e5cebc5dc54bc8fb96b0a0,train
otter,inaturalist,323463709,585288921,cc-by-nc,https://inaturalist-open-data.s3.amazonaws.com/photos/585288921/large.jpg,097b338a270887b409c691029d5fbe0f2f396f11999a98fa3e39890b82a8caaa,train
otter,inaturalist,146466867,251819439,cc-by,https://inaturalist-open-data.s3.amazonaws.com/photos/251819439/large.jpg,2e3e552bafdc567c13f139a85876c87810c03ec90aeb8a701b380906d53647fa,train
otter,inaturalist,310571628,560537185,cc-by-nc,https://inaturalist-open-data.s3.amazonaws.com/photos/560537185/large.jpg,237642df8d027b3332ec8139f9e30ed3d873e0becf14b7267f9185c08a3d961c,train
otter,inaturalist,106325171,178590380,cc-by,https://inaturalist-open-data.s3.amazonaws.com/photos/178590380/large.jpeg,05b007b77e6db3d33f4460b42f89e002706949c837e5fee938dba431c679078d,train
otter,inaturalist,182928150,319046268,cc0,https://inaturalist-open-data.s3.amazonaws.com/photos/319046268/large.jpeg,bc06c5eae0233b7d7a4918762fda2bfb740710bc6d203ce55993de39c18fee3c,train
otter,inaturalist,161204531,278626649,cc-by-nc,https://inaturalist-open-data.s3.amazonaws.com/photos/278626649/large.jpeg,ed9f2e129982608a35543e6712c7a8fe7b5ac01b3bb2e2e2b04dab1bdd0c489f,train
otter,inaturalist,161204531,278626664,cc-by-nc,https://inaturalist-open-data.s3.amazonaws.com/photos/278626664/large.jpeg,19ed70eef788f262610146e4f1db290def1ccbc25afa68875f627d7c5858b2f3,train
otter,inaturalist,161204531,278626675,cc-by-nc,https://inaturalist-open-data.s3.amazonaws.com/photos/278626675/large.jpeg,cba4904c1262b2b90e365298e03bd66477a7385f864eb5fde08e03666e019d3f,train
otter,inaturalist,338773407,616144224,cc-by-nc,https://inaturalist-open-data.s3.amazonaws.com/photos/616144224/large.jpg,b0a4746d6f637724e5b69bffa73466290166aa5c7a7efe96b3ffe68f4bfeb080,val
otter,inaturalist,259536061,465911151,cc0,https://inaturalist-open-data.s3.amazonaws.com/photos/465911151/large.jpeg,233a63140a8db198632530d0985a4bf44607be85a6432b4374a2576d133cc3b0,train
otter,inaturalist,85256973,140245165,cc-by-nc,https://inaturalist-open-data.s3.amazonaws.com/photos/140245165/large.jpeg,ca09b32b92f07ac1ef29f68133dd538a03dacbbf5a029d9ef46daf82d47a4582,train
otter,inaturalist,278436391,499951253,cc-by-nc,https://inaturalist-open-data.s3.amazonaws.com/photos/499951253/large.jpeg,1e9c7c15b4de49a3909d0dbab68fef6d4665dc5bdb0afa2a84c242853fba7afc,val
otter,inaturalist,79453282,130135859,cc-by-nc,https://inaturalist-open-data.s3.amazonaws.com/photos/130135859/large.jpg,ad6c299f268685a3721d964c7185eb1cd001fd269b20f4ed3ce647c1ce0efe5f,train
otter,inaturalist,202996047,358593245,cc-by-nc,https://inaturalist-open-data.s3.amazonaws.com/photos/358593245/large.jpeg,9e02668b27e6db751f4a589c3eedc2cd2edb1d75f148575c11d068e3e0a6131a,train
otter,inaturalist,194897235,342717797,cc-by-nc,https://inaturalist-open-data.s3.amazonaws.com/photos/342717797/large.jpeg,66c99cd3b61898dfb2a370648b12212400542e522ea730cac37800ed43b6ccca,train
otter,inaturalist,194897235,342718289,cc-by-nc,https://inaturalist-open-data.s3.amazonaws.com/photos/342718289/large.jpeg,c9534c0e1526fd88e4ccff2ea20a9141e287a9aabc2d7128c493c5b6c5dcc432,train
otter,inaturalist,126954776,215471998,cc-by-nc,https://inaturalist-open-data.s3.amazonaws.com/photos/215471998/large.jpg,658c8dc6410fdaa874068e1138bf98e81196213ad54d4b87cb7ef0a65d5eac24,val
otter,inaturalist,126954776,215472053,cc-by-nc,https://inaturalist-open-data.s3.amazonaws.com/photos/215472053/large.jpg,f3c0269cbae47089010422248c9a2c8922b062978cda4d17a0d89f832a6ca86c,val
otter,inaturalist,126954776,215472023,cc-by-nc,https://inaturalist-open-data.s3.amazonaws.com/photos/215472023/large.jpg,3181325fa241fb82ac8d3035d6923ec9a9e252cd527196610fd08ad7920ff096,val
otter,inaturalist,284000749,510348478,cc-by-nc,https://inaturalist-open-data.s3.amazonaws.com/photos/510348478/large.jpg,94ebdad3c14d4e461d58b110586ad8060d565413be3bd0240a3502b6fdf5d4e7,test
otter,inaturalist,284000749,510348493,cc-by-nc,https://inaturalist-open-data.s3.amazonaws.com/photos/510348493/large.jpg,46cb092be7d5ee94e3196e2c34c892dec66ddba764c910551a89c9b10b2bd760,test
otter,inaturalist,284000749,510348574,cc-by-nc,https://inaturalist-open-data.s3.amazonaws.com/photos/510348574/large.jpg,ce7c366e7407a2a25465bc8ee4d72d3d976f6a5042f9c0447e32bd41c4dd9290,test
otter,inaturalist,284000749,510348583,cc-by-nc,https://inaturalist-open-data.s3.amazonaws.com/photos/510348583/large.jpg,cfae43c8fc3740c8ac11572407ef5c154a17dfcccc447c220e00304944456eda,test
otter,inaturalist,284000749,510348716,cc-by-nc,https://inaturalist-open-data.s3.amazonaws.com/photos/510348716/large.jpg,924da307af25fe88d61a8f03edb1b9ed46ddac70fa1d00c4731eeb23e4780334,test
otter,inaturalist,284000749,510348667,cc-by-nc,https://inaturalist-open-data.s3.amazonaws.com/photos/510348667/large.jpg,66d598fff3dfd1269f8fa6bc45a3152f2f45d6a53b030289dcb2226a34a0e63a,test
otter,inaturalist,49819623,79097482,cc-by-nc,https://inaturalist-open-data.s3.amazonaws.com/photos/79097482/large.jpeg,166e8b06965d6764294bb75e6a3ca1e1f8e8983211268ccc98cead515fcb6832,train
otter,inaturalist,300691907,541779118,cc-by-nc,https://inaturalist-open-data.s3.amazonaws.com/photos/541779118/large.jpg,16018791ae3638544100c64b5cad583a417e5d3546437dbce92da8fe9b05be2f,train
otter,inaturalist,300691907,541780267,cc-by-nc,https://inaturalist-open-data.s3.amazonaws.com/photos/541780267/large.jpg,db41932f5811b7c2bdf2bab3fb83c7c05320a8b3f505f81bae0e1edd95338bbf,train
otter,inaturalist,300691907,541780282,cc-by-nc,https://inaturalist-open-data.s3.amazonaws.com/photos/541780282/large.jpg,63e1cbd053bb57750f49f166b5a8102cb89be866fd4b3e152dbe5079d0e6e639,train
otter,inaturalist,19701361,30348838,cc-by-nc,https://inaturalist-open-data.s3.amazonaws.com/photos/30348838/large.jpg,bb34a5bb5196eba09fe105811f65b565ed78cb5575569eb87f57de9403816e03,train
otter,inaturalist,19701361,30348940,cc-by-nc,https://inaturalist-open-data.s3.amazonaws.com/photos/30348940/large.jpg,17c3d49731f23d25eef0aa7dd0c619ec895520cc0b69dc15be58ace4880a3ef2,train
otter,inaturalist,19701361,30348945,cc-by-nc,https://inaturalist-open-data.s3.amazonaws.com/photos/30348945/large.jpg,b4cc78f6c8f8034107296976bb8c6fe91b76d59e38e868a22df128556c156361,train
otter,inaturalist,19701361,30348946,cc-by-nc,https://inaturalist-open-data.s3.amazonaws.com/photos/30348946/large.jpg,62e41db210a8727efb5c5aa1df12615775d5def6db511724d32a69ed31fad934,train
otter,inaturalist,19701361,30348951,cc-by-nc,https://inaturalist-open-data.s3.amazonaws.com/photos/30348951/large.jpg,9b0a90bc5b9127c8e63857e54fde055d980b71b136d4bda82714103cfcfc9fd3,train
otter,inaturalist,19701361,30348965,cc-by-nc,https://inaturalist-open-data.s3.amazonaws.com/photos/30348965/large.jpeg,a482f4d5ea2b1d897ec95d49e2c0f439549d14081624eebc46b2752869a190a7,train
otter,inaturalist,273837735,492410877,cc-by,https://inaturalist-open-data.s3.amazonaws.com/photos/492410877/large.jpg,3ac39dbe1f1493afe9e071a68a24d1882d7cbc966fb100829bb0c6ffaf057e01,train
otter,inaturalist,273837735,492410911,cc-by,https://inaturalist-open-data.s3.amazonaws.com/photos/492410911/large.jpg,6b4fbc9d62f9b82a958ea461c9bea0ce590c676fafb5398953faf7a26553bcbc,train
otter,inaturalist,273837735,492410895,cc-by,https://inaturalist-open-data.s3.amazonaws.com/photos/492410895/large.jpg,72bda4cb63ee4fd7a589b228d1d933dedcf1bc8c7295bd499341623d20c586b7,train
otter,inaturalist,273837735,492410888,cc-by,https://inaturalist-open-data.s3.amazonaws.com/photos/492410888/large.jpg,7085650f462bcb83fcb445a1a5a7537884a3e8502fc5fac4f5195bdf657eb402,train
otter,inaturalist,273837735,492410879,cc-by,https://inaturalist-open-data.s3.amazonaws.com/photos/492410879/large.jpg,bb412a2459ffd0371c4492b71066de69e121a341a3f1c8e907e87a7b5b37e135,train
otter,inaturalist,171181095,297015443,cc-by-nc,https://inaturalist-open-data.s3.amazonaws.com/photos/297015443/large.jpeg,cdc24b1e8b6e58eea22227cb3fe7c0d3b61345f0b047e5926d49e456ff400c4b,val
otter,inaturalist,94859457,157403596,cc-by-nc,https://inaturalist-open-data.s3.amazonaws.com/photos/157403596/large.jpeg,80c124fc932cf9089d25a60f695c3a103a378651e05dc00e52b1da4376c01e94,train
otter,inaturalist,94859457,157403615,cc-by-nc,https://inaturalist-open-data.s3.amazonaws.com/photos/157403615/large.jpeg,c2cea74badf011ec21c053bc777dfa2803a1a769ee1b53a23204a46c1aeea8f9,train
otter,inaturalist,141080276,241604304,cc-by-nc,https://inaturalist-open-data.s3.amazonaws.com/photos/241604304/large.jpg,bc6e482eaf6a7072aae00ad1ab7ca9f43fd349af759fa5cbf3aacba80695ee21,val
otter,inaturalist,305798111,551385418,cc-by-nc,https://inaturalist-open-data.s3.amazonaws.com/photos/551385418/large.jpg,fa917f54362baa8303845b1a9f3381bc17b8ee9c09d0efca68b319b44cb5ad5a,train
otter,inaturalist,275545975,495102883,cc-by,https://inaturalist-open-data.s3.amazonaws.com/photos/495102883/large.jpg,cdde4040759a4ed55730fa6b97ddfd797a6f2e13865236194967e6c43939f6d1,train
otter,inaturalist,28522957,44468723,cc-by-nc,https://inaturalist-open-data.s3.amazonaws.com/photos/44468723/large.jpeg,1f2f3ad627be1eeece1ade767eee5e625b4a1ec122c9522aeac252836115f8e1,train
otter,inaturalist,215675188,381346317,cc-by-nc,https://inaturalist-open-data.s3.amazonaws.com/photos/381346317/large.jpg,5a91602d259770f9b68a3965fc0180d5ace2e4132038d099486e2f746ffd722c,val
otter,inaturalist,215675188,381346334,cc-by-nc,https://inaturalist-open-data.s3.amazonaws.com/photos/381346334/large.jpg,a355649a5aa42231eca71623f048752288dd2c6cf584ca86c5815e07115ba289,val
otter,inaturalist,215675188,381346347,cc-by-nc,https://inaturalist-open-data.s3.amazonaws.com/photos/381346347/large.jpg,dbfe2ab05ba3d35720bfb92d1baf7dd51bd05ecc3c1dca8a4bc491049db72343,val
otter,inaturalist,215675188,381346360,cc-by-nc,https://inaturalist-open-data.s3.amazonaws.com/photos/381346360/large.jpg,4965b2eeb37af5abee905c7f316752ac91ec34509e3473efc8833e3448aa0607,val
otter,inaturalist,215675188,381346375,cc-by-nc,https://inaturalist-open-data.s3.amazonaws.com/photos/381346375/large.jpg,f57bfe08517bf2a411f325dfa4e7364933833a7e3c1e4f203cc18a017b0249a5,val
otter,inaturalist,215675188,381346388,cc-by-nc,https://inaturalist-open-data.s3.amazonaws.com/photos/381346388/large.jpg,50c79a3103e8f8e4e41f55515f5c5a235ebc1b376aeec92b8a5bd4488eeb3e13,val
otter,inaturalist,215675188,381346403,cc-by-nc,https://inaturalist-open-data.s3.amazonaws.com/photos/381346403/large.jpg,84db727a7f1acfe82f00d51cdebf5ede4b49d262585ef134a61f92584b0493e3,val
otter,inaturalist,215675188,381346420,cc-by-nc,https://inaturalist-open-data.s3.amazonaws.com/photos/381346420/large.jpg,e73f66165b8ffdd218989d86b5c1d85dfe733556d61905f546c0cb42f6bd2bbc,val
otter,inaturalist,262391044,471398061,cc-by-nc,https://inaturalist-open-data.s3.amazonaws.com/photos/471398061/large.jpeg,2806e129ea210e86d8f11c87c251db65f8f9226a6697c127b27e777ac8d7d509,train
otter,inaturalist,262391044,471398271,cc-by-nc,https://inaturalist-open-data.s3.amazonaws.com/photos/471398271/large.jpeg,5ca281f2c635b4386d71f38932d76dfc89b5c44f4a9bd4d15356b7d350b250a4,train
otter,inaturalist,339154276,616902746,cc-by-nc,https://inaturalist-open-data.s3.amazonaws.com/photos/616902746/large.jpg,31e9887978dd1c754ced283cbf5fa8841f07372b6783e6dff211f8fe13f53e1e,train
otter,inaturalist,329330453,596947228,cc-by-nc,https://inaturalist-open-data.s3.amazonaws.com/photos/596947228/large.jpg,939ae75375594f76014654013aeae3e0cfde38f6ee6592b7fcfe2cd5f47e8278,train
otter,inaturalist,178143915,309937153,cc-by,https://inaturalist-open-data.s3.amazonaws.com/photos/309937153/large.jpg,a25e0862724c376ffb3bfd1713070f9aa02e1e632bf229689602548d9103f2f6,test
otter,inaturalist,185462883,323906106,cc-by,https://inaturalist-open-data.s3.amazonaws.com/photos/323906106/large.jpeg,d121f07f6115c97a49032b86956b6604f46712a3b5906c5e3a3428e9a308c571,train
otter,inaturalist,185462883,323906134,cc-by,https://inaturalist-open-data.s3.amazonaws.com/photos/323906134/large.jpeg,b75cd044e6534d4c1f441cba02f412c6014a525d5c80f3e1d4ac4bcec1ba9b27,train
otter,inaturalist,232088383,412282846,cc-by-nc,https://inaturalist-open-data.s3.amazonaws.com/photos/412282846/large.jpg,db551502e537024b6cc2c0401beca4d6a6b9b2e17c6cbbcd05479b64a4dc16b0,train
otter,inaturalist,203759511,360053064,cc-by-nc,https://inaturalist-open-data.s3.amazonaws.com/photos/360053064/large.jpg,8e0e6731a70d69222acf593cd2667693c534de63ed273f24b179b273473ddb3c,train
otter,inaturalist,19509538,30022658,cc-by-nc,https://inaturalist-open-data.s3.amazonaws.com/photos/30022658/large.jpeg,adc44f643df58cfaaffed1d91d88d96a59fb9c0aa0d9708001a68adc5a4f1974,test
otter,inaturalist,219563766,388636259,cc-by-nc,https://inaturalist-open-data.s3.amazonaws.com/photos/388636259/large.jpeg,37d8734debb314cc031635916015d9227b78d5c9e02cedad9608e746c03ca330,train
otter,inaturalist,219563766,388636255,cc-by-nc,https://inaturalist-open-data.s3.amazonaws.com/photos/388636255/large.jpeg,bcaf566c9f77ae624af97a2b8a711dc7e4a2f5454ff89f3f3034c4cf1c0d8b1d,train
otter,inaturalist,275620581,495208553,cc-by-nc,https://inaturalist-open-data.s3.amazonaws.com/photos/495208553/large.jpeg,4b77acefe9c8779eaa894fef9eca247e9b6a4e5a59a23d053fae6c39512cc409,train
otter,inaturalist,9526643,12989860,cc-by-nc,https://inaturalist-open-data.s3.amazonaws.com/photos/12989860/large.jpeg,db5839f46304a9a0b048ef7c68d379863f7731840fb67a0a53517f92d3c0f75a,train
otter,inaturalist,9526643,12989863,cc-by-nc,https://inaturalist-open-data.s3.amazonaws.com/photos/12989863/large.jpeg,5e4b814fe123f797c9931a8995d7a2ab7811466d29edaf03b3996fab4be988db,train
otter,inaturalist,121123556,204932948,cc-by,https://inaturalist-open-data.s3.amazonaws.com/photos/204932948/large.jpg,a0293995ffcc5ae7e164af1d82b9cb531805abe2b364aa2c0b6d5378bbd693cd,test
otter,inaturalist,121123556,204932994,cc-by,https://inaturalist-open-data.s3.amazonaws.com/photos/204932994/large.jpg,6252a8dc6954180d1eb64433137a7ceda2ff0bea4a6135a12df65822116363be,test
otter,inaturalist,121123556,204933035,cc-by,https://inaturalist-open-data.s3.amazonaws.com/photos/204933035/large.jpg,36b17bf5e7ff81099067f00583a073bf7b8dcbd2e7370b0e281c0ecbfb2ced5d,test
otter,inaturalist,121123556,204933064,cc-by,https://inaturalist-open-data.s3.amazonaws.com/photos/204933064/large.jpg,e3f97cdd44d92727ef50dc123cb4316fa9239f7832d93af15a3f002caef3f52e,test
otter,inaturalist,252389642,451803451,cc-by-nc,https://inaturalist-open-data.s3.amazonaws.com/photos/451803451/large.jpg,05c7f1a003f5ba8454b3e789b6fabe16bc653cbc0759a7ac9ac1a6eb2c7cc046,train
otter,inaturalist,22038588,34145631,cc-by-nc,https://inaturalist-open-data.s3.amazonaws.com/photos/34145631/large.jpg,862aed59b2a50d59e376987f82a2087605e8b19413123940fbd71d1954606bbc,train
otter,inaturalist,149930344,258433422,cc-by-nc,https://inaturalist-open-data.s3.amazonaws.com/photos/258433422/large.jpg,7bea4982f2e32459a2630a0e0fe98a820115153805cf124bc26220e54ff05c00,train
otter,inaturalist,149930344,258433447,cc-by-nc,https://inaturalist-open-data.s3.amazonaws.com/photos/258433447/large.jpg,5b9a9442206d91c6716ba24a18122b95e09be1387e1e439028f3d00b7382bb08,train
otter,inaturalist,149930344,258433457,cc-by-nc,https://inaturalist-open-data.s3.amazonaws.com/photos/258433457/large.jpg,d74824aeceedf3af9580dc7d4eb4e2f2f33a36c45bc3ce98c86faa2590fc6ab4,train
otter,inaturalist,159849175,276203033,cc-by-nc,https://inaturalist-open-data.s3.amazonaws.com/photos/276203033/large.jpeg,3da571bf30d9a38cf5364808d8a4dfb651dbb9803fd8343392aa523671c070e1,train
otter,inaturalist,113238150,191334225,cc-by-nc,https://inaturalist-open-data.s3.amazonaws.com/photos/191334225/large.jpg,5cbd736a784c8f2ea01143fdd5f7a3b7458daa7cd51cfd3cd8b05fede03a67bb,train
otter,inaturalist,117995141,199321404,cc-by-nc,https://inaturalist-open-data.s3.amazonaws.com/photos/199321404/large.jpeg,a4b95d0b00234971e9c2331e0aa601cb9948a6d9fca5ae7b1d7396c9b5ecfa3c,train
otter,inaturalist,318364040,575379813,cc-by-nc,https://inaturalist-open-data.s3.amazonaws.com/photos/575379813/large.jpg,9624fbbf636b127c25264bdf663083e2d675f66e785adcd1d9f07aaf2a2407ba,train
otter,inaturalist,318364040,575379951,cc-by-nc,https://inaturalist-open-data.s3.amazonaws.com/photos/575379951/large.jpg,0fdde70cdff3611192af50a21f2c61fc3c3e16d0f3584985690d4b5834f0b6dc,train
otter,inaturalist,247904736,442853191,cc-by-nc,https://inaturalist-open-data.s3.amazonaws.com/photos/442853191/large.jpg,09ba91a8989a04a24cc700799456770328b4aaa21e5699b0aa4cb313aa038a36,train
otter,inaturalist,186890094,326705967,cc-by,https://inaturalist-open-data.s3.amazonaws.com/photos/326705967/large.jpg,0a7fef9182fee718e43f83512410c98a22ebebb3a353a971615e73ef6800a8dc,train
otter,inaturalist,113074808,191048777,cc-by,https://inaturalist-open-data.s3.amazonaws.com/photos/191048777/large.jpg,1b5c22b8f068a8c8e3034f54c2cf01dee910c6ba99bff83c22530121ee94f57f,train
otter,inaturalist,113074808,191048793,cc-by,https://inaturalist-open-data.s3.amazonaws.com/photos/191048793/large.jpg,c850daeb3f0b26da0f190e1c4f1f56a47a95ea8b9d786f2eb1a2a1373b77eeff,train
otter,inaturalist,113074808,191048768,cc-by,https://inaturalist-open-data.s3.amazonaws.com/photos/191048768/large.jpg,5421fbbd28c3583a1223b33f81b9503a2ccfa435cd223d76b11caa103b0e9af1,train
otter,inaturalist,333309134,605094105,cc-by-nc,https://inaturalist-open-data.s3.amazonaws.com/photos/605094105/large.jpg,7ae74e7385fba2defeb9953ae54af2d3b0c115d83fd32e6556d69b782b268915,test
otter,inaturalist,333309134,605094142,cc-by-nc,https://inaturalist-open-data.s3.amazonaws.com/photos/605094142/large.jpg,849590d2e2fc7a9765a170cd6b19354b0553a4e8dfa0b398e7f9b23fe6751b9d,test
otter,inaturalist,333309134,605094116,cc-by-nc,https://inaturalist-open-data.s3.amazonaws.com/photos/605094116/large.jpg,2477ed56d2b21c91b1c0c99c8f482ab3b83744eb8617d125f97039cc8093473a,test
otter,inaturalist,333309134,605094101,cc-by-nc,https://inaturalist-open-data.s3.amazonaws.com/photos/605094101/large.jpg,94103eee183470d044992283c8bc79594ffc79fab3c1aff6ad0a15624692b726,test
otter,inaturalist,333309134,605094136,cc-by-nc,https://inaturalist-open-data.s3.amazonaws.com/photos/605094136/large.jpg,c05d98a89d592a5b21a24cfe54b40fdf71e5a0368d3513c5ca774539766daef7,test
otter,inaturalist,324900567,588158896,cc-by-nc,https://inaturalist-open-data.s3.amazonaws.com/photos/588158896/large.jpg,c768025f9d46b62e7c9bc6e426fd58bbc060a8fe16b87db8eee7dac346a2fc5e,train
otter,inaturalist,324900567,588158927,cc-by-nc,https://inaturalist-open-data.s3.amazonaws.com/photos/588158927/large.jpg,cb3dd56ec01176f2409330185db85247e2f256b123ac0239608bfeeb45b7aacd,train
otter,inaturalist,159655447,275854382,cc-by-nc,https://inaturalist-open-data.s3.amazonaws.com/photos/275854382/large.jpeg,2167e3bc1c6f65b7b64e8084ddac5429ad90923f6b84ec041e5ecea08ec55542,train
otter,inaturalist,159655447,275854423,cc-by-nc,https://inaturalist-open-data.s3.amazonaws.com/photos/275854423/large.jpeg,da00a998b528a980b3b2c9bfda154dd9bf114d04a04e236986524e20fbbdfc3e,train
otter,inaturalist,157523565,272353055,cc-by-nc,https://inaturalist-open-data.s3.amazonaws.com/photos/272353055/large.jpeg,248fd835c36e8f19eb6c11ccf4d3336a7ab97647d6f72694db3033c1fdfa0626,val
otter,inaturalist,264282008,474736527,cc0,https://inaturalist-open-data.s3.amazonaws.com/photos/474736527/large.jpg,96f6d40927868a9741b8241cd669dae1f61d8246aa83d6de3eea1193ab4e0f94,train
otter,inaturalist,264282008,474736543,cc0,https://inaturalist-open-data.s3.amazonaws.com/photos/474736543/large.jpg,3e06ff71431ed0a4e7eec8d253313a20e11d6b28ed3053b18ebe6dc5ce772381,train
otter,inaturalist,318192524,575045668,cc-by-nc,https://inaturalist-open-data.s3.amazonaws.com/photos/575045668/large.jpg,6586bbd7b9bec14a6d544f1ee69288a94e8f9168283aab49ddc9445d9607aba5,train
otter,inaturalist,318192524,575045718,cc-by-nc,https://inaturalist-open-data.s3.amazonaws.com/photos/575045718/large.jpg,b0cb1827b6ac092a62833733ce3964ad7293dbc19fe5cd880ea5ce7710300fff,train
otter,inaturalist,318192524,575045640,cc-by-nc,https://inaturalist-open-data.s3.amazonaws.com/photos/575045640/large.jpg,e086ec2f59fa6e8ae1d61c99776823327f5031d433b2c0588978e146fd547b3a,train
otter,inaturalist,63718553,102309881,cc-by-nc,https://inaturalist-open-data.s3.amazonaws.com/photos/102309881/large.jpg,d0561848c01b055f1076f6339b0f5d2a24eed702e6e37e5b457e5e599ade6c7a,val
otter,inaturalist,241830276,431054279,cc-by-nc,https://inaturalist-open-data.s3.amazonaws.com/photos/431054279/large.jpeg,9aa0d62f560332bb6492f34ac836232f17d7f28245ca2fadfd3f65e3a2b067fa,train
otter,inaturalist,275558796,495121979,cc-by,https://inaturalist-open-data.s3.amazonaws.com/photos/495121979/large.jpg,5a5d3aff45e289acca5a2098676c7c716e05a868285255888f92d39b2284ce51,train
otter,inaturalist,203638144,359817774,cc-by-nc,https://inaturalist-open-data.s3.amazonaws.com/photos/359817774/large.jpeg,c7a7308b4ac3955843124e73bff4c8c9ce79b7540e349ea01783e9fd2ceeacae,train
otter,inaturalist,203638144,359817796,cc-by-nc,https://inaturalist-open-data.s3.amazonaws.com/photos/359817796/large.jpeg,05c0e730ec90ebc123a10f4ab32a897df3216e23867d94d0f6d5542fa93c7370,train
otter,inaturalist,203638144,359817819,cc-by-nc,https://inaturalist-open-data.s3.amazonaws.com/photos/359817819/large.jpeg,3928d4d0faeb7bd70f1deaf91fd88029a400248fcbb54f401c76657dd7ec73ee,train
otter,inaturalist,184312139,321707095,cc-by-nc,https://inaturalist-open-data.s3.amazonaws.com/photos/321707095/large.jpg,c2b9ef5cfdeee0561e761b5e8b645d3a678e51f9aa44967add521de74acb5b63,val
otter,inaturalist,37750549,59908182,cc-by-nc,https://inaturalist-open-data.s3.amazonaws.com/photos/59908182/large.jpg,59a16f162f00a6af3bacb7c3143a49fe82df8f635a27b34cadeb683794b078ae,train
otter,inaturalist,37750549,59908178,cc-by-nc,https://inaturalist-open-data.s3.amazonaws.com/photos/59908178/large.jpg,c706d68c5186ab9f29e8c83990ba1e5e2e25f2ce8d66570c6263efaef057a0b2,train
otter,inaturalist,37750549,59908181,cc-by-nc,https://inaturalist-open-data.s3.amazonaws.com/photos/59908181/large.jpg,4972de86a61032264fc5ae3baf996f357d6af752ea2024754be4c8435f13b063,train
otter,inaturalist,203719410,359979044,cc-by-nc,https://inaturalist-open-data.s3.amazonaws.com/photos/359979044/large.jpg,952f1f94a62eab3fe8ce97a68fbd6f03b4a42568c8259ab16e023322702fd9d5,val
otter,inaturalist,110511608,186433643,cc-by-nc,https://inaturalist-open-data.s3.amazonaws.com/photos/186433643/large.jpg,bcdf7302a27a07bcf525d6f8e32900fe6ec1e5cc3d79fc9485bb02fe21004f5b,train
otter,inaturalist,336808580,612134273,cc-by-nc,https://inaturalist-open-data.s3.amazonaws.com/photos/612134273/large.jpg,892bd43d93030607c6c839bd87ad7707c8f63a90e2cf6f00c10bcd6e231755f8,train
otter,inaturalist,336808580,612134302,cc-by-nc,https://inaturalist-open-data.s3.amazonaws.com/photos/612134302/large.jpg,ce321b4adf03a1262668a2b069fc5594317913b1b8383dba25cf4a9fef384923,train
otter,inaturalist,336808580,612134325,cc-by-nc,https://inaturalist-open-data.s3.amazonaws.com/photos/612134325/large.jpg,7c146f38d6ce2327967fe52b0a39a101a060594032cbed3a4e46263b66d037d5,train
otter,inaturalist,56511852,90064436,cc-by-nc,https://inaturalist-open-data.s3.amazonaws.com/photos/90064436/large.jpg,bd2e094ab9694776f71d9e54f576e79a4e53949ffa5e4201a5c42be16e9ea8ec,val
otter,inaturalist,307075895,553821994,cc-by-nc,https://inaturalist-open-data.s3.amazonaws.com/photos/553821994/large.jpg,50297b2689e93a9f8fa58f9afdcc801146a40dc41f0ffe8d1d225c5a7c1fd83b,test
otter,inaturalist,307075895,553822097,cc-by-nc,https://inaturalist-open-data.s3.amazonaws.com/photos/553822097/large.jpg,ca215e179e42b4f1d70c3ddff65f9573009268137d128bfd3d23c4a67c2ae89d,test
otter,inaturalist,208582390,369059469,cc-by-nc,https://inaturalist-open-data.s3.amazonaws.com/photos/369059469/large.jpg,efe85ea1421c3f669633b15a237415324b456a5bf501677507168a2642391f65,train
otter,inaturalist,208582390,369059731,cc-by-nc,https://inaturalist-open-data.s3.amazonaws.com/photos/369059731/large.jpg,93b24dc866957d3348376daef72a3db0307f8b4fdaec2f7722bab7ed0edbf6da,train
otter,inaturalist,208582390,369060008,cc-by-nc,https://inaturalist-open-data.s3.amazonaws.com/photos/369060008/large.jpg,169d3ec670e06306ae35548aceec027793ef7876ceffeeee25a373363402dba5,train
otter,inaturalist,146163599,251229312,cc-by-nc,https://inaturalist-open-data.s3.amazonaws.com/photos/251229312/large.jpeg,deb39b66e01dad0f9d097b1b750d1546bca1d15ed5b203cd494d1f97a0e930b3,val
otter,inaturalist,146163599,251229335,cc-by-nc,https://inaturalist-open-data.s3.amazonaws.com/photos/251229335/large.jpeg,17e753121cd38239831202189bda511502a06ac0313a338ca46a7a836d812bb5,val
otter,inaturalist,146163599,251229345,cc-by-nc,https://inaturalist-open-data.s3.amazonaws.com/photos/251229345/large.jpeg,f9791f5f77c66c07968a0f4bd549318c4a83a77bcbc297a087ed71c0b550913d,val
otter,inaturalist,146163599,251229358,cc-by-nc,https://inaturalist-open-data.s3.amazonaws.com/photos/251229358/large.jpeg,d8bdbf43afc048b6c58a5163a0f236653e1aeaec9887a407ae21b7d532a3ef73,val
otter,inaturalist,146163599,251229376,cc-by-nc,https://inaturalist-open-data.s3.amazonaws.com/photos/251229376/large.jpeg,67eb7ccd9e4ddc0292a18a6685bbad92642db37c6be57704bb4cbe8b8741ef8e,val
otter,inaturalist,146163599,251229389,cc-by-nc,https://inaturalist-open-data.s3.amazonaws.com/photos/251229389/large.jpeg,8f4d0ef5be51ff22708a9f4d35c88c0187b41d151de9609ef38a8303c2c087e4,val
otter,inaturalist,146163599,251229401,cc-by-nc,https://inaturalist-open-data.s3.amazonaws.com/photos/251229401/large.jpeg,397705fdff2e1821ac3b2ee78e418b0cd9afcfec1ec9c5ec4ed1f9c47dfefb18,val
otter,inaturalist,199408092,351655098,cc-by-nc,https://inaturalist-open-data.s3.amazonaws.com/photos/351655098/large.png,de7f270e90633dba88a9846ff8d453a9553917b828e478cd06f572d298733e6b,train
otter,inaturalist,199408092,351655679,cc-by-nc,https://inaturalist-open-data.s3.amazonaws.com/photos/351655679/large.png,c134ba208885895f9582bd5bee44a75d7bd64fa607dc5a60424d9a953f7573ea,train
otter,inaturalist,196843438,346538879,cc-by,https://inaturalist-open-data.s3.amazonaws.com/photos/346538879/large.jpeg,e5ff89c91af320aab09df8942edfaaf457a2fd0257ffdd34f9ed26ebde23930d,train
otter,inaturalist,196843438,346538893,cc-by,https://inaturalist-open-data.s3.amazonaws.com/photos/346538893/large.jpeg,e73372c421df6df13a31eaa1a94817460b70498d634953ca7a712ec959a268e7,train
otter,inaturalist,196843438,346538910,cc-by,https://inaturalist-open-data.s3.amazonaws.com/photos/346538910/large.jpeg,8cee956bb5e7ca861db31fa811205e80aab52f18821bc48a27127dae219f0902,train
otter,inaturalist,196843438,346538925,cc-by,https://inaturalist-open-data.s3.amazonaws.com/photos/346538925/large.jpeg,7614e9909c38de4a535c0aefd05b4b4929a8aaef551c75ccd80570c9160559e1,train
otter,inaturalist,196843438,346538935,cc-by,https://inaturalist-open-data.s3.amazonaws.com/photos/346538935/large.jpeg,efb6305f7f97804b803d755d311d4d62250b6e1e8a5ed17918d4cccff6016933,train
otter,inaturalist,256703276,460318346,cc-by-nc,https://inaturalist-open-data.s3.amazonaws.com/photos/460318346/large.jpeg,3f8b6ad99f05acff36cb7e81b9a2f60074445927283b26879e404e5d0f7f73db,test
otter,inaturalist,256703276,460318378,cc-by-nc,https://inaturalist-open-data.s3.amazonaws.com/photos/460318378/large.jpeg,6425c828b7031944c1e48ebb29e28dbaf9f84ba51fca1cc3b495cb241fa3b5be,test
otter,inaturalist,233569971,415105930,cc-by-nc,https://inaturalist-open-data.s3.amazonaws.com/photos/415105930/large.png,cbaf5cc058fead81593297a97399293ae87c28eb0d99a8383d48a17a5823771e,train
otter,inaturalist,233569971,415106378,cc-by-nc,https://inaturalist-open-data.s3.amazonaws.com/photos/415106378/large.png,fdf83314d66c72b7c164fadab51f82ae864a7e4176e5902720dacc39ff6d72ca,train
otter,inaturalist,233569971,415106472,cc-by-nc,https://inaturalist-open-data.s3.amazonaws.com/photos/415106472/large.png,8317838589a869cfb33b467868039ad6c583ec14fe267ca5f4c276792b6d4236,train
otter,inaturalist,154542553,267043329,cc-by-nc,https://inaturalist-open-data.s3.amazonaws.com/photos/267043329/large.jpg,c8277e3949e4c49a088f90c22e1f706dada291199bcff0826edc359731b7716e,train
otter,inaturalist,154542553,267043683,cc-by-nc,https://inaturalist-open-data.s3.amazonaws.com/photos/267043683/large.jpg,f103d694e5779fec38825e6b0635d5fd50cae1ccdbd3a07be15604715fe7dd5e,train
otter,inaturalist,222815236,394733592,cc0,https://inaturalist-open-data.s3.amazonaws.com/photos/394733592/large.jpeg,c8d87e0420fa65605fc5082e9ac8ba39656356d27c852b972c4a5cbfda05db6c,test
otter,inaturalist,276487512,496515137,cc-by-nc,https://inaturalist-open-data.s3.amazonaws.com/photos/496515137/large.jpeg,24e013b9c229f40e2c18ea3c32e062bc4bffdf2d88db924a075720b24ad7994f,train
otter,inaturalist,276487512,496515182,cc-by-nc,https://inaturalist-open-data.s3.amazonaws.com/photos/496515182/large.jpeg,1f55e61c2e4eb349b8a7ee5c9cd68c01367b910c2e02d17a984211eb4f530358,train
otter,inaturalist,276487512,496515225,cc-by-nc,https://inaturalist-open-data.s3.amazonaws.com/photos/496515225/large.jpeg,17143e51b285058a25bc6024d0eb2818ccdde89cc14ddcba63582997ed8133f0,train
otter,inaturalist,201772676,356234979,cc-by-nc,https://inaturalist-open-data.s3.amazonaws.com/photos/356234979/large.jpg,a9c8b92ed57a83c77269faf366f34324894cfe6156affda09c83fa63a598421e,train
otter,inaturalist,142893503,245051671,cc-by-nc,https://inaturalist-open-data.s3.amazonaws.com/photos/245051671/large.jpg,260d90eb0fe7fbccd4c7ea047f8ece237b006bc84e38e8e3bfb4cd2c6931f574,test
otter,inaturalist,142893503,245051681,cc-by-nc,https://inaturalist-open-data.s3.amazonaws.com/photos/245051681/large.jpg,671f9565c8c03c8fef40cd898644c6d313b8e1a5ba138009d780de68dd131802,test
otter,inaturalist,142893503,245051690,cc-by-nc,https://inaturalist-open-data.s3.amazonaws.com/photos/245051690/large.jpg,a1edf1c980a2bcaddac8430d53e4225e0bc72a9c05e9a1a56239c219625523c5,test
otter,inaturalist,142893503,245051704,cc-by-nc,https://inaturalist-open-data.s3.amazonaws.com/photos/245051704/large.jpg,b220acbf0441e128333782a461941c3bbde9b8113a11d30d5d3385c255399c2d,test
otter,inaturalist,61144876,97815659,cc0,https://inaturalist-open-data.s3.amazonaws.com/photos/97815659/large.jpeg,019560608f4e1d3336daedb96d1905ddbdd69ab6abe378a4b988240e284274e7,train
otter,inaturalist,312511051,564243372,cc-by-nc,https://inaturalist-open-data.s3.amazonaws.com/photos/564243372/large.jpg,94ae1021459b4afa0fc627d6c9dafe42e354987693fef980383263f41b3c772f,train
otter,inaturalist,319206190,576984982,cc-by-nc,https://inaturalist-open-data.s3.amazonaws.com/photos/576984982/large.jpg,857a1dfa9473ea6f98bfbba5f783abcbd85cd682fcc03f8b7194762e716b9824,train
otter,inaturalist,319206190,576985056,cc-by-nc,https://inaturalist-open-data.s3.amazonaws.com/photos/576985056/large.jpg,de400b1860e7d86c9163f0f41c5e2ba03c8c6fec31711e79361eba60edd4645d,train
otter,inaturalist,319206190,576985195,cc-by-nc,https://inaturalist-open-data.s3.amazonaws.com/photos/576985195/large.jpg,b3e9d8606555060f1c95b484ad2ebd2e7831f96815f5c60426acd0725e610d3f,train
otter,inaturalist,70145541,113976678,cc-by-nc,https://inaturalist-open-data.s3.amazonaws.com/photos/113976678/large.jpeg,11864ad3ee9f02a176ad0c0ceca8446851ee7c16985d44b6efdc6264bb98a8ca,train
otter,inaturalist,70145541,113976686,cc-by-nc,https://inaturalist-open-data.s3.amazonaws.com/photos/113976686/large.jpeg,09802258d35ce16bca372901a6ffca99b1890d814c34e016ff3ff0e6132a68a8,train
otter,inaturalist,59252133,94661717,cc-by-nc,https://inaturalist-open-data.s3.amazonaws.com/photos/94661717/large.jpg,789494ba6b97632f0aab9559c0cdd0c6fe1c5663d3f1373017a9376ba8049ea0,train
otter,inaturalist,150935420,260351263,cc0,https://inaturalist-open-data.s3.amazonaws.com/photos/260351263/large.jpeg,c40f935819a69dc487b5d0fb084b7220932f6d477476de99f9534fbedb059305,train
otter,inaturalist,327097505,592530385,cc-by-nc,https://inaturalist-open-data.s3.amazonaws.com/photos/592530385/large.jpg,ca7fb7ad7d2c7136ebd19c554c30655cbe7ac7b60a90dde42d133da2a292947d,train
otter,inaturalist,324165600,586678436,cc-by-nc,https://inaturalist-open-data.s3.amazonaws.com/photos/586678436/large.jpg,108ce3e8113b82153b4d5dadc55128ebe2dce90acccecf3e1ab0aa93608bc27f,train
otter,inaturalist,324165600,586678450,cc-by-nc,https://inaturalist-open-data.s3.amazonaws.com/photos/586678450/large.jpg,6a8bfe9042021edd2b8392b02aaa2fb59691fbc43986b130965b1ca850b25d00,train
otter,inaturalist,310086677,559608724,cc-by,https://inaturalist-open-data.s3.amazonaws.com/photos/559608724/large.jpg,b00b15ac12a17241edd1d8d3b3a035f917b71996ad32975364da3d1e1bcbc109,val
otter,inaturalist,310086677,559608723,cc-by,https://inaturalist-open-data.s3.amazonaws.com/photos/559608723/large.jpg,8a07e7045d4c80c54a356332e552e3c7e46d2ae3b5e23228882726a8e60d8581,val
otter,inaturalist,322619588,583660529,cc-by-nc,https://inaturalist-open-data.s3.amazonaws.com/photos/583660529/large.jpg,ed368a0acfd717a007bf5db4c4cf54db7a4f649c58551ce32cca8ddd082688c7,train
otter,inaturalist,322619588,583660560,cc-by-nc,https://inaturalist-open-data.s3.amazonaws.com/photos/583660560/large.jpg,c7012cba0a0997c30484e01ecc2f1ae6971d119fd437b89081f95e14a6b5edb6,train
otter,inaturalist,322619588,583660619,cc-by-nc,https://inaturalist-open-data.s3.amazonaws.com/photos/583660619/large.jpg,844377439f7d8444314d00c964eeb35da0b809b57cbd3165d23cd837ec049449,train
otter,inaturalist,322619588,583660676,cc-by-nc,https://inaturalist-open-data.s3.amazonaws.com/photos/583660676/large.jpg,1c1a9ef77937b9b4d5e821c7a53ab96ba281296e75c54434335c4aa85321b316,train
otter,inaturalist,168451815,291939442,cc-by,https://inaturalist-open-data.s3.amazonaws.com/photos/291939442/large.jpeg,6fe4a09afc170ecca8ab919ce5d665b9413bd984c2716a61504c462da10c282d,test
otter,inaturalist,322105325,582633049,cc-by-nc,https://inaturalist-open-data.s3.amazonaws.com/photos/582633049/large.jpg,35a187ac79a949f092174319a2e7d50823baf18ebb1d3082ab5c02eac02851b2,train
otter,inaturalist,322105325,582633051,cc-by-nc,https://inaturalist-open-data.s3.amazonaws.com/photos/582633051/large.jpg,9081d5d928ed97b9b33987674a3c9b828b1ce80c5bbb70c937905a974bcefa9f,train
otter,inaturalist,99429684,165744247,cc-by-nc,https://inaturalist-open-data.s3.amazonaws.com/photos/165744247/large.jpg,b37da6a4710fd269b23d0eda2f9483148947fa4c844b5a6d756d294b32c02096,train
otter,inaturalist,99429684,165744257,cc-by-nc,https://inaturalist-open-data.s3.amazonaws.com/photos/165744257/large.jpg,f27e391fbf84169013c7cfa41a0530ced656eadbd5c7ced11cd1c55ef7a9a51f,train
otter,inaturalist,99429684,165744269,cc-by-nc,https://inaturalist-open-data.s3.amazonaws.com/photos/165744269/large.jpg,4b2201542a260f12f2c5aea8a9e09e953c94c26bdcf399b9e0cda30201190bea,train
otter,inaturalist,338711080,616022412,cc-by-nc,https://inaturalist-open-data.s3.amazonaws.com/photos/616022412/large.jpg,89620d011bf2bd778a2819da16b20c2ea95f17eed9bd0803112589ab9bcd5bcf,val
otter,inaturalist,250587162,448198114,cc-by-nc,https://inaturalist-open-data.s3.amazonaws.com/photos/448198114/large.jpeg,0514f1351f3c4a38d7d6550d8ac41f12d0863ddcf9910689ed2999f314e62b4a,test
otter,inaturalist,250587162,448198151,cc-by-nc,https://inaturalist-open-data.s3.amazonaws.com/photos/448198151/large.jpeg,ab3d5b6196cdb65bf2e63cd86a3aa04664d4a8de86b7f9cd2af4fc86b66eafa9,test
otter,inaturalist,250587162,448198160,cc-by-nc,https://inaturalist-open-data.s3.amazonaws.com/photos/448198160/large.jpeg,2d8924b0c4865f04b8f4a7a0075f3b1eeea760a7bb8f6850c943f6b05527a58f,test
otter,inaturalist,250587162,448198181,cc-by-nc,https://inaturalist-open-data.s3.amazonaws.com/photos/448198181/large.jpeg,a3f8de873ee49a325a840e85daf002463601593a26ed1eb98aa86834d8bf5fca,test
otter,inaturalist,266425291,478692599,cc-by-nc,https://inaturalist-open-data.s3.amazonaws.com/photos/478692599/large.jpeg,d3b8b003861bc73304a089ed5d95823b17cd31f7a475c7603ee7aa1381ccf37e,train
otter,inaturalist,266425291,478692689,cc-by-nc,https://inaturalist-open-data.s3.amazonaws.com/photos/478692689/large.jpeg,e5b7eac899dc2675d31b3dcb6ead828bd8de8f0f4cc8a2e515a3d2a98ebef328,train
otter,inaturalist,266425291,478692747,cc-by-nc,https://inaturalist-open-data.s3.amazonaws.com/photos/478692747/large.jpeg,4c19a600dd6babc8900906a4987206999ee1fc6282b0f400b75a830ccd48c5f1,train
otter,inaturalist,266425291,478692812,cc-by-nc,https://inaturalist-open-data.s3.amazonaws.com/photos/478692812/large.jpeg,920fcca5defc49afc50f8b50008b40e892902a30b1d6130b9178527d89c4437f,train
otter,inaturalist,278107393,499357482,cc-by-nc,https://inaturalist-open-data.s3.amazonaws.com/photos/499357482/large.jpeg,b188b9b6ac4d522408daf1bbf8a2235c42ec5419359c9ee07141790f0fcfdc0f,val
otter,inaturalist,278107393,499357555,cc-by-nc,https://inaturalist-open-data.s3.amazonaws.com/photos/499357555/large.jpeg,4142ea9ab22695ba73d8aa10d2afe4e120c20e1c90b360f1ca35d92424df7c27,val
otter,inaturalist,334843146,608163563,cc-by-nc,https://inaturalist-open-data.s3.amazonaws.com/photos/608163563/large.jpg,166d24292d0252754c132ecafae5c9d70ce5b87a37c620493222d060243d3ee1,train
otter,inaturalist,85814250,141255273,cc-by-nc,https://inaturalist-open-data.s3.amazonaws.com/photos/141255273/large.jpeg,2de1890e2041a51a59df2cebb1990587481aac18c88cdd11663af16f650c3bc6,train
otter,inaturalist,185768647,324497764,cc-by-nc,https://inaturalist-open-data.s3.amazonaws.com/photos/324497764/large.jpg,79e0f2029a945f2ea28fdc171877f3299ba3f9d3cd34e05ec1ff590d31d8f3a2,train
otter,inaturalist,315266332,569509856,cc-by-nc,https://inaturalist-open-data.s3.amazonaws.com/photos/569509856/large.jpg,5daa59a40ae3c6b6cdd991b3902bca6a0324ac9d5412bc31ee8f18c61d4c35e4,train
otter,inaturalist,315266332,569509923,cc-by-nc,https://inaturalist-open-data.s3.amazonaws.com/photos/569509923/large.jpg,501cf073faa79f4ff3e002f2ff0584491f1e511d0a4fe9dedd8a0359f006e3da,train
otter,inaturalist,89808017,148799048,cc-by-nc,https://inaturalist-open-data.s3.amazonaws.com/photos/148799048/large.jpeg,9963abe1f58ecf44230ca41c628daa9fbfb8ecaf63b12c2cb0edb2bdc90283a1,train
otter,inaturalist,89808017,148799096,cc-by-nc,https://inaturalist-open-data.s3.amazonaws.com/photos/148799096/large.jpeg,63055f5d572c585a78cbea7ce9fc18788a4c35767349d528249922d1b2ae1806,train
otter,inaturalist,89808017,149861559,cc-by-nc,https://inaturalist-open-data.s3.amazonaws.com/photos/149861559/large.jpeg,1f0177c3c209ed54a6c211d0abb7f9f44986f0efe1a689d7b2064fe961345402,train
otter,inaturalist,178964857,311578481,cc-by-nc,https://inaturalist-open-data.s3.amazonaws.com/photos/311578481/large.jpeg,33afa0b914993bd919e21526b976635455e8f104f4f1bcb79ac1410a067191e2,val
otter,inaturalist,326603417,591546813,cc-by,https://inaturalist-open-data.s3.amazonaws.com/photos/591546813/large.jpg,3f04c764f354a2fe57f9254fcb4060b2457466c452b8c1e04b0f9033f4c8d539,train
otter,inaturalist,326603417,591546814,cc-by,https://inaturalist-open-data.s3.amazonaws.com/photos/591546814/large.jpg,883504d42c9859b83790f5d66ffa0f4791f737cd7a9614fdb02ce40db150a05a,train
otter,inaturalist,326603417,591546818,cc-by,https://inaturalist-open-data.s3.amazonaws.com/photos/591546818/large.jpg,3dc10814704a29ba862fd320ded5e37d0878800152bf9802c2becd3d408ee2ca,train
otter,inaturalist,326603417,591546820,cc-by,https://inaturalist-open-data.s3.amazonaws.com/photos/591546820/large.jpg,c28df39f2f3c56afe6d1c140051bc3640e7e5342db21ef0a9854d936005742f2,train
otter,inaturalist,95665223,158839681,cc-by-nc,https://inaturalist-open-data.s3.amazonaws.com/photos/158839681/large.jpg,ca6f32d2812cbdfddc3642d4f6410db2ec96f6408250c592981ee5c8670c52b7,val
otter,inaturalist,147449200,253724613,cc0,https://inaturalist-open-data.s3.amazonaws.com/photos/253724613/large.jpg,f629969b9c5c3d8cf4d28e4ff4961078aef9e8b8c7cf49cf8c0898cee3f620c1,test
otter,inaturalist,147449200,253724618,cc0,https://inaturalist-open-data.s3.amazonaws.com/photos/253724618/large.jpg,5a43fb105d6a5aa2d9d5bb2460898854faf45cfca751244c3fb83e5e77e2d42f,test
otter,inaturalist,203026522,358651134,cc-by-nc,https://inaturalist-open-data.s3.amazonaws.com/photos/358651134/large.jpg,2a47a10cb2c1a0a0c900b68458ded2d3dd380f98bbaf7d4d33bef3119d5f1313,train
otter,inaturalist,192827994,338599045,cc-by,https://inaturalist-open-data.s3.amazonaws.com/photos/338599045/large.png,f2826024c017fab052c001708390daea59f1a41b6f025b7c868b74a859860313,train
otter,inaturalist,110657109,186708075,cc-by-nc,https://inaturalist-open-data.s3.amazonaws.com/photos/186708075/large.jpg,3dd7f986a76734a25ae2bd9e863d8cb2fa5d8ac0c66e281bf6ed2f34cad14260,train
otter,inaturalist,110657109,186708107,cc-by-nc,https://inaturalist-open-data.s3.amazonaws.com/photos/186708107/large.jpg,8a5e0faf6c89dff48b51245fdbbd23d0ac9dff654aaf9987da06d1b79015c633,train
otter,inaturalist,146850667,252571160,cc-by,https://inaturalist-open-data.s3.amazonaws.com/photos/252571160/large.jpeg,7fbe39ff00de4e37dafe2dd9eec1c5445d89d78033f6785d5b10c0bc16d383d8,val
otter,inaturalist,197132844,347126734,cc-by-nc,https://inaturalist-open-data.s3.amazonaws.com/photos/347126734/large.jpg,1ba2a38a1da28828684eddeba50c646cccd93b8ada4ebba8e480592343a7216d,train
otter,inaturalist,197132844,347126744,cc-by-nc,https://inaturalist-open-data.s3.amazonaws.com/photos/347126744/large.jpg,5e5d04c1d59b5c2676b8134aab74c50c96b468e3bb3ed80e4db531fd667a2db1,train
otter,inaturalist,197132844,347126749,cc-by-nc,https://inaturalist-open-data.s3.amazonaws.com/photos/347126749/large.jpg,31aef38f88c8fd8d9c79edb9d7cbc6b98962cae907504f235570c15cf979c5da,train
otter,inaturalist,43778594,69431489,cc-by-nc,https://inaturalist-open-data.s3.amazonaws.com/photos/69431489/large.jpeg,088165ca8398e7c8c2e860b140dcb1e13a8072a90378dd94c3c7a49464d58b74,val
otter,inaturalist,276738091,496937572,cc-by,https://inaturalist-open-data.s3.amazonaws.com/photos/496937572/large.jpeg,7a531dd109a64cd34a4d48ed96067f3dd9c4830a734c78ba1bfff0028e52e57d,test
otter,inaturalist,209220427,370248087,cc-by-nc,https://inaturalist-open-data.s3.amazonaws.com/photos/370248087/large.jpeg,5ff7e442655e0778b958425fa3789ce3a279bf9811a701f49e79561ff0ed0f4f,train
otter,inaturalist,82357816,135161541,cc-by-nc,https://inaturalist-open-data.s3.amazonaws.com/photos/135161541/large.jpeg,af18f10cf08dfd9da171f3d1a1e40277fdc5095d762a46d638b1c908b49ccc2e,train
otter,inaturalist,106443201,178809713,cc-by,https://inaturalist-open-data.s3.amazonaws.com/photos/178809713/large.jpeg,cf6cd14c1c380fcaf090a5ff03b80f0db6dd933889a59fedb1569de6f392650a,train
otter,inaturalist,106443201,178809722,cc-by,https://inaturalist-open-data.s3.amazonaws.com/photos/178809722/large.jpeg,e26194be0c3fd4e34fd1baac4135a8c37ab8ab6b939a19f7794c0be67a3e838d,train
otter,inaturalist,300722956,542358535,cc-by-nc,https://inaturalist-open-data.s3.amazonaws.com/photos/542358535/large.jpg,0da1eabc3413ebdd78b3198b5b743fac68f3377a20c366b0c09d1dde0bc58bfa,val
otter,inaturalist,125519946,215147841,cc-by-nc,https://inaturalist-open-data.s3.amazonaws.com/photos/215147841/large.jpeg,c00e5bfb8cbff55ce1bee437801a0072bc73a800d97ed38fd43b89b8b0463e74,test
otter,inaturalist,108112678,181965111,cc-by-nc,https://inaturalist-open-data.s3.amazonaws.com/photos/181965111/large.jpeg,46cabc46ff7b62e592b3af9408c8e5af6fbfc04834ab4d92e3980da2c656d22d,train
otter,inaturalist,45639418,72377360,cc-by-nc,https://inaturalist-open-data.s3.amazonaws.com/photos/72377360/large.jpeg,542bdb5aefc56ffafcc30ab1647ff26711d5a3b00e61dbc7260a16bd7b953591,train
otter,inaturalist,206535866,365287069,cc-by-nc,https://inaturalist-open-data.s3.amazonaws.com/photos/365287069/large.png,b648a1599abd95308dade3d95af7e2e387739053cb69836df7c74fb2e08ad47d,train
otter,inaturalist,206535866,365287101,cc-by-nc,https://inaturalist-open-data.s3.amazonaws.com/photos/365287101/large.png,479fd980e9b1462a697256edd1e6c943a942c96133ddc7bbc658c9a35f97f1a1,train
otter,inaturalist,206535866,365287095,cc-by-nc,https://inaturalist-open-data.s3.amazonaws.com/photos/365287095/large.png,c4b4a82fcc2aaed9e011e85d116ff40afcc5bbb8c9304769905021e1a0ee4a77,train
otter,inaturalist,206535866,365287094,cc-by-nc,https://inaturalist-open-data.s3.amazonaws.com/photos/365287094/large.png,f48b5b76d3a2f03cc7e457b6d5630ef1ef714ee6a2b77c9ca9350cc511bc4e5a,train
otter,inaturalist,206535866,365287075,cc-by-nc,https://inaturalist-open-data.s3.amazonaws.com/photos/365287075/large.png,2dc5ac1ba0e88319b120d02052b3c0dd5c4f9d938cf5b1fb5c5e1e9cd0b3db4b,train
otter,inaturalist,206535866,365287032,cc-by-nc,https://inaturalist-open-data.s3.amazonaws.com/photos/365287032/large.png,468b17650c967b1661777cc96d56b96208b4c86ad17af3c535eecee3b69a27ec,train
otter,inaturalist,213996465,378209520,cc-by-nc,https://inaturalist-open-data.s3.amazonaws.com/photos/378209520/large.jpeg,b6a7c1647f501a0eab8b5861eda4d46cb283c5d9b7bbd3b75f9025346fb24795,val
otter,inaturalist,213996465,378209945,cc-by-nc,https://inaturalist-open-data.s3.amazonaws.com/photos/378209945/large.jpeg,5037333f92d724423446840c6de06bce570ce4d11b407cb3d4adc768b4f98a53,val
otter,inaturalist,223204348,395456331,cc-by,https://inaturalist-open-data.s3.amazonaws.com/photos/395456331/large.jpeg,a2dc3ed577f2b7fe6c6b8132988e6b22537bf95b01c6642d0c828cb1dffa03be,test
otter,inaturalist,31571321,49423578,cc-by-nc,https://inaturalist-open-data.s3.amazonaws.com/photos/49423578/large.jpg,09483a399d3df7fbb7a23aeae6913f244519d63d5d72e5f7fbc7cb586f50959c,test
otter,inaturalist,305817047,551034493,cc-by,https://inaturalist-open-data.s3.amazonaws.com/photos/551034493/large.jpg,e4cb58475341781f69b17ac16e1c3e65cbc987e40848fad738658679aa608657,train
otter,inaturalist,247617686,442287466,cc-by-nc,https://inaturalist-open-data.s3.amazonaws.com/photos/442287466/large.jpeg,0dcd1be881d2715b9999c68b3d963b8edb514c2c815a191a714c3c8fae170cf7,train
otter,inaturalist,247617686,442287499,cc-by-nc,https://inaturalist-open-data.s3.amazonaws.com/photos/442287499/large.jpeg,52f8f5cec790a3e025307bb98daaf164475084476a1f950a83a8dc2dadee6c6f,train
otter,inaturalist,247617686,442287538,cc-by-nc,https://inaturalist-open-data.s3.amazonaws.com/photos/442287538/large.jpeg,8ae9f26f255cd10877d2991470b1f3b41b17f01b54f96be25299382243458b1f,train
otter,inaturalist,247617686,442287573,cc-by-nc,https://inaturalist-open-data.s3.amazonaws.com/photos/442287573/large.jpeg,a6a189d57801fe297b2727ca2003d838bebfc2f0de573d25721a8244564e32b5,train
otter,inaturalist,64721605,104099201,cc-by-nc,https://inaturalist-open-data.s3.amazonaws.com/photos/104099201/large.jpeg,264739fd500cef9e4cbb4ff6ff26c79fbb67d22ead4c9c0f973f191a6c829acb,val
otter,inaturalist,64721605,104099214,cc-by-nc,https://inaturalist-open-data.s3.amazonaws.com/photos/104099214/large.jpeg,247ea9e4d101296372f35b4286b5ada2284a615c39cc655c49a93a16f5909531,val
otter,inaturalist,64721605,104099226,cc-by-nc,https://inaturalist-open-data.s3.amazonaws.com/photos/104099226/large.jpeg,71aace1b52ae4b299ab02e177923b9488eb5c25a8e41943078780467a9a4bbe9,val
otter,inaturalist,327668509,593665263,cc-by-nc,https://inaturalist-open-data.s3.amazonaws.com/photos/593665263/large.jpg,0dcaf1e55d0345ee176e38079c53d13520a86ab304045a3e0677f653202af791,test
otter,inaturalist,105866858,177729321,cc-by,https://inaturalist-open-data.s3.amazonaws.com/photos/177729321/large.jpeg,f1f3a3ce2adc269a8a3d967b249e3c15bee3f40c733cdf10d53d4f9c5088dd29,train
otter,inaturalist,105866858,177729578,cc-by,https://inaturalist-open-data.s3.amazonaws.com/photos/177729578/large.jpeg,ead525740fedfcec258b9b1253e370f4088ee887fda3afe45553fc42398d3df9,train
otter,inaturalist,146124713,251156307,cc-by-nc,https://inaturalist-open-data.s3.amazonaws.com/photos/251156307/large.jpg,1feec44b4606107c54d820417bbc0e1809cbe84c853098f27851b3470e829be6,train
otter,inaturalist,108814970,183283787,cc-by,https://inaturalist-open-data.s3.amazonaws.com/photos/183283787/large.jpg,0b85d10a4e93deb9718632320fa0d11ca36f15ac2caebf3511222fd6c5b6f8a9,test
otter,inaturalist,155794706,269339132,cc-by-nc,https://inaturalist-open-data.s3.amazonaws.com/photos/269339132/large.jpg,499b8f46faa4bfd05d565eb5da941621492a2482075a1f10146cc76803085b6a,train
otter,inaturalist,204633201,361722180,cc-by-nc,https://inaturalist-open-data.s3.amazonaws.com/photos/361722180/large.jpeg,68153660af5721beb52dc384e2140e92ed1385e70da0a01f41cc3d524597d525,train
otter,inaturalist,204633201,361722440,cc-by-nc,https://inaturalist-open-data.s3.amazonaws.com/photos/361722440/large.jpeg,25954ae2834282f293108a27d6f894119e5a284690ffc9f0eb2b596f587a6f8c,train
otter,inaturalist,338615141,615831414,cc-by-nc,https://inaturalist-open-data.s3.amazonaws.com/photos/615831414/large.jpg,42ab80356d73dd11afdb857a4703aaab6bdbc2543b9b29b64d4dabdd2c673b9c,train
otter,inaturalist,338615141,615831419,cc-by-nc,https://inaturalist-open-data.s3.amazonaws.com/photos/615831419/large.jpg,bbbf825c74fca98e2378e1201f65f0b5a6122b1422b1ca2232f1364bce4102e6,train
otter,inaturalist,338615141,615831445,cc-by-nc,https://inaturalist-open-data.s3.amazonaws.com/photos/615831445/large.jpg,3e2dc3b0ee567433c08fabb4c84bce7e29efc0c544ee7b19a66b98ef152d7723,train
otter,inaturalist,338615141,615831470,cc-by-nc,https://inaturalist-open-data.s3.amazonaws.com/photos/615831470/large.jpg,5a2505be122373ce9a2f454555154b8c4252d05661fd3852a3f35cd37b7da25d,train
otter,inaturalist,338615141,615831474,cc-by-nc,https://inaturalist-open-data.s3.amazonaws.com/photos/615831474/large.jpg,5be91713fbc9426206f041e3cacf7d77eaaacad5a0ff634433b8e8aab86ac548,train
otter,inaturalist,338615141,615831503,cc-by-nc,https://inaturalist-open-data.s3.amazonaws.com/photos/615831503/large.jpg,a7b5f2f59212b7eb15948038ec696019bd9a4b7cc2b8fef8960bfe8390c76bbb,train
otter,inaturalist,338615141,615831504,cc-by-nc,https://inaturalist-open-data.s3.amazonaws.com/photos/615831504/large.jpg,535c85e9941e41660a8c694c889cfb3f462da72ffdca5c42805ac8b145ae36f6,train
otter,inaturalist,331816461,602030851,cc-by,https://inaturalist-open-data.s3.amazonaws.com/photos/602030851/large.jpg,fb2ebf5a2713bcd8f2e27f875985537f13362f6af41e3b3d03dc8eac26c8845c,test
otter,inaturalist,331816461,602030869,cc-by,https://inaturalist-open-data.s3.amazonaws.com/photos/602030869/large.jpg,b11f6cb7650a995439a067610803a65b1d26e7770bdb59ff0b25018ef5dddb87,test
otter,inaturalist,331816461,602030885,cc-by,https://inaturalist-open-data.s3.amazonaws.com/photos/602030885/large.jpg,a463e7093e9b298eb2153001bd68eff213539fa8b2a57cb39e5399069dec3a7d,test
otter,inaturalist,331816461,602030909,cc-by,https://inaturalist-open-data.s3.amazonaws.com/photos/602030909/large.jpg,2e980da36b66a77f9da4b18ef98dc9726c84c8bbad6897539199bcd26b1032ef,test
otter,inaturalist,331816461,602030927,cc-by,https://inaturalist-open-data.s3.amazonaws.com/photos/602030927/large.jpg,eea6c716010a854f61c5b30be091f6f2024117164f93e7e3c1a7c38df616d256,test
otter,inaturalist,331816461,602030944,cc-by,https://inaturalist-open-data.s3.amazonaws.com/photos/602030944/large.jpg,52a8e168e3986bc5bee8a7a59a3c35c141c5bb641443286f4dd2939dfc07954d,test
otter,inaturalist,331816461,602030977,cc-by,https://inaturalist-open-data.s3.amazonaws.com/photos/602030977/large.jpg,a8c2729b80d92cf3b5722db3c078a1572097b885e4da21d92515c3504b654902,test
otter,inaturalist,331816461,602030995,cc-by,https://inaturalist-open-data.s3.amazonaws.com/photos/602030995/large.jpg,ee2aeab1de2e860c102c5c33a709ff6fb9fb01dd1f37e61082e000888eaf7081,test
otter,inaturalist,326043045,590428494,cc-by-nc,https://inaturalist-open-data.s3.amazonaws.com/photos/590428494/large.jpg,a3361ab30c55e65dffe3f059e0eb70f84b15a231dd58087a647ec2d531495be1,val
otter,inaturalist,99859107,166560622,cc-by,https://inaturalist-open-data.s3.amazonaws.com/photos/166560622/large.jpg,6db2486a916d22aa47420edf1bd4f477869623d04b4e1b393887286980deea33,train
otter,inaturalist,99859107,166560687,cc-by,https://inaturalist-open-data.s3.amazonaws.com/photos/166560687/large.jpg,0bbf992c3a5a8c819db4ab45c6d37d09d0f7d47f2b608400b374f322abc3ab21,train
otter,inaturalist,99859107,166560704,cc-by,https://inaturalist-open-data.s3.amazonaws.com/photos/166560704/large.jpg,efb841f7fe15ab071d5ba77c3f80d3e549e47959a735a990b6c03517380f92cf,train
otter,inaturalist,99859107,166560718,cc-by,https://inaturalist-open-data.s3.amazonaws.com/photos/166560718/large.jpg,e251f4444b80f58dc939403f7457a5c8fa44ea69320fcc4768103d8565c9812d,train
otter,inaturalist,94829288,157349518,cc-by-nc,https://inaturalist-open-data.s3.amazonaws.com/photos/157349518/large.jpeg,5248a3d2be9213c7e98fbd57b595d493ae92cbb690c92db5ea10296ff5deecd7,val
otter,inaturalist,94829288,157349531,cc-by-nc,https://inaturalist-open-data.s3.amazonaws.com/photos/157349531/large.jpeg,adbfc8f10d6940ffbaa3a7a81824966a8bf255fd1bdf530c355a0c46ea090de4,val
otter,inaturalist,68583863,111090783,cc-by-nc,https://inaturalist-open-data.s3.amazonaws.com/photos/111090783/large.jpg,bcc8c0750d6deaad02a64d746c6694bad0da44b43e3821ddeca859cdf157f4cf,train
otter,inaturalist,68583863,111090776,cc-by-nc,https://inaturalist-open-data.s3.amazonaws.com/photos/111090776/large.jpg,401191c85b3e036f7209b4bde22d61661d73a86f043748deb8876a2b2a9189ab,train
otter,inaturalist,68583863,111090789,cc-by-nc,https://inaturalist-open-data.s3.amazonaws.com/photos/111090789/large.jpg,1a6e77e58ae5c5cba4892b4c5d73635dc59fc6a5c125881d58505d73ca75889a,train
otter,inaturalist,334514299,607493842,cc-by-nc,https://inaturalist-open-data.s3.amazonaws.com/photos/607493842/large.jpg,ce723451d3a1669bb7529a471fd6c3b9ecb18b76758fee29ed1babc46bda55db,train
otter,inaturalist,334514299,607493835,cc-by-nc,https://inaturalist-open-data.s3.amazonaws.com/photos/607493835/large.jpg,b5b48648a8b0f732f236619ab749189b1f8a2cc2432d2cc2c3ab3bfe32367efd,train
otter,inaturalist,334514299,607493839,cc-by-nc,https://inaturalist-open-data.s3.amazonaws.com/photos/607493839/large.jpg,b7596ea9602459873c575c8d70ab4bffab30280825c9650b26fcd320d59b59b2,train
otter,inaturalist,48651122,77206817,cc-by-nc,https://inaturalist-open-data.s3.amazonaws.com/photos/77206817/large.jpeg,66e6056aaad1a3e52bb50d60474c39cfe53070a2f75c1d8e676bdc9a352c8012,val
otter,inaturalist,48651122,77206848,cc-by-nc,https://inaturalist-open-data.s3.amazonaws.com/photos/77206848/large.jpeg,51f0c540c1aa81546dfc24394800216b2e9317a1a801ad14783e58547a90799e,val
otter,inaturalist,48651122,77206874,cc-by-nc,https://inaturalist-open-data.s3.amazonaws.com/photos/77206874/large.jpeg,ca6ecb2559d3f79820cfa136338fb9ba19fc9e027bf9d82580d78bf8009eb540,val
otter,inaturalist,37222802,58974077,cc-by-nc,https://inaturalist-open-data.s3.amazonaws.com/photos/58974077/large.jpeg,1e4ead640c28763796b9a8ae7d517693bd489f41f3db057d020f5b6d94010bcb,train
otter,inaturalist,186273457,325495400,cc-by,https://inaturalist-open-data.s3.amazonaws.com/photos/325495400/large.jpeg,6d7047cfc1e0dbc48c4ddd58118cbab891eb78669a11e2217ce6520bf588d085,train
otter,inaturalist,321466905,581383253,cc-by-nc,https://inaturalist-open-data.s3.amazonaws.com/photos/581383253/large.jpg,4f4241cdb39d3da5594606ef5e6cc199892111c68db7c4605e6c93f46835e29c,train
otter,inaturalist,41376934,65634614,cc-by-nc,https://inaturalist-open-data.s3.amazonaws.com/photos/65634614/large.jpg,021061df2cbd3851802f4bc0f1663b3f222af6299026a70cc07dc991571c6e72,train
otter,inaturalist,196026484,345011865,cc-by-nc,https://inaturalist-open-data.s3.amazonaws.com/photos/345011865/large.jpeg,3fc811c066f1afc0caad3265f93529fe9ac7db38508f70710563eb2da4e9ff95,train
otter,inaturalist,197062869,346987545,cc-by-nc,https://inaturalist-open-data.s3.amazonaws.com/photos/346987545/large.jpg,506cb162973445222e3a50968b986070a1fb472280000a1653ff7d2d97ad31fe,train
otter,inaturalist,52596849,83619675,cc-by-nc,https://inaturalist-open-data.s3.amazonaws.com/photos/83619675/large.jpeg,28de95002b4a6d36eb079da9d8d6f10b6ca19d3701087d77bc3bc59f54cb97ce,train
otter,inaturalist,199717363,352249514,cc-by-nc,https://inaturalist-open-data.s3.amazonaws.com/photos/352249514/large.jpg,eb89b0ec0de642bfe42b17f853be12adb5abc04e1272e2a48a02c856c324a62d,train
otter,inaturalist,199717363,352249525,cc-by-nc,https://inaturalist-open-data.s3.amazonaws.com/photos/352249525/large.jpg,4c950074460c610b629a83899e8bc7e6d41f63474b4fd404d033d1d16fed3875,train
otter,inaturalist,256374105,459645256,cc-by-nc,https://inaturalist-open-data.s3.amazonaws.com/photos/459645256/large.jpeg,6505557746bd532ab7cf86168739884244ac0123ed9ecd92244a1728236b3a20,train
otter,inaturalist,199095132,351044137,cc-by-nc,https://inaturalist-open-data.s3.amazonaws.com/photos/351044137/large.jpg,5729d8ddf9742b52e4524bd421306e69f8d69861c531381ead5fb56405f64e79,train
otter,inaturalist,199095132,351044141,cc-by-nc,https://inaturalist-open-data.s3.amazonaws.com/photos/351044141/large.jpg,657f27ba3248c1749d38f0462d63fa2f6f742a4db2bc58fd7ee60443624ab6ac,train
otter,inaturalist,195955889,344871186,cc-by-nc,https://inaturalist-open-data.s3.amazonaws.com/photos/344871186/large.jpeg,5a1a2e40b768cd8b4051893f00fb67f54c9f82512614671311732848a897502b,val
otter,inaturalist,195955889,344871170,cc-by-nc,https://inaturalist-open-data.s3.amazonaws.com/photos/344871170/large.jpeg,3312f6bf1b00cd739aad2e6a64a49e70a4852694e1e39e032fa113cd5bde8c16,val
otter,inaturalist,129815038,220660030,cc-by-nc,https://inaturalist-open-data.s3.amazonaws.com/photos/220660030/large.jpeg,ff5d67a51c57d1d1f94f35eca09c14290bc0d7ee8c5499f18272572205594992,train
otter,inaturalist,106325170,178589896,cc-by,https://inaturalist-open-data.s3.amazonaws.com/photos/178589896/large.jpeg,cd5f9b804a4147b94f6af0f88d479fdc40babedac84d40f5d3e31f0251b646cc,train
otter,inaturalist,206431339,365098842,cc-by-nc,https://inaturalist-open-data.s3.amazonaws.com/photos/365098842/large.jpeg,1840d1a1e7567234b8a3b47255c3baee1f17e274b373aa31fbd67287a440ad55,train
otter,inaturalist,202970739,358544375,cc-by-nc,https://inaturalist-open-data.s3.amazonaws.com/photos/358544375/large.jpg,ae49dadb276c570d78547164f2a57ee36db180da37a61fea42f4c7f006f745fb,train
otter,inaturalist,50538021,80248902,cc-by-nc,https://inaturalist-open-data.s3.amazonaws.com/photos/80248902/large.jpg,aaaad01504b844a274432ab52318780c0a2c8d3065bf16e9e4cccac80211b59e,test
otter,inaturalist,58491985,93390222,cc-by-nc,https://inaturalist-open-data.s3.amazonaws.com/photos/93390222/large.jpg,58bae5d4888da4697e75e46dcd0c437e4398e9266e7c5811c544ac11a0d42f1e,train
otter,inaturalist,182164620,317714762,cc-by-nc,https://inaturalist-open-data.s3.amazonaws.com/photos/317714762/large.jpeg,3267682458668b16eb5dc766c1e1c4f1f377f8254266f3acbdb5da65e2323b9b,train
otter,inaturalist,337356165,613248801,cc-by-nc,https://inaturalist-open-data.s3.amazonaws.com/photos/613248801/large.jpg,8ced2502fc316c280217f9399575c59d2dd9584e9153829b4fa0f0df8b8d40f5,train
otter,inaturalist,337356165,613249683,cc-by-nc,https://inaturalist-open-data.s3.amazonaws.com/photos/613249683/large.jpg,d8b681743b5b4e725a599af63bec1e501499f71e704cf438033cb5762001b18b,train
otter,inaturalist,337356165,613249706,cc-by-nc,https://inaturalist-open-data.s3.amazonaws.com/photos/613249706/large.jpg,c19e69968a9d69a2141846bbe660aa8b44d8dd6cd1d7394cb4d5e25c286304a4,train
otter,inaturalist,261284388,469382772,cc-by-nc,https://inaturalist-open-data.s3.amazonaws.com/photos/469382772/large.jpeg,f94228a57b245e34de37e2dec2b5f0a525d008c692bd491f1aeb4954999cffe9,val
otter,inaturalist,630294,793159,cc-by-nc,https://inaturalist-open-data.s3.amazonaws.com/photos/793159/large.JPG,c6f54038bb488f3eb412bbe2d6dfcb64917ba09ae37be1ef584caf0f94c5d62f,test
otter,inaturalist,327669340,593666387,cc-by-nc,https://inaturalist-open-data.s3.amazonaws.com/photos/593666387/large.jpg,e1436fe8b4517ffc700257a2a50ea45ce43068ade27c9dfb1a10b82963674995,train
otter,inaturalist,319979591,578472125,cc-by-nc,https://inaturalist-open-data.s3.amazonaws.com/photos/578472125/large.jpg,c545732b99a93ed9eaba9b3e50e910d08ad93a50d0b0a0745983d41dbd1a92ec,train
otter,inaturalist,319979591,578472156,cc-by-nc,https://inaturalist-open-data.s3.amazonaws.com/photos/578472156/large.jpg,587f533e3fa847c0ee6b63e046b8266b5e3162450956fd42846bad1b7ced06ea,train
otter,inaturalist,319979591,578472148,cc-by-nc,https://inaturalist-open-data.s3.amazonaws.com/photos/578472148/large.jpg,bd8de6ba99684f38c8020a5e25937ce7521f82908d24125a22910e045e76702f,train
otter,inaturalist,319979591,578472168,cc-by-nc,https://inaturalist-open-data.s3.amazonaws.com/photos/578472168/large.jpg,ebe28dce132229f599a30cf8773f6c78103812ac901a488f39b4270759a0d54b,train
otter,inaturalist,319979591,578472169,cc-by-nc,https://inaturalist-open-data.s3.amazonaws.com/photos/578472169/large.jpg,f279ad71b3c67f9c50626235fae64c358897e271a5a42477c2a0132d8200383e,train
otter,inaturalist,319979591,578472180,cc-by-nc,https://inaturalist-open-data.s3.amazonaws.com/photos/578472180/large.jpg,f2a1fb9e2ca29cd648c263e79cee3bf6bff45489556d540299c2140821b69985,train
otter,inaturalist,290437516,522478351,cc0,https://inaturalist-open-data.s3.amazonaws.com/photos/522478351/large.jpg,184b3d04372662a55c6282302c0b9a2ee2bbdd3a3e8d3ee2355bcbb80a501cc1,val
otter,inaturalist,258748389,464315614,cc-by-nc,https://inaturalist-open-data.s3.amazonaws.com/photos/464315614/large.jpg,6520ee618b6f20f20c18e41afd29d40eb4a3c5c9d879b6f276f0a056bc6c691c,test
otter,inaturalist,293745977,528671850,cc-by-nc,https://inaturalist-open-data.s3.amazonaws.com/photos/528671850/large.jpg,058a27d97cc84ae21a1c79a16e3cd447dc334c7c1bdfdffc6abc9526ef8de559,val
otter,inaturalist,150498466,259520963,cc-by,https://inaturalist-open-data.s3.amazonaws.com/photos/259520963/large.jpeg,f8d253e031cbc409759bf3c5227641677b12abb7c8bbf76d2a37ff4eb5dd7cca,test
otter,inaturalist,150498466,259520992,cc-by,https://inaturalist-open-data.s3.amazonaws.com/photos/259520992/large.jpeg,336be41790ecff82d4467b3f7100985c4dd286a811f005ee33387062e615b47d,test
otter,inaturalist,150498466,259521015,cc-by,https://inaturalist-open-data.s3.amazonaws.com/photos/259521015/large.jpeg,c0727ef4a852a7069453b472ad49147fd36f131579923f2cbe92970fb5a0cf61,test
otter,inaturalist,150498466,259521037,cc-by,https://inaturalist-open-data.s3.amazonaws.com/photos/259521037/large.jpeg,1b754a35a93fae751f56d2ba858d5386b85c17772aedeb275edae2e5e1008aae,test
otter,inaturalist,150498466,259521059,cc-by,https://inaturalist-open-data.s3.amazonaws.com/photos/259521059/large.jpeg,a4a3bfa94532d7a66fdd5f1805f8b5e4215cd3f16163eca7e59747b59d24111e,test
otter,inaturalist,150498466,259521075,cc-by,https://inaturalist-open-data.s3.amazonaws.com/photos/259521075/large.jpeg,5f9cfab723954d6183198c608f5c4d57fb9eeb3a439394d9beab06c2434ad553,test
otter,inaturalist,26938284,41860748,cc0,https://inaturalist-open-data.s3.amazonaws.com/photos/41860748/large.jpg,ecb320f551eee9f6a360ebe2a538e794cc7df409ce8c72d270baf87f274c268b,train
otter,inaturalist,257405961,461746587,cc-by-nc,https://inaturalist-open-data.s3.amazonaws.com/photos/461746587/large.jpeg,17b74f525811f63bbd2d84ffcfdd35d5da9a4d010fdcf99c5dbea893b7d12c43,train
otter,inaturalist,257405961,461746616,cc-by-nc,https://inaturalist-open-data.s3.amazonaws.com/photos/461746616/large.jpeg,b19c0964aeb96c26fbcbb2ad4c55ee79d65939f32aa9ea1f63e8c3e542feb576,train
otter,inaturalist,257405961,461746642,cc-by-nc,https://inaturalist-open-data.s3.amazonaws.com/photos/461746642/large.jpeg,c6993bbebd3a0cd656e1d6c400c0be8fb5ead648ccf723a83141cdb0fd7c1810,train
otter,inaturalist,257405961,461746669,cc-by-nc,https://inaturalist-open-data.s3.amazonaws.com/photos/461746669/large.jpeg,57571ea5f7d4c902ce3a3170d36c3d572c330e28b227cc0be69c89ebeb9d7c31,train
otter,inaturalist,257405961,461746691,cc-by-nc,https://inaturalist-open-data.s3.amazonaws.com/photos/461746691/large.jpeg,8c89818304cd604e3c17997ed399f6e84bf1720bd0b7965bdd67e6129db7cfc7,train
otter,inaturalist,257405961,461746730,cc-by-nc,https://inaturalist-open-data.s3.amazonaws.com/photos/461746730/large.jpeg,0c0fc9bbe83048c9555ad033e3ebd1354de88d7f51150923a708ba3908c61a6c,train
otter,inaturalist,257405961,461746756,cc-by-nc,https://inaturalist-open-data.s3.amazonaws.com/photos/461746756/large.jpeg,29bd2b6add3ec1d1257d76b53b256004a36043d20f84919fe54c171bb554c7d7,train
otter,inaturalist,257405961,461746769,cc-by-nc,https://inaturalist-open-data.s3.amazonaws.com/photos/461746769/large.jpeg,767d4c65d8205c36a647d61204c9080b67d2113deecec07469c3f593f79af42e,train
otter,inaturalist,257405961,461746779,cc-by-nc,https://inaturalist-open-data.s3.amazonaws.com/photos/461746779/large.jpeg,e0ea1a26cacdc36eb468c90efa299eac24b254bdf25e2196ef5125381582745d,train
otter,inaturalist,291473654,524429010,cc-by-nc,https://inaturalist-open-data.s3.amazonaws.com/photos/524429010/large.jpg,e0e09b5d5cba99f4d11572d0ee0898303176c2eb3056e94f8c5a779b05495ac3,val
otter,inaturalist,225498753,399810316,cc-by-nc,https://inaturalist-open-data.s3.amazonaws.com/photos/399810316/large.jpeg,9ca7c176bbf8f41e0cc65c250b7844fbf03f4f4c8d922f17821f444012c51ce3,val
otter,inaturalist,225498753,399810141,cc-by-nc,https://inaturalist-open-data.s3.amazonaws.com/photos/399810141/large.jpeg,a3d74325b1fc03ec8bd7e97720b7501435192af80f738756b3d405b9ddaed7f9,val
otter,inaturalist,291479595,524438868,cc-by-nc,https://inaturalist-open-data.s3.amazonaws.com/photos/524438868/large.jpg,290742577821d0995b375c29e2de3cc8d9f434de36f3c480fde61a1e2af4ee7f,train
otter,inaturalist,74819072,122329733,cc-by-nc,https://inaturalist-open-data.s3.amazonaws.com/photos/122329733/large.jpg,65b9543591d9cb7acdd2b4904dadc7a648a4b92bfe1beea4e627a987faa791f9,train
otter,inaturalist,145415198,249768514,cc-by-nc,https://inaturalist-open-data.s3.amazonaws.com/photos/249768514/large.jpeg,f71f3e9ee8911b181c566fc60a02f917f3173fd3b4454d6c6ddcaa59235bc3f9,train
otter,inaturalist,305519278,550868333,cc-by-nc,https://inaturalist-open-data.s3.amazonaws.com/photos/550868333/large.jpg,8430b88ac7053c98571f3ec2053036c5f93f411c95fa631a7ac34f613f82b457,train
otter,inaturalist,327293420,592920681,cc-by-nc,https://inaturalist-open-data.s3.amazonaws.com/photos/592920681/large.jpg,941b961935af7cc84c45bf55be566b833b5643960b0b85b28b2bfd923f5d0c60,train
otter,inaturalist,257130025,461193506,cc-by-nc,https://inaturalist-open-data.s3.amazonaws.com/photos/461193506/large.jpg,171ed034a76ab6b8e048d382b5b1f188a000522adb0fd4a30de1a9d64016b741,train
otter,inaturalist,137841581,235490824,cc-by-nc,https://inaturalist-open-data.s3.amazonaws.com/photos/235490824/large.jpg,435bb5c095bf459135edcb7230ef30ed1e928c5db80a6f2f180b64f40a8c480e,val
otter,inaturalist,62561539,100258993,cc-by-nc,https://inaturalist-open-data.s3.amazonaws.com/photos/100258993/large.jpg,a88f373c12d7c298d9484170a67cdf5dcb94ff4e5bebb4fad90ee10f9edd273c,train
otter,inaturalist,62561539,100259104,cc-by-nc,https://inaturalist-open-data.s3.amazonaws.com/photos/100259104/large.jpg,fabb4430249d2ce1ed811d96360d1615a37e69d9e0c43b2fb8aac441c2f19e3d,train
otter,inaturalist,62561539,100259114,cc-by-nc,https://inaturalist-open-data.s3.amazonaws.com/photos/100259114/large.jpg,001cc4cc685607c93012c506d1a1fb74ce3b8a061659ebee731a27d1618ec21e,train
otter,inaturalist,262728965,471846795,cc-by-nc,https://inaturalist-open-data.s3.amazonaws.com/photos/471846795/large.jpg,8bcaa39182ab6546975ba64080d9e8d9cd96fb330a9f06a54567508cb45604e7,train
otter,inaturalist,262728965,471846815,cc-by-nc,https://inaturalist-open-data.s3.amazonaws.com/photos/471846815/large.jpg,67512b4a1b68ab23eeb2198f6182b4e146200be0a75549c9588e9ccee1832370,train
otter,inaturalist,262728965,471846825,cc-by-nc,https://inaturalist-open-data.s3.amazonaws.com/photos/471846825/large.jpg,8aed6d85a63a24d168457625efc6cefc050154f682f3e97e202bdd7e6818ae61,train
otter,inaturalist,277802802,498812971,cc-by-nc,https://inaturalist-open-data.s3.amazonaws.com/photos/498812971/large.jpeg,7cebda3d43e6f191fa872102fc907ba50a0d45ff4be3a2a5a68cb4218dc48755,val
otter,inaturalist,277802802,498812933,cc-by-nc,https://inaturalist-open-data.s3.amazonaws.com/photos/498812933/large.jpeg,69d1d2b864895b8647668e67857b7e12ceb0d8ed5f130a40e153c561c6253716,val
otter,inaturalist,187764944,328443124,cc-by-nc,https://inaturalist-open-data.s3.amazonaws.com/photos/328443124/large.jpg,60bbc813d5b05dfcb8ccd1f4443a49d9b7a906944d2a4e33aaedba94611572ea,train
otter,inaturalist,187764944,328443131,cc-by-nc,https://inaturalist-open-data.s3.amazonaws.com/photos/328443131/large.jpg,a5c39dfe88b8c4062d9ef54c3e81de486ccfb6c4ead69e0036725941de073e2c,train
otter,inaturalist,187764944,328443147,cc-by-nc,https://inaturalist-open-data.s3.amazonaws.com/photos/328443147/large.jpg,caacfebaf936559f6b3d0ea451a610ce5dd0d9a9a5bb4de610fe597195394593,train
otter,inaturalist,187764944,328443168,cc-by-nc,https://inaturalist-open-data.s3.amazonaws.com/photos/328443168/large.jpg,677c54e2a868bd9b84e7f0dd31c31ff9bbcdfc65a51c5e79420aba80cc863c35,train
otter,inaturalist,197396155,347656278,cc-by-nc,https://inaturalist-open-data.s3.amazonaws.com/photos/347656278/large.jpeg,f80bff21ac24d29c7c75fcdb6c0278142ffc5568cbd6396c62563d875c224ad7,test
otter,inaturalist,197396155,347656475,cc-by-nc,https://inaturalist-open-data.s3.amazonaws.com/photos/347656475/large.jpeg,584e56746aecc850b58fa6cdc6e7a101ba789c86f7dde88a19d1fc5797c5dd24,test
otter,inaturalist,91400003,151176923,cc-by-nc,https://inaturalist-open-data.s3.amazonaws.com/photos/151176923/large.jpg,792d29b155e650561dcfa75635244d30483ae3f262f0d324220c50566a10f052,train
otter,inaturalist,91400003,151176993,cc-by-nc,https://inaturalist-open-data.s3.amazonaws.com/photos/151176993/large.jpg,8994ef7040f6db15650504a70ebb33059667ff9ccf1f5ca7e6421a8ce3cac7c7,train
otter,inaturalist,91400003,151177046,cc-by-nc,https://inaturalist-open-data.s3.amazonaws.com/photos/151177046/large.jpg,066bc3338ddbe0c4c1d81e653968b624ce1022b8e6cba7f5478737780d3c055e,train
otter,inaturalist,91400003,151177105,cc-by-nc,https://inaturalist-open-data.s3.amazonaws.com/photos/151177105/large.jpg,d83f5f6bc1ecc5a54c83403571d1df1e76eea28a7e198277d32d6a2b37299c64,train
otter,inaturalist,91400003,151177177,cc-by-nc,https://inaturalist-open-data.s3.amazonaws.com/photos/151177177/large.jpg,b76dca07b8fa32bef74574b52e7f8d9435770ea7b7a450897c42c693cff5936a,train
otter,inaturalist,91400003,151177234,cc-by-nc,https://inaturalist-open-data.s3.amazonaws.com/photos/151177234/large.jpg,f05e8040b7e558be1ad548459b68d79244b30918ea47e4bd175d104b272512e2,train
otter,inaturalist,339154153,616902694,cc-by-nc,https://inaturalist-open-data.s3.amazonaws.com/photos/616902694/large.jpg,64f5eb26d500fea6516ad8c1c56f901257a7dadbdeab83218f2718bb6deafdd6,val
otter,inaturalist,67304624,108709247,cc-by-nc,https://inaturalist-open-data.s3.amazonaws.com/photos/108709247/large.jpg,e87ba48f3bbf4753023aa99a7430a72974b91e102aa29931cbb7b6583f36226f,val
otter,inaturalist,97493810,162150528,cc-by-nc,https://inaturalist-open-data.s3.amazonaws.com/photos/162150528/large.jpg,7b2202841a0ff2eb196c23a3017c2cf9356299b661effac9e4335d56c22c4b85,test
otter,inaturalist,258534073,463878189,cc-by-nc,https://inaturalist-open-data.s3.amazonaws.com/photos/463878189/large.jpeg,62f431181c5ab119bee3b932eda0eb8e0301782252805aac24a1d1505bc32be6,train
otter,inaturalist,273109372,491280928,cc-by,https://inaturalist-open-data.s3.amazonaws.com/photos/491280928/large.jpeg,056f0c3052d6063fd1b38bc806a705622c7e4f18fd22fe87ff3075e0b7d2f9a7,train
otter,inaturalist,273109372,491281501,cc-by,https://inaturalist-open-data.s3.amazonaws.com/photos/491281501/large.jpeg,8fbc53f28a8620503d4cdfd0f97e9845e5d01d8b56aa2d772ec7fb57dc5a62c9,train
other,inaturalist,339047003,616684114,cc-by-nc,https://inaturalist-open-data.s3.amazonaws.com/photos/616684114/large.jpg,69f4b2445836ec7d4c51256edcc394d5a17e2e6bdb623643869fae4f667c66be,train
other,inaturalist,336086779,610673964,cc-by-nc,https://inaturalist-open-data.s3.amazonaws.com/photos/610673964/large.jpg,a533eccc70684f018d0a79278d67569bf18dc89a77d07e124d4bce55a7acf7c2,val
other,inaturalist,336086779,610673965,cc-by-nc,https://inaturalist-open-data.s3.amazonaws.com/photos/610673965/large.jpg,7c034cbbb45aae9fe5c83c696f75cb4cc467aec169c4bcf6b9925abc042e3cb1,val
other,inaturalist,310479245,560361887,cc-by,https://inaturalist-open-data.s3.amazonaws.com/photos/560361887/large.jpg,f7463a171117b631bba4f3f6d0834b9c4361753e2def61dadc2e38d22cbf7e7f,test
other,inaturalist,310479245,560361925,cc-by,https://inaturalist-open-data.s3.amazonaws.com/photos/560361925/large.jpg,265845bbe6a0ba42d21390934edc77422e4651dc1b1f536bfedd9374e680a428,test
other,inaturalist,310479245,560361985,cc-by,https://inaturalist-open-data.s3.amazonaws.com/photos/560361985/large.jpg,9a6b9c451ce11f1be1c4c261f0459a7842761551c600dd60bdf7e4c13f597f8f,test
other,inaturalist,310479245,560362024,cc-by,https://inaturalist-open-data.s3.amazonaws.com/photos/560362024/large.jpg,fa9112754eed2cd3efa4075b431908c5a61451927bf0b3effd222b017bd65b52,test
other,inaturalist,310479245,560362055,cc-by,https://inaturalist-open-data.s3.amazonaws.com/photos/560362055/large.jpg,30700bc9085e1e7f35ae3dddd2d5857565e83f86efc7e980709158ab7761707c,test
other,inaturalist,310479245,560362085,cc-by,https://inaturalist-open-data.s3.amazonaws.com/photos/560362085/large.jpg,add715f216c44ad8b73832aea90a09c79a67aa3b31145d2a5a15a2e4a0e695c6,test
other,inaturalist,310479245,560362123,cc-by,https://inaturalist-open-data.s3.amazonaws.com/photos/560362123/large.jpg,f6b49d783771f9a4d7b90e6a7f102bbfd5c1016d0adbdcc049d17a889cbd9440,test
other,inaturalist,233315444,414619226,cc-by-nc,https://inaturalist-open-data.s3.amazonaws.com/photos/414619226/large.jpeg,2e5067ff88518bafd5a8e454505064e54d9a905be9646bd58aba40ee6973fada,train
other,inaturalist,336807761,612213990,cc-by-nc,https://inaturalist-open-data.s3.amazonaws.com/photos/612213990/large.jpg,e10b07b79f378f5b70e72b74d71d311ef8439c837847f172c5f422e73a178113,train
other,inaturalist,336807761,612214013,cc-by-nc,https://inaturalist-open-data.s3.amazonaws.com/photos/612214013/large.jpg,e0e7f13c4177fc418f9cb09355cc41ad81a31f8c6cea6f2aec3625e0a41f108c,train
other,inaturalist,335929808,610365553,cc-by-nc,https://inaturalist-open-data.s3.amazonaws.com/photos/610365553/large.jpg,1c014591d0ee05c107a90ad8a3b8a8f2bce916eda956c0a132bf43766d30eccc,train
other,inaturalist,329447144,597185116,cc-by-nc,https://inaturalist-open-data.s3.amazonaws.com/photos/597185116/large.jpg,4809cded1cf7b4661344a864d779343a32887d876f2009e52be18dbea0bdcb1c,train
other,inaturalist,257756218,462429690,cc0,https://inaturalist-open-data.s3.amazonaws.com/photos/462429690/large.jpeg,225f4062000fc45e84022ebf77f7136938efd1bbe35ca933bcd2d02e69e2f07d,train
other,inaturalist,227171053,402969149,cc-by-nc,https://inaturalist-open-data.s3.amazonaws.com/photos/402969149/large.jpg,71c35c351490e9a5a9f2f9249ed1894b5ce3b65d0d798d562ebad2ebd62c5c0c,train
other,inaturalist,280049581,502939084,cc0,https://inaturalist-open-data.s3.amazonaws.com/photos/502939084/large.jpeg,8f4fc4d95f6a079e931c3d647ec1646a808b8ff43db581c7f137d2d355cf7c40,train
other,inaturalist,280049581,502939187,cc0,https://inaturalist-open-data.s3.amazonaws.com/photos/502939187/large.jpeg,fa5300fd1c2be6f175d54b0ae6035e38a93a6fb80e3117de468e36723104dcff,train
other,inaturalist,334729203,607929634,cc-by-nc,https://inaturalist-open-data.s3.amazonaws.com/photos/607929634/large.jpg,4531b4be92c263492cb912cf07b37f583d36c31bf72b5bd0bf6e14afa8c52e45,val
other,inaturalist,313158736,565489657,cc-by,https://inaturalist-open-data.s3.amazonaws.com/photos/565489657/large.jpg,81c1ab7df58863284b203504ff56aab2d60ceac8f132570c0ecc672d0d76fcdb,train
other,inaturalist,313158736,565489697,cc-by,https://inaturalist-open-data.s3.amazonaws.com/photos/565489697/large.jpg,b589a1d49b138973e1ace40e739c876cf35051387bd71a2b46ef2b4b75f97750,train
other,inaturalist,313158736,565489667,cc-by,https://inaturalist-open-data.s3.amazonaws.com/photos/565489667/large.jpg,3ae3a4fe624a1e4adea7d7bd919419109384cb5bb96ea33e90d3be9fa090e158,train
other,inaturalist,289113556,519973742,cc-by-nc,https://inaturalist-open-data.s3.amazonaws.com/photos/519973742/large.jpg,08e73aa9f55a1ebd0f96cbc882172ad500635d3466edc36c817ed408b9901379,val
other,inaturalist,318911103,576410890,cc0,https://inaturalist-open-data.s3.amazonaws.com/photos/576410890/large.jpg,b3a22fdb9207183ae670f8798ec4e60dd6d554b51db840815979057cbaa60c28,train
other,inaturalist,331781463,601961862,cc-by-nc,https://inaturalist-open-data.s3.amazonaws.com/photos/601961862/large.jpg,c2d72c9d61606f36ebe07fff33175ee92ae87d2fbfffc0b29fdf2f93106e0bd0,train
other,inaturalist,331781463,601961869,cc-by-nc,https://inaturalist-open-data.s3.amazonaws.com/photos/601961869/large.jpg,1b0a417be91ffb330725f4e09bb478ab162995ef576d33ae8916b5a21faeee21,train
other,inaturalist,331781463,601961883,cc-by-nc,https://inaturalist-open-data.s3.amazonaws.com/photos/601961883/large.jpg,ba205aed8f2572aab29f28c0a176f0e13988681be9a857720deeb101ca870707,train
other,inaturalist,331781463,601961897,cc-by-nc,https://inaturalist-open-data.s3.amazonaws.com/photos/601961897/large.jpg,90c04b99e9e7876da564aca1ff688337b8357a170bf3828f5d22d0024a35ed12,train
other,inaturalist,307910587,555456105,cc-by-nc,https://inaturalist-open-data.s3.amazonaws.com/photos/555456105/large.jpg,8bb4c69fbf1d46b27be653969e90b0131b1c315de7d7295e682f0099bd552fd6,val
other,inaturalist,333619594,605683650,cc-by-nc,https://inaturalist-open-data.s3.amazonaws.com/photos/605683650/large.jpg,5371048644f3e09fc5f004a80a20cf0a243d778dec01e6bb3fc2960f3db5a482,train
other,inaturalist,333619594,605683678,cc-by-nc,https://inaturalist-open-data.s3.amazonaws.com/photos/605683678/large.jpg,f9102e2ca66d85732641de0f0817ccd3a54d611b74fcb1cc8a44c94242a3c262,train
other,inaturalist,333619594,605683685,cc-by-nc,https://inaturalist-open-data.s3.amazonaws.com/photos/605683685/large.jpg,dd1907bd0f1073fa2664ef278a7dce3781c4043bc4757eb3c1856d46ef2763b4,train
other,inaturalist,338612678,615824089,cc-by-nc,https://inaturalist-open-data.s3.amazonaws.com/photos/615824089/large.jpg,75d652b8189a66e124f7ef3277b75b678a21397022adfaec26d2aa5ff4042dba,val
other,inaturalist,308068428,555753678,cc-by-nc,https://inaturalist-open-data.s3.amazonaws.com/photos/555753678/large.jpg,5b7fe255efb29f3223f0cbc159dd57726fe7ff02ab2775e6131f0a6afcd3c9a0,train
other,inaturalist,333441992,605363180,cc-by-nc,https://inaturalist-open-data.s3.amazonaws.com/photos/605363180/large.jpg,f72b988d09b529e9bd21391aaf944c57d5d9e8a4bbd072f86a9e9e4a7b066344,train
other,inaturalist,333441992,605363202,cc-by-nc,https://inaturalist-open-data.s3.amazonaws.com/photos/605363202/large.jpg,2861e539722e4e9fa9512fa106575e5a4f0f3fd4b78e2db1f09aa56b5f89a5ca,train
other,inaturalist,316227085,571329872,cc-by-nc,https://inaturalist-open-data.s3.amazonaws.com/photos/571329872/large.jpg,0078a87c87de665a844cda24ddb385a7364e5fe328de810da05d18700c0d8d94,train
other,inaturalist,319460358,577469445,cc-by-nc,https://inaturalist-open-data.s3.amazonaws.com/photos/577469445/large.jpg,8ab9f86ff7cc841ed4ff13a498f920a65d15d43a4a40c49401af9e95f0b33d4b,val
other,inaturalist,336938404,612398508,cc-by-nc,https://inaturalist-open-data.s3.amazonaws.com/photos/612398508/large.jpg,81e74ddf1ce754427583cc2eb03e31cb8abf5692a2649f08c342ab12ee8fc0a1,train
other,inaturalist,248061720,443156536,cc-by-nc,https://inaturalist-open-data.s3.amazonaws.com/photos/443156536/large.jpeg,efd735040b761322fd900c0a6963fbb971d870e2abae4db5a56206c0e7dc796b,train
other,inaturalist,334076078,606601661,cc-by-nc,https://inaturalist-open-data.s3.amazonaws.com/photos/606601661/large.jpg,e2e569171cde7be5dfa9e7773cd97cfa8d88b393f786dc6f96667686521dba29,train
other,inaturalist,334433091,607289348,cc-by,https://inaturalist-open-data.s3.amazonaws.com/photos/607289348/large.jpg,0b0a9f280fda1fabb0ca1653c4fbf313bd1119d1ec025153089b5adee7d49c00,train
other,inaturalist,238296670,424223298,cc-by,https://inaturalist-open-data.s3.amazonaws.com/photos/424223298/large.jpeg,6e85a75f065d6a81110678918555e389609f8dbfc0887ced1af921d1d4f450ee,val
other,inaturalist,325662776,589674347,cc-by-nc,https://inaturalist-open-data.s3.amazonaws.com/photos/589674347/large.jpg,671e015fe28d6277ba2a793eb75f74739198d519372cfe3b9506fab906add5de,test
other,inaturalist,338590072,615784058,cc-by-nc,https://inaturalist-open-data.s3.amazonaws.com/photos/615784058/large.jpg,779794d4a44cf4708676e50966c83793ec1e8955be3a24b681ae915495f448eb,train
other,inaturalist,334423241,607307759,cc0,https://inaturalist-open-data.s3.amazonaws.com/photos/607307759/large.jpg,c49c2602a3de2a72c55184ccfd776fdbba33a80d331d2576bbdf723b8844213c,train
other,inaturalist,334423241,607307762,cc0,https://inaturalist-open-data.s3.amazonaws.com/photos/607307762/large.jpg,f409138566aebf6edb22dd08242ea8663a6e123483e8c24bb6038552ad3dc1c6,train
other,inaturalist,310570985,560535284,cc-by-nc,https://inaturalist-open-data.s3.amazonaws.com/photos/560535284/large.jpg,a8a75bed6e93a945474ba1939192c922e485f8e53c7c3c87fbd15d89f482a7e5,train
other,inaturalist,307217779,554107014,cc-by,https://inaturalist-open-data.s3.amazonaws.com/photos/554107014/large.jpg,7cacd93ef66767bad4fe23bcf01ac0fb1c3573f894a6dbfbdbd6b320f9d2aa87,val
other,inaturalist,336923502,612367767,cc-by-nc,https://inaturalist-open-data.s3.amazonaws.com/photos/612367767/large.jpg,071f9f0f7c30e9d6f28b15a23c618d54793eb7e3fdc34439dbf26ac9e3b8bdf2,test
other,inaturalist,319513921,577580243,cc-by-nc,https://inaturalist-open-data.s3.amazonaws.com/photos/577580243/large.jpg,f38400e4b86c83237e975d3da87dcfca3fb43946ad9f0e655a6d7fcda277c0d6,train
other,inaturalist,317648234,574010073,cc-by-nc,https://inaturalist-open-data.s3.amazonaws.com/photos/574010073/large.jpg,84af71bf0723eb3f212130b1bda64447d22ee7fb4c8fac914ff73cb1b570babd,train
other,inaturalist,281204628,505128881,cc-by-nc,https://inaturalist-open-data.s3.amazonaws.com/photos/505128881/large.jpg,cf46a6be97e29908b4a32b2d3a399e139bf22c613146e2b12c7bd023d7bdbd24,train
other,inaturalist,281204628,505128874,cc-by-nc,https://inaturalist-open-data.s3.amazonaws.com/photos/505128874/large.jpg,ef36902afa0d75b69cbb7b044ff19046a3319b13c23d2a229466fa6f3ec73457,train
other,inaturalist,281204628,505128878,cc-by-nc,https://inaturalist-open-data.s3.amazonaws.com/photos/505128878/large.jpg,144dc668f1dc1ee804dd2cdef535136d758a16d75a40d75fa43e74a013b831c6,train
other,inaturalist,281204628,505128877,cc-by-nc,https://inaturalist-open-data.s3.amazonaws.com/photos/505128877/large.jpg,afc4896bf0a2c982c7c33f23ba41d0b36b16629a00f0f560b8299019cf3e47cb,train
other,inaturalist,318675007,575974768,cc-by-nc,https://inaturalist-open-data.s3.amazonaws.com/photos/575974768/large.jpg,a3dfd51f91de0adc5e7294b33991893d350421e2f8af12dc79dd38aaf30e8468,val
other,inaturalist,273608093,492070837,cc0,https://inaturalist-open-data.s3.amazonaws.com/photos/492070837/large.jpg,a929e9026a0cc310e0b147f1ea1158c4c4be8f2cb82ea344d8489f71a698069b,test
other,inaturalist,273608093,492071816,cc0,https://inaturalist-open-data.s3.amazonaws.com/photos/492071816/large.jpg,debe97b9e3b4148af94810ec91f118b38ff00e1129979b02ee29be656b442fc0,test
other,inaturalist,273608093,492071817,cc0,https://inaturalist-open-data.s3.amazonaws.com/photos/492071817/large.jpg,3151070fdb5e98c8efb2ae3eb8d51445c5e83ac9b0bf23708f32d6b05f1d2a6e,test
other,inaturalist,336470704,611443508,cc0,https://inaturalist-open-data.s3.amazonaws.com/photos/611443508/large.jpg,d79d7400c728a172694158e7178772d9d103ff3a49442617c04653e80aa58d90,train
other,inaturalist,298061278,536851525,cc-by,https://inaturalist-open-data.s3.amazonaws.com/photos/536851525/large.jpg,4e174e2a9ed09664d0cdc79ec2a6870a190da2bc58ca15e316f3bd8184ef1a78,train
other,inaturalist,298061278,536851537,cc-by,https://inaturalist-open-data.s3.amazonaws.com/photos/536851537/large.jpg,42ae8f2f008266f443d8b6dc37225ea77de275371f888704b3d28f4aceb87026,train
other,inaturalist,298061278,536851552,cc-by,https://inaturalist-open-data.s3.amazonaws.com/photos/536851552/large.jpg,54e00495d8f2d87bcf6031f45433b684e1720e07a74e21a571a313eac57e9f8a,train
other,inaturalist,298061278,536851562,cc-by,https://inaturalist-open-data.s3.amazonaws.com/photos/536851562/large.jpg,51530ba79412bd51f4118e3261fb0a35dc96ac52ff46fc8cfeaf91338d62a21c,train
other,inaturalist,315085724,569164794,cc-by-nc,https://inaturalist-open-data.s3.amazonaws.com/photos/569164794/large.jpg,5826dbbb214cc5559837835299c980c56983da0c87221534233373dbbfdeff08,val
other,inaturalist,234096785,416111570,cc-by-nc,https://inaturalist-open-data.s3.amazonaws.com/photos/416111570/large.jpeg,fb6d6f3eef01fc49be271a1d23643de1caeedce45d068ae835d0b6620e8bcc4b,train
other,inaturalist,309570217,558635111,cc-by-nc,https://inaturalist-open-data.s3.amazonaws.com/photos/558635111/large.jpg,0c5a10b759649fc5c091bd6ac2d15e301ced3c13269f93422a8fcfe4d6e3faab,val
other,inaturalist,333484513,605447456,cc-by-nc,https://inaturalist-open-data.s3.amazonaws.com/photos/605447456/large.jpg,07eac5f0a0870e62ed7afd4d449f7b519049b8ed2d65bec34c5ba3ceacf117fc,train
other,inaturalist,304573138,549069810,cc-by-nc,https://inaturalist-open-data.s3.amazonaws.com/photos/549069810/large.jpg,28bca48bf5a9f46e1c63c6426570c15766944a2eb4540cf61896a21c2e02f2ef,train
other,inaturalist,329691452,597676560,cc-by,https://inaturalist-open-data.s3.amazonaws.com/photos/597676560/large.jpg,05a1482133d4192c83a8bba30c5623cbad84f4b415fcf48961228b061628a801,train
other,inaturalist,334268241,606991601,cc-by,https://inaturalist-open-data.s3.amazonaws.com/photos/606991601/large.jpg,1c3d822ac3b94c69b0a271071216fa04d6a1202e6ba90d80d3c487b449dd2f6d,train
other,inaturalist,318911104,576410753,cc0,https://inaturalist-open-data.s3.amazonaws.com/photos/576410753/large.jpg,e6b413a611ccc464d785ee279edb921201104ea0027d1a7c8ed50b5f259ae10e,val
other,inaturalist,318911104,576410831,cc0,https://inaturalist-open-data.s3.amazonaws.com/photos/576410831/large.jpg,39e12a29266c20b95ab1aaa9a1aaddc27fa03f375f8667ddcee23122e98715c1,val
other,inaturalist,318911104,576410822,cc0,https://inaturalist-open-data.s3.amazonaws.com/photos/576410822/large.jpg,1ef3d4077634fada54fdb96505016784c9318bc0b150fc8ed424e554b21189c6,val
other,inaturalist,318911104,576410878,cc0,https://inaturalist-open-data.s3.amazonaws.com/photos/576410878/large.jpg,b6f7d2bd0339daac3bde3c032335b438c8f44069fac49ab3868265340afaad14,val
other,inaturalist,318911104,576410891,cc0,https://inaturalist-open-data.s3.amazonaws.com/photos/576410891/large.jpg,f7f3295a22e1f321c088cc63db2fa4097bf5e190601e518f693917feda9fd449,val
other,inaturalist,335356337,609206787,cc0,https://inaturalist-open-data.s3.amazonaws.com/photos/609206787/large.jpg,1868b256a2945a58e929eb556e05fafe1a7a2664b12e7e3374d76e9f6437ea1d,test
other,inaturalist,334945989,608376377,cc-by-nc,https://inaturalist-open-data.s3.amazonaws.com/photos/608376377/large.jpg,cbda49c9a32c943a7c67864de1ebdd090427d35551f2edd04fb3f322c941ec91,train
other,inaturalist,334945989,608376461,cc-by-nc,https://inaturalist-open-data.s3.amazonaws.com/photos/608376461/large.jpg,1df5d382e3c4d6818e67da3d937b292fc8385cb4985c8c2ed9f24a1916c379f1,train
other,inaturalist,334945989,608376460,cc-by-nc,https://inaturalist-open-data.s3.amazonaws.com/photos/608376460/large.jpg,6686934d202d0afa5c1dd44f1ec3d942cb60854f56801ae11a74732b63504b34,train
other,inaturalist,334945989,608376457,cc-by-nc,https://inaturalist-open-data.s3.amazonaws.com/photos/608376457/large.jpg,68040b11a10c6a4eb9784f2f6be7be7ea94d186b382b914f4f18b3a8849ab182,train
other,inaturalist,334945989,608376471,cc-by-nc,https://inaturalist-open-data.s3.amazonaws.com/photos/608376471/large.jpg,2f68456a751bebc0555688e14fc77535b38bc3bce338bbe370c53be3f8353e2d,train
other,inaturalist,325522242,589393442,cc-by-nc,https://inaturalist-open-data.s3.amazonaws.com/photos/589393442/large.jpg,97e228badbdcddcd2af0f2c8f34a247f8cd615898a66b836992196f92430effb,test
other,inaturalist,337085315,612698526,cc-by-nc,https://inaturalist-open-data.s3.amazonaws.com/photos/612698526/large.jpg,c34f46ec0e21410e4e063333592289988cedc77c4c257f788ed18cdbbee923db,train
other,inaturalist,338237968,615058941,cc-by-nc,https://inaturalist-open-data.s3.amazonaws.com/photos/615058941/large.jpg,be81bb4cf31b69e93d88dcf09e4e13b7c10a606f4f4aad14419a6c97e6a53bda,train
other,inaturalist,302557094,548087677,cc-by,https://inaturalist-open-data.s3.amazonaws.com/photos/548087677/large.jpg,ae11c7020b6ef633b56a1ea085e18157e45fe9c63c2a602ae516a9960861b592,train
other,inaturalist,333586822,605656372,cc-by-nc,https://inaturalist-open-data.s3.amazonaws.com/photos/605656372/large.jpg,8672fc4feaf179cf76ea376455946f14813a77d577faa8f9b704385259eb2bb8,test
other,inaturalist,305573139,550968836,cc-by-nc,https://inaturalist-open-data.s3.amazonaws.com/photos/550968836/large.jpg,37c2ccaf6f9abdab134cc370446a8b21255408655cf984ee3e6ba18bec809217,train
other,inaturalist,305573139,550968896,cc-by-nc,https://inaturalist-open-data.s3.amazonaws.com/photos/550968896/large.jpg,6837dd58112716a3a7562577689934e804aababfcf4f7cff9d9a5b75513cbc18,train
other,inaturalist,319753823,578042551,cc-by-nc,https://inaturalist-open-data.s3.amazonaws.com/photos/578042551/large.jpg,f42084cbe05eb1ba2fc169df0f075baaf5fa704f7568662001bea8c04383255f,train
other,inaturalist,334089900,606629967,cc0,https://inaturalist-open-data.s3.amazonaws.com/photos/606629967/large.jpg,d43b07dceb8b2acb50e534c1094243682741cc5a156c3328cd84b1d1034a2c0d,train
other,inaturalist,237121771,421955834,cc-by,https://inaturalist-open-data.s3.amazonaws.com/photos/421955834/large.jpeg,a81a5648cf54bbda6473ff2a29b2151497c15b26451e42a0e6bbbf87915faf18,test
other,inaturalist,332868624,604191280,cc-by-nc,https://inaturalist-open-data.s3.amazonaws.com/photos/604191280/large.jpg,3d7c70dc2bbc2bb788d2ec1a3f68623d7211663693626682dff6ddb23594a5f1,train
other,inaturalist,290204846,522035169,cc-by-nc,https://inaturalist-open-data.s3.amazonaws.com/photos/522035169/large.jpg,7322562efe9abf082a33de50b4d79cc13fae42fe0a748562a9a3a30ff7a914fc,train
other,inaturalist,239056725,425692873,cc-by,https://inaturalist-open-data.s3.amazonaws.com/photos/425692873/large.jpg,c806e83706a275f7250338eb6fff004dd21f13386d6bda83334d83f323b31ef9,train
other,inaturalist,335232577,608957408,cc-by-nc,https://inaturalist-open-data.s3.amazonaws.com/photos/608957408/large.jpg,38b7af76e8dcebf86754de5d27cf4133c727657b88fbc391a2e125139706a060,train
other,inaturalist,287517421,516982012,cc-by-nc,https://inaturalist-open-data.s3.amazonaws.com/photos/516982012/large.jpg,6bf4cec5f0cda6eb8b9f4701c52d2f81ff82f8773ee1008924612089430b4a68,test
other,inaturalist,287517421,516982052,cc-by-nc,https://inaturalist-open-data.s3.amazonaws.com/photos/516982052/large.jpg,8469d4a3563a6620a58fbd54363b2196d65b374fc74617f879ede80618f7c61f,test
other,inaturalist,277114630,497598535,cc-by-nc,https://inaturalist-open-data.s3.amazonaws.com/photos/497598535/large.jpg,3814d41641d7996d98f80985040ac864ea710d97f753a5dea5a9d7e65a491727,train
other,inaturalist,277114630,497598542,cc-by-nc,https://inaturalist-open-data.s3.amazonaws.com/photos/497598542/large.jpg,0dae34b198b5167248398117a939216b2466b4738ba6778a3e62234275d8498d,train
other,inaturalist,303080240,546253138,cc-by-nc,https://inaturalist-open-data.s3.amazonaws.com/photos/546253138/large.jpg,6ef037561f3ae47afda2a96672c059bca6686dbb623aa4664f89d6d63e293909,train
other,inaturalist,303080240,546253156,cc-by-nc,https://inaturalist-open-data.s3.amazonaws.com/photos/546253156/large.jpg,45be7741c7cc5f363657efc5226ec0def93712f8caabb5463c7fab0dfdd9c70b,train
other,inaturalist,303080240,546253154,cc-by-nc,https://inaturalist-open-data.s3.amazonaws.com/photos/546253154/large.jpg,a7bcb77024adcf3ace5e2678394550bc11d0f762e90921671762d66ec3dfa8ca,train
other,inaturalist,303080240,546253118,cc-by-nc,https://inaturalist-open-data.s3.amazonaws.com/photos/546253118/large.jpg,25ac449a323d11c18acc6913a0c00e885c6ece7db786c3412d593f6e0703d09f,train
other,inaturalist,338604483,615812760,cc-by-nc,https://inaturalist-open-data.s3.amazonaws.com/photos/615812760/large.jpg,033e2392cc32785c949590735957c6a727ef2c1265318c07bf74e937b3f94f3f,val
other,inaturalist,328052278,594378916,cc-by-nc,https://inaturalist-open-data.s3.amazonaws.com/photos/594378916/large.jpg,2c7d8ada1d5db06d251c4c46be943fdfc0b5c540e779cd495e497899eb9a9a0d,train
other,inaturalist,332730045,603907380,cc-by-nc,https://inaturalist-open-data.s3.amazonaws.com/photos/603907380/large.jpg,37879dc509a49bd9d9915e361e36d44ae3aa5e118ef6baea103daad708dd795e,train
other,inaturalist,332730045,603907389,cc-by-nc,https://inaturalist-open-data.s3.amazonaws.com/photos/603907389/large.jpg,7a6b828d89a78a2b08e6409b02529412f29ff0f3c01ef292b7415dc5e64e0fee,train
other,inaturalist,332730045,603907387,cc-by-nc,https://inaturalist-open-data.s3.amazonaws.com/photos/603907387/large.jpg,0ecefde3f58176465eb946c2ebd1070915d2a294573fcc0d3e8a854f7c8d746c,train
other,inaturalist,332730045,603907391,cc-by-nc,https://inaturalist-open-data.s3.amazonaws.com/photos/603907391/large.jpg,a42cbd1524b1e3c44800895922beeae109923741d36073367d10f3075400cf88,train
other,inaturalist,263303941,472962569,cc-by-nc,https://inaturalist-open-data.s3.amazonaws.com/photos/472962569/large.jpeg,563e4ab26db4fb8285a1ad06c1bef924bce00c1c2b88378d01af88a4f7783e43,val
other,inaturalist,263303941,472962736,cc-by-nc,https://inaturalist-open-data.s3.amazonaws.com/photos/472962736/large.jpeg,dd55530739021c38eaaa42f1a92384fa83e025ac3cff23d8be0acb0a0b502bd5,val
other,inaturalist,263303941,472962735,cc-by-nc,https://inaturalist-open-data.s3.amazonaws.com/photos/472962735/large.jpeg,764d411f83e5b0f6fdcf903decd63a0ce207b9f2963a1d235639e26b844da584,val
other,inaturalist,272033940,489384912,cc-by-nc,https://inaturalist-open-data.s3.amazonaws.com/photos/489384912/large.jpg,52329a6d41d3972dfc4b8f37d23587466f08dab5f0a1061482e51a31646de032,test
other,inaturalist,336563451,611632934,cc-by-nc,https://inaturalist-open-data.s3.amazonaws.com/photos/611632934/large.jpg,f1aa971727412015a5cc3a3c3f81c611bcdcb3df77a5d29082f62bf392477974,train
other,inaturalist,336563451,611632940,cc-by-nc,https://inaturalist-open-data.s3.amazonaws.com/photos/611632940/large.jpg,58d63dad28ebb9bc18279ca7fb7e8046276ee2685e0880eae4e17d5bb434da7f,train
other,inaturalist,333452933,605384339,cc-by-nc,https://inaturalist-open-data.s3.amazonaws.com/photos/605384339/large.jpg,11c8f19fcfcb12081a08231ab143cdc69ef93c251ead1ce3bc4444c8683f5443,test
other,inaturalist,334207441,606887359,cc-by-nc,https://inaturalist-open-data.s3.amazonaws.com/photos/606887359/large.jpg,f2eb97f856a5a23a1eea5c8b5fe715df53e283ad0f01e18df60649d2ac864ddf,train
other,inaturalist,337355201,613247497,cc-by-nc,https://inaturalist-open-data.s3.amazonaws.com/photos/613247497/large.jpg,e7267e89e82f7e2a95ec7361f6dad4982ca76e98c6fc02eb0fbe3c6fa0d3fadc,train
other,inaturalist,334521942,607510060,cc-by,https://inaturalist-open-data.s3.amazonaws.com/photos/607510060/large.jpg,fd68619f731516ff24913176099c61bd24f4dbe5f361a663be7ea29df97dacee,train
other,inaturalist,334521942,607510096,cc-by,https://inaturalist-open-data.s3.amazonaws.com/photos/607510096/large.jpg,7e2c7918945640c3d9d86e41b97de3c26ade0dad9048df16443b0c7e9ef0f77e,train
other,inaturalist,238675513,424954305,cc-by,https://inaturalist-open-data.s3.amazonaws.com/photos/424954305/large.jpg,9db15b2d62058d1fa745f690c6ebbf99bfb26fa2cfad0e018cea31a726e3f3f5,test
other,inaturalist,238675513,424954326,cc-by,https://inaturalist-open-data.s3.amazonaws.com/photos/424954326/large.jpg,b9d000db277b8936b0bc346c3707b58b4384904baf24257b176f08909d004751,test
other,inaturalist,238675513,424954365,cc-by,https://inaturalist-open-data.s3.amazonaws.com/photos/424954365/large.jpg,36718a4b8ff789d0eb1487be7fca06668cef2c24966aecf3f5748fa516c7842c,test
other,inaturalist,238675513,424954390,cc-by,https://inaturalist-open-data.s3.amazonaws.com/photos/424954390/large.jpg,9a6ff78539e3dc70538b293d4b74d8adb7f51f49800fbbd5bcb5ee6d6518d997,test
other,inaturalist,272291381,489862651,cc-by-nc,https://inaturalist-open-data.s3.amazonaws.com/photos/489862651/large.jpg,dc8bc09bbe831d8b3a544788386ffccc4884ab03267d8bf5010e3b6eb1c84bca,train
other,inaturalist,307132155,553937607,cc-by-nc,https://inaturalist-open-data.s3.amazonaws.com/photos/553937607/large.jpg,d83be14f1fe156d1d38366af538d153728673d7a32841e22656e44710813bd7b,train
other,inaturalist,334600451,607699548,cc-by-nc,https://inaturalist-open-data.s3.amazonaws.com/photos/607699548/large.jpg,4baa3e333b1c0f85b9bbe9baea4ca4719d51d970da0bba5bfae0cd590c6ad9b4,train
other,inaturalist,337944198,614458159,cc0,https://inaturalist-open-data.s3.amazonaws.com/photos/614458159/large.jpg,918e0e63337596f7f78a63519deeaec68b30c5f524e825e67d60d25867721ca7,val
other,inaturalist,337944198,614458466,cc0,https://inaturalist-open-data.s3.amazonaws.com/photos/614458466/large.jpg,a5c84f435586faec0d282bed70685736f4828ca597baa73ad475ac104b90509d,val
other,inaturalist,332637722,603721174,cc-by-nc,https://inaturalist-open-data.s3.amazonaws.com/photos/603721174/large.jpg,a410bb2ee8b7b79e795046203ca460b60cef0b9d821893c968a653b696de2f51,train
other,inaturalist,291138205,523801167,cc-by,https://inaturalist-open-data.s3.amazonaws.com/photos/523801167/large.jpg,df6177e261ba37bc3846b3063a9f361944c8cfa320dc4909e108dc484d6da4c7,train
other,inaturalist,316388826,571626790,cc0,https://inaturalist-open-data.s3.amazonaws.com/photos/571626790/large.jpg,b5a2b46f4b3c85cbeec013a2d74d6ebd5231e213c74554456302485b3426b793,train
other,inaturalist,316388826,571626835,cc0,https://inaturalist-open-data.s3.amazonaws.com/photos/571626835/large.jpg,c1355b44c77c1d9f5edc8719812edde07937171532655e2d2434c25739b2d2dc,train
other,inaturalist,316388826,571626859,cc0,https://inaturalist-open-data.s3.amazonaws.com/photos/571626859/large.jpg,fd080192ee2c5b73e85c7dfd8785e380489398407c6f7838e55746ea4b43a80f,train
other,inaturalist,331102310,600568897,cc-by-nc,https://inaturalist-open-data.s3.amazonaws.com/photos/600568897/large.jpg,ba747d050440756683061e03a91883b306729ff63e77e5a2cfe16fbbf707f0f7,train
other,inaturalist,320273209,579028120,cc-by,https://inaturalist-open-data.s3.amazonaws.com/photos/579028120/large.jpg,b1be170ede7c1c0f5503f88e7d7c69549b75b99a29b1120dc01cc5ffc419d3d7,train
other,inaturalist,336919118,612353498,cc-by-nc,https://inaturalist-open-data.s3.amazonaws.com/photos/612353498/large.jpg,dfe5cf44e430d10c2ddd57c87bf80d82950065b66e2407d0aa55bc5326cf58c6,train
other,inaturalist,336919118,612353500,cc-by-nc,https://inaturalist-open-data.s3.amazonaws.com/photos/612353500/large.jpg,5751d4f598d1ad54fda799fe57f3e1be582e22e645fa9da0dcf7812841a01de1,train
other,inaturalist,337086969,612701978,cc-by-nc,https://inaturalist-open-data.s3.amazonaws.com/photos/612701978/large.jpg,b1a4087a2bf6a4b417f3d569f9ec5e9f8d91f2104a03ce06d3bf6158d973de44,val
other,inaturalist,335638199,609773968,cc-by-nc,https://inaturalist-open-data.s3.amazonaws.com/photos/609773968/large.jpg,2d4642fd0cd774e0b026f66cfbda11ff6a0bb162e8bf7c1649a23334643fdd88,train
other,inaturalist,335638199,609774159,cc-by-nc,https://inaturalist-open-data.s3.amazonaws.com/photos/609774159/large.jpg,6d0b84b359661c89c66f834799f89f006df06b0b32955e8dc153628978909910,train
other,inaturalist,298077420,536883520,cc-by,https://inaturalist-open-data.s3.amazonaws.com/photos/536883520/large.jpg,20236ae2c31ea6d13977c017f20ee74fce1fef6bf774801513e105631825d358,train
other,inaturalist,298077420,536883524,cc-by,https://inaturalist-open-data.s3.amazonaws.com/photos/536883524/large.jpg,f415e68dbebf51f14bcabc96c3f98e7a01cef2f34bcdb2672b459b14c164ae8e,train
other,inaturalist,298077420,536883525,cc-by,https://inaturalist-open-data.s3.amazonaws.com/photos/536883525/large.jpg,0f20defb24a099ed41b428d8b36d1cc0a788632da63dbfe7fed9d1a2378f9d89,train
other,inaturalist,327089646,592515032,cc-by-nc,https://inaturalist-open-data.s3.amazonaws.com/photos/592515032/large.jpg,b87d744a6c360011d96af4a76f89396b5539cd684f2d864783c7f4a14798171b,val
other,inaturalist,327089646,592515037,cc-by-nc,https://inaturalist-open-data.s3.amazonaws.com/photos/592515037/large.jpg,5ac8205297d55b2de251007d6bfcefc733fbea177a667af041305a273e651be9,val
other,inaturalist,327089646,592515048,cc-by-nc,https://inaturalist-open-data.s3.amazonaws.com/photos/592515048/large.jpg,b7066441d83897926a7452fd4e4ccb96e5e07adc6e3229266d3de417c9ccbf7d,val
other,inaturalist,315368218,569696519,cc-by-nc,https://inaturalist-open-data.s3.amazonaws.com/photos/569696519/large.jpg,013271be480786ea62640b4461c2b66a16088ca77b74045bfa49c46dc538e3f8,test
other,inaturalist,338222356,615026479,cc-by-nc,https://inaturalist-open-data.s3.amazonaws.com/photos/615026479/large.jpg,ea72849bcb8b41dbf6ef0d196cbaa1f27536d204991ca7542dd21cb30272f9af,train
other,inaturalist,294509944,530109149,cc-by-nc,https://inaturalist-open-data.s3.amazonaws.com/photos/530109149/large.jpg,f25c4b2e915aafde44eef961547b214d6bdec1804dc454f789f29cdfd9ecd723,train
other,inaturalist,268389798,482425155,cc-by,https://inaturalist-open-data.s3.amazonaws.com/photos/482425155/large.jpeg,b24d5d3ead88d2ddb42382ac111c7d63ee689f3e375326d89b3605a554c9a0f2,test
other,inaturalist,268389798,482425182,cc-by,https://inaturalist-open-data.s3.amazonaws.com/photos/482425182/large.jpeg,ba8b0b001cb4f23bb321bc36a0e044226eca888245a90ea71cfa94c44c795cd7,test
other,inaturalist,336974754,612470677,cc-by-nc,https://inaturalist-open-data.s3.amazonaws.com/photos/612470677/large.jpg,1ac217c9eccf97a2ac486bc34136b15f962d8297ef12a6d920708927a61529b3,train
other,inaturalist,287006686,516029470,cc-by-nc,https://inaturalist-open-data.s3.amazonaws.com/photos/516029470/large.jpg,4ec39a77fc4898591af970dacdf077e734611592c184459a08e8b4e9367b6cdf,train
other,inaturalist,287006686,516029487,cc-by-nc,https://inaturalist-open-data.s3.amazonaws.com/photos/516029487/large.jpg,c6e6e07fdff91269edfbb67af09fd2323a4a7c4d5e2345c872b37c5b0851dce5,train
other,inaturalist,282318025,507216707,cc0,https://inaturalist-open-data.s3.amazonaws.com/photos/507216707/large.jpg,2c9ce8423c67b6356061ba16f2a5b58abc1a85cd5b74c42ed308796722e276d8,train
other,inaturalist,297843350,536240015,cc0,https://inaturalist-open-data.s3.amazonaws.com/photos/536240015/large.jpg,ab973908cbc3f7a311ff282c31e686f2fb2767346bfbfeeffc801aec5a9890b7,train
other,inaturalist,287844292,517590335,cc-by-nc,https://inaturalist-open-data.s3.amazonaws.com/photos/517590335/large.jpg,aeb8e6627ca3b2136cd3a471b613f77a383518d834c65f3f08f86fb0356bfab3,train
other,inaturalist,287844292,517590348,cc-by-nc,https://inaturalist-open-data.s3.amazonaws.com/photos/517590348/large.jpg,612c3153a3bb8d7de1e039abbc53c22d13a7405671f5d9595ecef755432ac169,train
other,inaturalist,287844292,517590368,cc-by-nc,https://inaturalist-open-data.s3.amazonaws.com/photos/517590368/large.jpg,a2d222bf0099b483a2b053bb7e65cb58ca7851f0d9607f1729c1d901cf253d1f,train
other,inaturalist,277628408,498508890,cc-by-nc,https://inaturalist-open-data.s3.amazonaws.com/photos/498508890/large.jpg,69933eaea61b0cd3bf2814efdec557448acf2b2a00ca63b71623ab7373567e80,val
other,inaturalist,271285066,487964205,cc-by-nc,https://inaturalist-open-data.s3.amazonaws.com/photos/487964205/large.jpeg,35c26de06a86126f2ef80ce6c45cb8bcb93285ef2080c030985f57fc1f3c0880,test
other,inaturalist,311418634,562172185,cc-by-nc,https://inaturalist-open-data.s3.amazonaws.com/photos/562172185/large.jpg,213ec74dc362c39df171fda317afe1c2e163a1e5607cd44e131d4b8844acef40,train
other,inaturalist,338302418,615192074,cc-by-nc,https://inaturalist-open-data.s3.amazonaws.com/photos/615192074/large.jpg,936bb0a088687a21a63fcf8df40b573435b14b619bf69244bcf86fe38fa05636,train
other,inaturalist,338302418,615192085,cc-by-nc,https://inaturalist-open-data.s3.amazonaws.com/photos/615192085/large.jpg,003028524bcc7bde8d72d71082a5103970e00327378570860123116dee7dcc39,train
other,inaturalist,247100361,441250307,cc-by-nc,https://inaturalist-open-data.s3.amazonaws.com/photos/441250307/large.jpeg,53a1fb9ad427c9bdf27e24b3e0b78768133356569640ccdeec401f67e104a2be,train
other,inaturalist,304579936,549087105,cc-by-nc,https://inaturalist-open-data.s3.amazonaws.com/photos/549087105/large.jpg,1f51452d22a4fbb015e62d8f21db21e813a637fe4ab1242b2b7301e13b4dd5cc,val
other,inaturalist,304579936,549087128,cc-by-nc,https://inaturalist-open-data.s3.amazonaws.com/photos/549087128/large.jpg,5b538a95b2a503b19160d3a20366360ee121b8531393eadfeba4f2f117fbf9ef,val
other,inaturalist,304579936,549087114,cc-by-nc,https://inaturalist-open-data.s3.amazonaws.com/photos/549087114/large.jpg,0d1c3fd939c64a5a348d2daa45dba290d8da5e66e50eca49c2d7a4e371f0f1d4,val
other,inaturalist,315632010,570198440,cc-by-nc,https://inaturalist-open-data.s3.amazonaws.com/photos/570198440/large.jpg,b4a5bbad4ccfff562c7c45decccb564c4a868d28a3560b2d7897c81f976de398,test
other,inaturalist,337796481,614156068,cc-by-nc,https://inaturalist-open-data.s3.amazonaws.com/photos/614156068/large.jpg,d216850a12112b83e5733d3d316b67da074e823533ce1f73337d62ed106f3bc5,train
other,inaturalist,337796481,614156114,cc-by-nc,https://inaturalist-open-data.s3.amazonaws.com/photos/614156114/large.jpg,3832983f80497a0674a1ebc4f63c87402412883408cdb136ad8643ffc4640ebe,train
other,inaturalist,301941025,544130056,cc-by-nc,https://inaturalist-open-data.s3.amazonaws.com/photos/544130056/large.jpg,9d03ee8e8cef998a434b0fc44d5f9c9596d521c1bb618a80c1d41c0143b4f980,train
other,inaturalist,272347214,489969978,cc-by,https://inaturalist-open-data.s3.amazonaws.com/photos/489969978/large.jpeg,5badbc9d466a05da2a0bc2242f42096e3025df95499ed1d6339b8c706f121e13,train
other,inaturalist,339024366,616660516,cc-by-nc,https://inaturalist-open-data.s3.amazonaws.com/photos/616660516/large.jpg,8a7094868d33dc6108dec5a9a9c379264b77ef3d89af63f512d54d30ee69c7f0,test
other,inaturalist,335384000,609262394,cc-by-nc,https://inaturalist-open-data.s3.amazonaws.com/photos/609262394/large.jpg,fcc4b0d7cc80fce645858c430dbb71868395f6b07c147a3b4f0dcfa6bd2187cb,train
other,inaturalist,324336680,587012855,cc-by-nc,https://inaturalist-open-data.s3.amazonaws.com/photos/587012855/large.jpg,2a5ffaadc42798100f5dea98d9a524d1061e20dbd749cc592c88aaebaa438ee7,train
other,inaturalist,323848403,586047674,cc-by-nc,https://inaturalist-open-data.s3.amazonaws.com/photos/586047674/large.jpg,2a44bde6753ba66f26ad8e289d16148adf66ddfb3b0f40d9d3abf59ce858f092,train
other,inaturalist,338710405,616021054,cc-by-nc,https://inaturalist-open-data.s3.amazonaws.com/photos/616021054/large.jpg,2365ce8c9a7ee9f74a861f78966c8a5bea776f6ef3c54e8a1e30d58bf5c94030,train
other,inaturalist,305041833,549960744,cc-by-nc,https://inaturalist-open-data.s3.amazonaws.com/photos/549960744/large.jpg,58d9b70fa8de3464819e683b449537a8bfea70a8da90ebf0c4116e9656d7818e,test
other,inaturalist,336370688,611242219,cc0,https://inaturalist-open-data.s3.amazonaws.com/photos/611242219/large.jpg,94a633d4825ca6712aae1e9aea05ab713e1ada4c50cc26f3f8ab53a787f9429b,train
other,inaturalist,336370688,611242237,cc0,https://inaturalist-open-data.s3.amazonaws.com/photos/611242237/large.jpg,b912ec2727f964c5c83dde3b3871f1b27d7896e490b2bbd2f95d9ec7319117b8,train
other,inaturalist,336370688,611242256,cc0,https://inaturalist-open-data.s3.amazonaws.com/photos/611242256/large.jpg,739d97ad939dd1645f5239101945a03dfe4afa46ac609161c01efa21b3776ace,train
other,inaturalist,336370688,611242274,cc0,https://inaturalist-open-data.s3.amazonaws.com/photos/611242274/large.jpg,f306769d92e2af2e6b687f97dd391b053973a1e15404d7d0f81cabd83a11240e,train
other,inaturalist,336370688,611242294,cc0,https://inaturalist-open-data.s3.amazonaws.com/photos/611242294/large.jpg,093d8a89dcdbfa3051cded15b8fece7080629386c8838d674eecfba465b86d4d,train
other,inaturalist,336370688,611242319,cc0,https://inaturalist-open-data.s3.amazonaws.com/photos/611242319/large.jpg,bfdd5c01801736698f0e46b848d4f93bf7ab411e8b0e2d26f5680425e80a6ee2,train
other,inaturalist,336370688,611242336,cc0,https://inaturalist-open-data.s3.amazonaws.com/photos/611242336/large.jpg,b1a9bef2a87f38fbb9c8acf333afea2923c636d9396f2fd7726bb4d4cc446fd5,train
other,inaturalist,336370688,611242356,cc0,https://inaturalist-open-data.s3.amazonaws.com/photos/611242356/large.jpg,ef699d48df8f37be969d2d907b9cc512a245d4a9a41c26e17c71eec24cc6d79d,train
other,inaturalist,336370688,611242373,cc0,https://inaturalist-open-data.s3.amazonaws.com/photos/611242373/large.jpg,3944cac74f134c6ead63e77f6df736128c22b808f0227664c6e986146437f16e,train
other,inaturalist,227284649,403189252,cc-by,https://inaturalist-open-data.s3.amazonaws.com/photos/403189252/large.jpg,5a963d592387e81aed6f488f3e1e33091a8878fb197511e38e211ca1853908b4,val
other,inaturalist,227284649,403189254,cc-by,https://inaturalist-open-data.s3.amazonaws.com/photos/403189254/large.jpg,4294118b374565a941463fddcad614f0acf8ab21654d3c02275c59b1135d2fa7,val
other,inaturalist,227284649,403189255,cc-by,https://inaturalist-open-data.s3.amazonaws.com/photos/403189255/large.jpg,442524880cdbc65b4056916c62b3a332fe92dcb692f2741a77755fc9fc55f04b,val
other,inaturalist,227284649,403189266,cc-by,https://inaturalist-open-data.s3.amazonaws.com/photos/403189266/large.jpg,cd742362379420d562b21418dc4d8791f6699997143f0027898f2523ecec905b,val
other,inaturalist,227284649,403189267,cc-by,https://inaturalist-open-data.s3.amazonaws.com/photos/403189267/large.jpg,1ef1cadf7fe674b34a33d41023ed412304f827f48cfd26d2573fb260533463ff,val
other,inaturalist,227284649,403189271,cc-by,https://inaturalist-open-data.s3.amazonaws.com/photos/403189271/large.jpg,3f86cbf30f8fcf9f3c91831ee18d21e7513e78cca6946f87a47b106baeb0f17f,val
other,inaturalist,227284649,403189280,cc-by,https://inaturalist-open-data.s3.amazonaws.com/photos/403189280/large.jpg,1519cf38b414310431a76389b46acc0db01c30e20c05619a52b83a9cb02f60e4,val
other,inaturalist,324387158,587113221,cc-by-nc,https://inaturalist-open-data.s3.amazonaws.com/photos/587113221/large.jpg,75b5dbed5cb77dc43854d0481608bcc3f37a899f34380c7ceec0ebee33941fba,test
other,inaturalist,324387158,587113201,cc-by-nc,https://inaturalist-open-data.s3.amazonaws.com/photos/587113201/large.jpg,962239006737e55ee580f0583e1b1e2962dee1788bb8d7a9271cc3312e6775a1,test
other,inaturalist,324387158,587113242,cc-by-nc,https://inaturalist-open-data.s3.amazonaws.com/photos/587113242/large.jpg,89ca02561d8bf3665b6890fef2ff895114171fd2df1878cf3928fda9afc39ec4,test
other,inaturalist,324387158,587113243,cc-by-nc,https://inaturalist-open-data.s3.amazonaws.com/photos/587113243/large.jpg,76ff3a9aac7dd37b3e9ca48f1bb423e6ed396dc1fd010ecd80998e0ffe814571,test
other,inaturalist,268407740,482455252,cc-by-nc,https://inaturalist-open-data.s3.amazonaws.com/photos/482455252/large.jpg,cd9f64a1997071f18b5f7860893b6e2564f83ea35dbdcc0ff697bf2c63ada5ed,train
other,inaturalist,268407740,482455258,cc-by-nc,https://inaturalist-open-data.s3.amazonaws.com/photos/482455258/large.jpg,b012510da5e0e06cce258468e5ea54ea9fac58df98b7c487f8d092dbdad0110b,train
other,inaturalist,288014292,517904763,cc0,https://inaturalist-open-data.s3.amazonaws.com/photos/517904763/large.jpg,8d2a5e0c879fe632d3c343d793853fa37e3d833cfbe756dd03e7f3ef6c655f5e,train
other,inaturalist,226752482,402174441,cc-by-nc,https://inaturalist-open-data.s3.amazonaws.com/photos/402174441/large.jpeg,cbecffae4536de3f393edb4f00462c3672efe653cb8758fd54079725ab937ae3,train
other,inaturalist,335276463,609043508,cc-by-nc,https://inaturalist-open-data.s3.amazonaws.com/photos/609043508/large.jpg,63e5fa5fdd13556fa9136503366543e4f390bff8efa9861a789aa6eeffedae3d,train
other,inaturalist,335276463,609043530,cc-by-nc,https://inaturalist-open-data.s3.amazonaws.com/photos/609043530/large.jpg,461c66278df8f094239a0ffd4132e04dfb94f905b2a6958133d5c8878932887b,train
other,inaturalist,327518362,593371057,cc-by-nc,https://inaturalist-open-data.s3.amazonaws.com/photos/593371057/large.jpg,8234d89649c436130b96cfe2035159faed918b71191b27c7215d4c7fb7e83475,train
other,inaturalist,227313318,403245104,cc-by-nc,https://inaturalist-open-data.s3.amazonaws.com/photos/403245104/large.jpeg,6f2e50fba302b0862d9e24748c5f1a9488f14183203568ab4dd360fa08334fe6,train
other,inaturalist,336103014,610707851,cc-by-nc,https://inaturalist-open-data.s3.amazonaws.com/photos/610707851/large.jpg,575d46a48fc0c83571c078fd1a00fc94982cdcb7c45605fed6de932020dbdb2a,train
other,inaturalist,336103014,610707873,cc-by-nc,https://inaturalist-open-data.s3.amazonaws.com/photos/610707873/large.jpg,e4882fc06c899979849d407787d4bcc367a31b9398a4cea25fa31b2fd6b155f8,train
other,inaturalist,336103014,610707893,cc-by-nc,https://inaturalist-open-data.s3.amazonaws.com/photos/610707893/large.jpg,82c40253e61b9fe00334447a0aa186a52ab350bfa4c46f779a41e7e8cc13d6b0,train
other,inaturalist,313086030,565356933,cc-by-nc,https://inaturalist-open-data.s3.amazonaws.com/photos/565356933/large.jpg,f536658d18c8f4b1b60f0abdb4f479face07e3318a9759d69d761522d113f35e,test
other,inaturalist,313086030,565356958,cc-by-nc,https://inaturalist-open-data.s3.amazonaws.com/photos/565356958/large.jpg,d569d95ed3aa3dbb719765045756c0041d2b328ee56dd564fb35bcd87a8a016e,test
other,inaturalist,313086030,565356995,cc-by-nc,https://inaturalist-open-data.s3.amazonaws.com/photos/565356995/large.jpg,7a93e3a0a5f4e3507536fa6d93375666b36a9e7b3a20d752308fc3618f55b44b,test
other,inaturalist,313086030,565357023,cc-by-nc,https://inaturalist-open-data.s3.amazonaws.com/photos/565357023/large.jpg,bdd077e14a2a116212f1794c792383ab16373c29ab00c3adf866478a29fd9256,test
other,inaturalist,313837215,566774738,cc-by,https://inaturalist-open-data.s3.amazonaws.com/photos/566774738/large.jpg,7eaad16aea44a1ec4eb984b1c0c8673578dd6b8029f4e27e8c93567048215ab2,train
other,inaturalist,337794473,614151852,cc-by-nc,https://inaturalist-open-data.s3.amazonaws.com/photos/614151852/large.jpg,f42910c4d6dab2f112260c8a11df5879c5eb1f55a09bb9c68d444f84224efdf1,train
other,inaturalist,337794473,614151874,cc-by-nc,https://inaturalist-open-data.s3.amazonaws.com/photos/614151874/large.jpg,5f51a710df5427342eb7d73d1b886f0bb27875efee865574adc304680f2c2135,train
other,inaturalist,337794473,614151897,cc-by-nc,https://inaturalist-open-data.s3.amazonaws.com/photos/614151897/large.jpg,c65d028d71c1627a447f770b3aac4b87199b3dcd9f6d24df21182284b7abc14d,train
other,inaturalist,337794473,614151916,cc-by-nc,https://inaturalist-open-data.s3.amazonaws.com/photos/614151916/large.jpg,58fed41949f648c6a38f56895516bb5d582baa807101499d6c558917317c9b02,train
other,inaturalist,337794473,614151943,cc-by-nc,https://inaturalist-open-data.s3.amazonaws.com/photos/614151943/large.jpg,f82c3716c19442a91b1b7a949eed436e03e6a03b2873547a09c4d397ef4b3c3b,train
other,inaturalist,280854943,504463597,cc-by-nc,https://inaturalist-open-data.s3.amazonaws.com/photos/504463597/large.jpg,eeef31975012d159039ea7ab2713dfdded17fad51d323f77ca62a2c085d23d4b,train
other,inaturalist,282499730,507545097,cc-by-nc,https://inaturalist-open-data.s3.amazonaws.com/photos/507545097/large.jpg,f17913656b8a123da1d50b482bc66d60e23db637dedec7c2dcf077a48bb7debb,train
other,inaturalist,326328645,590998108,cc-by-nc,https://inaturalist-open-data.s3.amazonaws.com/photos/590998108/large.jpg,69969392c47d58324381b9a68192f7a165e1aeea7910f8d52191288f4b349f19,train
other,inaturalist,288673473,519165231,cc0,https://inaturalist-open-data.s3.amazonaws.com/photos/519165231/large.jpg,6e57fd9c9df9b32017f70151e7da6c9b5f8d35766afcc75a0fb2a4f121b48ba7,train
other,inaturalist,261655998,470120673,cc-by-nc,https://inaturalist-open-data.s3.amazonaws.com/photos/470120673/large.jpg,3722a31488f3ea7f361eb8ea4be252c5e37eff4c426866b89dcbe2e56688fc76,train
other,inaturalist,261655998,470120694,cc-by-nc,https://inaturalist-open-data.s3.amazonaws.com/photos/470120694/large.jpg,ae7364c6ad4a5ce21920558db37a8e97f1ad76668badd28996fd7daad2b68534,train
other,inaturalist,282839327,508188345,cc-by-nc,https://inaturalist-open-data.s3.amazonaws.com/photos/508188345/large.jpg,2c260e9a75a730d10158ca71fc565703b852642e025827f8bfa4a9224334f9ab,val
other,inaturalist,309206688,557947856,cc-by-nc,https://inaturalist-open-data.s3.amazonaws.com/photos/557947856/large.jpg,4df7214ce8614fdef833456da8ffbc7fa321f34733b0270726e41f47f6c93edb,train
other,inaturalist,299581614,539724953,cc-by,https://inaturalist-open-data.s3.amazonaws.com/photos/539724953/large.jpg,f5c566a695643bc5abd095cef362ec10460e7fd1201afd2f8a23c555b27f2994,train
other,inaturalist,299581614,539725002,cc-by,https://inaturalist-open-data.s3.amazonaws.com/photos/539725002/large.jpg,bfd2e90013cf099144048e2af994d259a2db465521be773e2db452462391f6be,train
other,inaturalist,299581614,539725030,cc-by,https://inaturalist-open-data.s3.amazonaws.com/photos/539725030/large.jpg,11b764b1f7da42e59ea4c69e69baf495c36a6d23bd46d7f54de40c6d9b3c514d,train
other,inaturalist,299581614,539725058,cc-by,https://inaturalist-open-data.s3.amazonaws.com/photos/539725058/large.jpg,30b6b746913667f28949dfccad4bed51f9be6e27e9276542a7ead0c5de9422bf,train
other,inaturalist,321964302,582352346,cc-by-nc,https://inaturalist-open-data.s3.amazonaws.com/photos/582352346/large.jpg,61e1b745bed36114494a070e58b92944dc6fee2d16f1395eecb9c133cc39a2cd,val
other,inaturalist,335078842,608651204,cc-by-nc,https://inaturalist-open-data.s3.amazonaws.com/photos/608651204/large.jpg,5820566b9d9591b93ddf2ef22719233908bd22b01c1b81e84ed4bd00394ad81c,test
other,inaturalist,311420154,562175078,cc-by-nc,https://inaturalist-open-data.s3.amazonaws.com/photos/562175078/large.jpg,5cb886b4de3d91fb6c1b28b7733289d57542624e05075cd1a5b62c0bd4f9ea2b,train
other,inaturalist,311420154,562175126,cc-by-nc,https://inaturalist-open-data.s3.amazonaws.com/photos/562175126/large.jpg,7e6c751ae6531712008ee48b411db77e8b1f2c1ae0d03b43a7116ac18059f5b6,train
other,inaturalist,258030258,462888690,cc-by-nc,https://inaturalist-open-data.s3.amazonaws.com/photos/462888690/large.jpeg,5ea25b8904dea53b3ceb0c70781b8759e18e348c19a62286d3569a7a6d5bce24,train
other,inaturalist,258030258,462888706,cc-by-nc,https://inaturalist-open-data.s3.amazonaws.com/photos/462888706/large.jpeg,bed623a4a1f45af213bb0419d3f52c4c75743d5d32f9d64a3cea2ec8b554058b,train
other,inaturalist,258030258,462888721,cc-by-nc,https://inaturalist-open-data.s3.amazonaws.com/photos/462888721/large.jpeg,8f282dba4553e177929dfa35ac15e8729c288d4dda7822538297d93fb39d61dd,train
other,inaturalist,258030258,462888740,cc-by-nc,https://inaturalist-open-data.s3.amazonaws.com/photos/462888740/large.jpeg,d02b713d7e4399b0625ede2c3296c0ebb037bb44f8dda36940a935d8bec597b8,train
other,inaturalist,258030258,462888751,cc-by-nc,https://inaturalist-open-data.s3.amazonaws.com/photos/462888751/large.jpeg,affb5e1fc589ed5648d2779c20fa48ea0d1dae90a1cca909b654f858c279c7d8,train
other,inaturalist,258030258,462888913,cc-by-nc,https://inaturalist-open-data.s3.amazonaws.com/photos/462888913/large.jpeg,ed1046975a09d08cf3f3f24f585352f6f8c202091e159fa5bcb078a2bec68e5e,train
other,inaturalist,258030258,462888939,cc-by-nc,https://inaturalist-open-data.s3.amazonaws.com/photos/462888939/large.jpeg,b62d840673add150775c721954bbb8df8093ffc9b786006fdc1487c32e0602ae,train
other,inaturalist,258030258,462888954,cc-by-nc,https://inaturalist-open-data.s3.amazonaws.com/photos/462888954/large.jpeg,7f2710bee0b42d1f78cd8344a076a2c0757e465f8b446c1c76f3ff2be6260f26,train
other,inaturalist,258030258,462888967,cc-by-nc,https://inaturalist-open-data.s3.amazonaws.com/photos/462888967/large.jpeg,876e59bb61e660999273bc9cbaa4864da63bb85aee8bf0325ec12a0f11de602a,train
other,inaturalist,337074776,612678145,cc-by-nc,https://inaturalist-open-data.s3.amazonaws.com/photos/612678145/large.jpg,34d3df74f05de93829a35e7b42c35b2d99b3f6ff41c20b3f54632ba46b62727c,val
other,inaturalist,317428588,573587766,cc-by-nc,https://inaturalist-open-data.s3.amazonaws.com/photos/573587766/large.jpg,7931c53b8b2c547c0fcacb695d548366d2dacaf023bb9f2f245af3548deb5fc1,test
other,inaturalist,339168487,616935415,cc-by-nc,https://inaturalist-open-data.s3.amazonaws.com/photos/616935415/large.jpg,60c1f725c38f1452b5875da057dc3b9271263662be46e5c9b593566643bea7e5,val
other,inaturalist,338315641,615219085,cc-by,https://inaturalist-open-data.s3.amazonaws.com/photos/615219085/large.jpg,dd2049b14cd0539fc09dbaa92cbbbccfb8313f7618e43210f1d4f1ffb60e6ad8,test
other,inaturalist,338315641,615219086,cc-by,https://inaturalist-open-data.s3.amazonaws.com/photos/615219086/large.jpg,0fb0d155b4222df1405f5d894a29ef300eb91d729cd6653e5b832b95a92cec1d,test
other,inaturalist,338315641,615219088,cc-by,https://inaturalist-open-data.s3.amazonaws.com/photos/615219088/large.jpg,b9f16a5942fd5f424bcb78869e7dc63aee9ae2694bb89946cc250f471b2adb0a,test
other,inaturalist,328110486,594492913,cc-by-nc,https://inaturalist-open-data.s3.amazonaws.com/photos/594492913/large.jpg,e3b47cbb122a0a624d9157d4788315cb8341fbed3c04a95864e88f3986b753ab,val
other,inaturalist,328110486,594492938,cc-by-nc,https://inaturalist-open-data.s3.amazonaws.com/photos/594492938/large.jpg,66af718eada6db05bbaa33c6f2ce66a748b2469b18502df20135620c60f89e1d,val
other,inaturalist,264122436,474586722,cc-by,https://inaturalist-open-data.s3.amazonaws.com/photos/474586722/large.jpeg,e5ffd5ec343dda8e846ad58a97797e27c51ecf8cbf7c0f6cb5bf5b76a3a8e478,train
other,inaturalist,264122436,474586741,cc-by,https://inaturalist-open-data.s3.amazonaws.com/photos/474586741/large.jpeg,2a9cddf14d9423baca2bfe6aa48ee12aa1ea0b88cd62cbe3144b5cf43781f1c3,train
other,inaturalist,288255199,518397754,cc-by-nc,https://inaturalist-open-data.s3.amazonaws.com/photos/518397754/large.jpg,2625ebcf8b09005ba11f9dd18ee53171fef9c54c37add39aa7e8771f2040af13,train
other,inaturalist,288255199,518397271,cc-by-nc,https://inaturalist-open-data.s3.amazonaws.com/photos/518397271/large.jpg,1c38f32f995bc3f72cac1bfda12fbb23d1dfde0e90ec4334f838832c998bc7ba,train
other,inaturalist,316696325,572213751,cc-by,https://inaturalist-open-data.s3.amazonaws.com/photos/572213751/large.jpg,a59556ab9c609398d928e61d3b0d708b8aadde62d1adac427b8d2a082aa9bced,train
other,inaturalist,316696325,572213735,cc-by,https://inaturalist-open-data.s3.amazonaws.com/photos/572213735/large.jpg,567ba6a992694684fdd1bf016aa074b40ca4c66919abf7dbc14ed64a179c7b7a,train
other,inaturalist,274520820,493501292,cc-by,https://inaturalist-open-data.s3.amazonaws.com/photos/493501292/large.jpeg,9055c4d793adeeca9e0d6695aa1fd740f3e4a99a9b99a1c936329ba0fb226d46,train
other,inaturalist,331099555,600606660,cc-by-nc,https://inaturalist-open-data.s3.amazonaws.com/photos/600606660/large.jpg,7f5423d403c988c3266be17c00e03708a7dcb7c6c691aba20965232247493fc4,train
other,inaturalist,301773051,543818483,cc-by-nc,https://inaturalist-open-data.s3.amazonaws.com/photos/543818483/large.jpg,3aeec7331048706c27f973a49da595f677e7811fd268ded525511385bf81df13,val
other,inaturalist,333139647,604750518,cc-by-nc,https://inaturalist-open-data.s3.amazonaws.com/photos/604750518/large.jpg,36a8a5e50db046ed1b83b09597268a12d353dbf3f755a1fd0e5b138edd771787,test
other,inaturalist,333139647,604750570,cc-by-nc,https://inaturalist-open-data.s3.amazonaws.com/photos/604750570/large.jpg,e97465026dfa6a990d56675e3663299687b4f3b0d16827d31ce8e9fa24e70d37,test
other,inaturalist,333139647,604750582,cc-by-nc,https://inaturalist-open-data.s3.amazonaws.com/photos/604750582/large.jpg,1bb950f702eb311b9835d0063e87979a28dc91cd8ff33ff393417d8e5e394d9a,test
other,inaturalist,339154914,616902937,cc-by-nc,https://inaturalist-open-data.s3.amazonaws.com/photos/616902937/large.jpg,ca41e7ca33c867ed422d080a97927c3e312400f633bab50c9a1f441ddccaa7ba,train
other,inaturalist,336685761,611886154,cc-by-nc,https://inaturalist-open-data.s3.amazonaws.com/photos/611886154/large.jpg,866323170e2e1acc0f6938196e685ff5c34ad126886904e176774eba80b9d7cd,train
other,inaturalist,285493006,513152079,cc-by-nc,https://inaturalist-open-data.s3.amazonaws.com/photos/513152079/large.jpg,4b0ff7c6a77e4eade429c75481d55b2648ff78c4c245b04c9308674a0e340e4f,train
other,inaturalist,339167238,616933210,cc-by-nc,https://inaturalist-open-data.s3.amazonaws.com/photos/616933210/large.jpg,b56974762fa16e6aae78f5419a15a8a1b84dd5571f0d6141ac381f32c81753da,train
other,inaturalist,335498930,609492099,cc-by-nc,https://inaturalist-open-data.s3.amazonaws.com/photos/609492099/large.jpg,664c453f3e98afa30784dadde112957cd51427eb8a265bec9632360e8dc9a24f,val
other,inaturalist,299852772,540229756,cc-by-nc,https://inaturalist-open-data.s3.amazonaws.com/photos/540229756/large.jpg,249fee79bcbe3891ce148965e0e93737d539b8240e24f1d842e995538b88f8a0,train
other,inaturalist,299852772,540229810,cc-by-nc,https://inaturalist-open-data.s3.amazonaws.com/photos/540229810/large.jpg,d2e3db5cf30ef817353a7c27590135b1046459a64f94659c492b3119ee9c33c3,train
other,inaturalist,299852772,540408651,cc-by-nc,https://inaturalist-open-data.s3.amazonaws.com/photos/540408651/large.jpg,75759170cc2ecaae52ffbe458221a9ee9e58eb20c7c890c703e8970db7455655,train
other,inaturalist,331947236,602301571,cc-by-nc,https://inaturalist-open-data.s3.amazonaws.com/photos/602301571/large.jpg,d5cb1a095937b4670ce3a04cdd2f5251c80ca67270ab49e6b2f10b6ef05c9708,train
other,inaturalist,331947236,602301576,cc-by-nc,https://inaturalist-open-data.s3.amazonaws.com/photos/602301576/large.jpg,babffba8f22c2a1ce6c9c20706e514df76d9fb2887bf9bbcaa136c71488e6e2b,train
other,inaturalist,331947236,602301578,cc-by-nc,https://inaturalist-open-data.s3.amazonaws.com/photos/602301578/large.jpg,f0ef7bba3e952197905c76d4d6be5b6c315b115cbe91380da71013a9029e3fe0,train
other,inaturalist,331947236,602301590,cc-by-nc,https://inaturalist-open-data.s3.amazonaws.com/photos/602301590/large.jpg,887040ea9b065cc65111aac3f469578da63bb55a71be1d92da91038b5e5651bd,train
other,inaturalist,238039524,423727396,cc-by-nc,https://inaturalist-open-data.s3.amazonaws.com/photos/423727396/large.jpg,ab198db916ad45eaae23cd3ff593106a252cb847afd2c753a1e064a1ede4c237,val
other,inaturalist,238039524,423727400,cc-by-nc,https://inaturalist-open-data.s3.amazonaws.com/photos/423727400/large.jpg,e64974161ec345b086dadc0285e7bbe7a78046e61cbb7d1c3c134c5ddf62dd23,val
other,inaturalist,291618019,524692799,cc0,https://inaturalist-open-data.s3.amazonaws.com/photos/524692799/large.jpg,b27e1f89045c470e97c0074678d661e42ec70db03826d180e8ee8d294f8352e6,train
other,inaturalist,312964503,565118024,cc-by,https://inaturalist-open-data.s3.amazonaws.com/photos/565118024/large.jpg,3fe8bbe88836c78d88e35355f0d745a58ec4ba59aaec3165558571daa0f281eb,test
other,inaturalist,331959865,602328829,cc-by-nc,https://inaturalist-open-data.s3.amazonaws.com/photos/602328829/large.jpg,ff91735802c8e6bd75eac3ded87f24be8f104caedbae531f225ab1ef0820f311,train
other,inaturalist,331959865,602328848,cc-by-nc,https://inaturalist-open-data.s3.amazonaws.com/photos/602328848/large.jpg,2c21e978048f5a86b8559a9a075e907f06d444d18784bbf7217873bbaa3048ee,train
other,inaturalist,331959865,602328872,cc-by-nc,https://inaturalist-open-data.s3.amazonaws.com/photos/602328872/large.jpg,843198449b92f465048c61f4bc03bf7aef2f43d892927878245197b7ad00d83b,train
other,inaturalist,332564197,603571683,cc-by-nc,https://inaturalist-open-data.s3.amazonaws.com/photos/603571683/large.jpg,690d1cb48a9ebfc086aa36a6453f6d6ae1aa67623400fac620fdb3ebd6a0db15,train
other,inaturalist,335332445,609159703,cc-by,https://inaturalist-open-data.s3.amazonaws.com/photos/609159703/large.jpg,d2ef0b3575209309c28d9271b203a60b61f03efd6316a6a22296300f2829ff9b,val
other,inaturalist,333077315,604624561,cc-by-nc,https://inaturalist-open-data.s3.amazonaws.com/photos/604624561/large.jpg,6f3f5199549b7df102edfad016b9a25978b50fecb0a11b381a97fc1945929711,test
other,inaturalist,316415857,571302394,cc-by,https://inaturalist-open-data.s3.amazonaws.com/photos/571302394/large.jpg,d178699459f92eeba45b226815d205f5aa25ccc97c143ff8140c0dc0434d22b5,train
other,inaturalist,337672607,613901087,cc-by-nc,https://inaturalist-open-data.s3.amazonaws.com/photos/613901087/large.jpg,e053bc5c4d468515eab2624fdb0e158168dc7096fd6f3946ba85cbe07335f224,train
other,inaturalist,337672607,613901127,cc-by-nc,https://inaturalist-open-data.s3.amazonaws.com/photos/613901127/large.jpg,a1e2968389b42c5bd20507a7aa0a088cb361524fb6d2634ca3e93e91c614300a,train
other,inaturalist,282191647,506969589,cc-by,https://inaturalist-open-data.s3.amazonaws.com/photos/506969589/large.jpg,9bf0c7b0554708d16770432f477bbd0216ed7338c7af4b4c8aeb81325e89a23b,train
other,inaturalist,314780380,568574849,cc-by-nc,https://inaturalist-open-data.s3.amazonaws.com/photos/568574849/large.jpg,c1530df1626fc709196680317f8fd87e65ecbbb4b9ea3e36fba05e781c410fa4,val
other,inaturalist,338564601,615738087,cc-by-nc,https://inaturalist-open-data.s3.amazonaws.com/photos/615738087/large.jpg,b654167e68d6ec294e3a65cebc7dfb6f7b1cfe975e8ff8fcd5f04e2c4b5fb77e,test
other,inaturalist,338564601,615738085,cc-by-nc,https://inaturalist-open-data.s3.amazonaws.com/photos/615738085/large.jpg,55c92876a3feafabc57f81b80eb680c789a85726c877c6659d5771dc054d1253,test
other,inaturalist,336881812,612279718,cc-by-nc,https://inaturalist-open-data.s3.amazonaws.com/photos/612279718/large.jpg,6d8a0e9568eebf993d1ea3fdadea28bd38f6c8db60667a510c5f7bd1cf091bf3,train
other,inaturalist,336881812,612279751,cc-by-nc,https://inaturalist-open-data.s3.amazonaws.com/photos/612279751/large.jpg,659ba788fdb89d4148fd574e2ed1f801ca38eaaccb6bc9ef77c8fa34302d6eee,train
other,inaturalist,323866925,586076468,cc0,https://inaturalist-open-data.s3.amazonaws.com/photos/586076468/large.jpg,08e38ec3d344a8d198be93cb49311529baa1df795d71f4913fc303f096684903,train
other,inaturalist,305677558,551172830,cc-by,https://inaturalist-open-data.s3.amazonaws.com/photos/551172830/large.jpg,94a2a139c75fb24f2c7e8c39dbf0bbf86c813bc2166b313cd67e01fc620a7bd9,train
other,inaturalist,338192470,614965183,cc-by,https://inaturalist-open-data.s3.amazonaws.com/photos/614965183/large.jpg,4c47fe480e5188858792d7392449620d137a0b9155c7de1bae88e15788848e23,val
other,inaturalist,338192470,614965193,cc-by,https://inaturalist-open-data.s3.amazonaws.com/photos/614965193/large.jpg,3d042a924bf3f81aab09c1a4286873049a6067a09cb0d4e202e18b5523a92267,val
other,inaturalist,338192470,614965205,cc-by,https://inaturalist-open-data.s3.amazonaws.com/photos/614965205/large.jpg,9362e0edc3e76e0703104d9c78e3cff1e134e91ea97409ca7918069ccce35980,val
other,inaturalist,330226973,598765623,cc-by-nc,https://inaturalist-open-data.s3.amazonaws.com/photos/598765623/large.jpg,5877e3fe82849f6193d13d2ace8c37dae20aecb57ef1ead3a0311e8f4f1fcea8,train
other,inaturalist,335999162,610481134,cc-by-nc,https://inaturalist-open-data.s3.amazonaws.com/photos/610481134/large.jpg,5ad3289326b50da1aca1d1d691fc032c4da4441123d1bf4828ec86d1bad6863c,train
other,inaturalist,335999162,610481143,cc-by-nc,https://inaturalist-open-data.s3.amazonaws.com/photos/610481143/large.jpg,6b7699f6b456808e7dbeec3fca3c58a8aeb1377f2ef297f2b06cee775bd6b175,train
other,inaturalist,317300574,573338074,cc-by-nc,https://inaturalist-open-data.s3.amazonaws.com/photos/573338074/large.jpg,7fec11a2bde6075912e35c443c1180f6ce35472b62233ad09e49c2e9666be2f8,train
other,inaturalist,317300574,573338082,cc-by-nc,https://inaturalist-open-data.s3.amazonaws.com/photos/573338082/large.jpg,358a89c0ed1f9bbbc6b309414b12b6116ed2c21f5cb1cf1d97e10c549540e39d,train
other,inaturalist,339147284,616892841,cc-by-nc,https://inaturalist-open-data.s3.amazonaws.com/photos/616892841/large.jpg,397c144a2743903efc7c75317b8db0740721aab47654e5208c0dbccb4618e191,test
other,inaturalist,335711038,609922183,cc-by-nc,https://inaturalist-open-data.s3.amazonaws.com/photos/609922183/large.jpg,e6695fbac240cb9de79c5c63dad33a2e9a148da031f6b7e586d264d497155439,train
other,inaturalist,306819555,553343808,cc-by-nc,https://inaturalist-open-data.s3.amazonaws.com/photos/553343808/large.jpg,a105cea95743be03582fa147cd8603ca1e418f5b845a3abcd54879164687dff0,train
other,inaturalist,337307427,613149717,cc-by,https://inaturalist-open-data.s3.amazonaws.com/photos/613149717/large.jpg,f05f38fa955d99470be0fc6ac4ce305a7aac38d7f4b536a3df89fa2d9ed5e053,train
other,inaturalist,337110512,612749515,cc-by-nc,https://inaturalist-open-data.s3.amazonaws.com/photos/612749515/large.jpg,154beab48b37990f719462bc98013ecab16059afcfd2c3f1f5b295257ed03b4e,test
other,inaturalist,337110512,612749537,cc-by-nc,https://inaturalist-open-data.s3.amazonaws.com/photos/612749537/large.jpg,9d05f270a2f093826d4ab7be79b3cb9a0b8b44a430babad4db9782d37c24b02e,test
other,inaturalist,285868315,513864266,cc-by-nc,https://inaturalist-open-data.s3.amazonaws.com/photos/513864266/large.jpg,93c64db2f2fca536abc42c26e1547a6c31b2d925366d1b5984ce4b2aa8fccca2,train
other,inaturalist,336280704,611060061,cc-by-nc,https://inaturalist-open-data.s3.amazonaws.com/photos/611060061/large.jpg,820c07b776b51fbb6cf5a14d16413214ce95b9f22b5b272aaa5cd8eae2968e3c,train
other,inaturalist,302428247,545033737,cc-by-nc,https://inaturalist-open-data.s3.amazonaws.com/photos/545033737/large.jpg,8c73e1182b2a1463a9825379c0dbde728cba91dda16837714b8c7f3768ce12e9,train
other,inaturalist,288759014,519318037,cc-by-nc,https://inaturalist-open-data.s3.amazonaws.com/photos/519318037/large.jpg,4b5401c37f62947f2a0b31866118b08a867c5a1f2b2e9a9e8abaa3883efee8f6,train
other,inaturalist,331930471,602267820,cc-by-nc,https://inaturalist-open-data.s3.amazonaws.com/photos/602267820/large.jpg,721ad649a4fa74f72a7f03dcf82b7e3860bb633b717fc8c8d0d19eebf92f0e7e,val
other,inaturalist,302045584,544326959,cc-by-nc,https://inaturalist-open-data.s3.amazonaws.com/photos/544326959/large.jpg,25431256359ed47aee154d4e07a680ea195592aab4d1a5b617b36c8c160ed168,train
other,inaturalist,302045584,544326831,cc-by-nc,https://inaturalist-open-data.s3.amazonaws.com/photos/544326831/large.jpg,aba26b34f096f5d8aa2a92e77fe92b6884f108ba42e199d5359d628b34143a18,train
other,inaturalist,302045584,544327442,cc-by-nc,https://inaturalist-open-data.s3.amazonaws.com/photos/544327442/large.jpg,29f61054280372562b766339a9e02e5e41bd4e20f3da2eb5e56343e322d2630f,train
other,inaturalist,302045584,544327685,cc-by-nc,https://inaturalist-open-data.s3.amazonaws.com/photos/544327685/large.jpg,6600239e9528468846b55694ae3a3f83715583fe64d0d99502367c12ba0c05ae,train
other,inaturalist,302045584,544327704,cc-by-nc,https://inaturalist-open-data.s3.amazonaws.com/photos/544327704/large.jpg,518f547918e6ce41cad39d4b83734b8b6c5754676153bf40fe96300b7a1f62df,train
other,inaturalist,279948868,502754544,cc-by-nc,https://inaturalist-open-data.s3.amazonaws.com/photos/502754544/large.jpeg,4d4920439ecbdff6cd3782e51cecfcd1c7174d6df97d62cf58de0a2ab053ea6b,val
other,inaturalist,336563460,611633001,cc-by-nc,https://inaturalist-open-data.s3.amazonaws.com/photos/611633001/large.jpg,31dd819b3c7039e947b6151e84e7d9bd140011ef584ae148d40959cef3b762ee,test
other,inaturalist,326806816,592205755,cc-by-nc,https://inaturalist-open-data.s3.amazonaws.com/photos/592205755/large.jpg,a076f363db4e9bb7ea2f8ba9285d74908ee31afe0fc466eabe3bd8468224594d,train
other,inaturalist,326806816,592205798,cc-by-nc,https://inaturalist-open-data.s3.amazonaws.com/photos/592205798/large.jpg,01fd24539406e68afb44a814fe05ea918522315c8fb7c6cbcc675b0783002e1a,train
other,inaturalist,297059998,534955982,cc-by,https://inaturalist-open-data.s3.amazonaws.com/photos/534955982/large.jpg,e05d320c287a5a833cc15d7b9e24153e156c31c0d732a5d4ed78303612df43ff,train
other,inaturalist,297059998,534956043,cc-by,https://inaturalist-open-data.s3.amazonaws.com/photos/534956043/large.jpg,eb6b48ec9dfb275de2f77883e826c923d56b60a81a3109bcfea95d087298d2e1,train
other,inaturalist,297059998,534956092,cc-by,https://inaturalist-open-data.s3.amazonaws.com/photos/534956092/large.jpg,bbeaad671994d45945d8fd5179180f7591949659b34296f5cf285a1779393819,train
other,inaturalist,313285591,565739171,cc-by,https://inaturalist-open-data.s3.amazonaws.com/photos/565739171/large.jpg,c1ce1287fd74c03b7e71bbfd69a89a012f4473c57e4f1d93b1b643b586af6af2,val
other,inaturalist,313285591,565739194,cc-by,https://inaturalist-open-data.s3.amazonaws.com/photos/565739194/large.jpg,cc38ec09918c6cb5571c91f62c1dc5dfd3cb10f770c957b6beb9700052f1bdca,val
other,inaturalist,313285591,565739213,cc-by,https://inaturalist-open-data.s3.amazonaws.com/photos/565739213/large.jpg,ca5c6898bab3a47866991300e84b26463b96e76f5e02b2f17b10d806e429c4fb,val
other,inaturalist,313285591,565739232,cc-by,https://inaturalist-open-data.s3.amazonaws.com/photos/565739232/large.jpg,e74a1a2f02022f4c48c2155753d5ef5b938ccc28f1eba0414572000ccd134481,val
other,inaturalist,292205446,525816287,cc-by-nc,https://inaturalist-open-data.s3.amazonaws.com/photos/525816287/large.jpg,eb0f66fc5530d0222ecbf93f09131eb0edf43e1d50a118167b9112c0cdfac9b8,test
other,inaturalist,292205446,525816473,cc-by-nc,https://inaturalist-open-data.s3.amazonaws.com/photos/525816473/large.jpg,b55e011a1c2011a6700a6ccfeb96958f7e28b73204b1aa090c6e65b707391c08,test
other,inaturalist,289902916,521459721,cc-by,https://inaturalist-open-data.s3.amazonaws.com/photos/521459721/large.jpg,53dec16b6fa2127b3499713cc83e5014425fa29cdfaa4d52467e3f469dcc05d4,train
other,inaturalist,271188458,487789919,cc-by,https://inaturalist-open-data.s3.amazonaws.com/photos/487789919/large.jpeg,31e76fa3d64bdec72bff6cec3d8ac7f958a40f8c7bc401b6fce907d9d8c25edd,train
other,inaturalist,271188458,487789947,cc-by,https://inaturalist-open-data.s3.amazonaws.com/photos/487789947/large.jpeg,04dc7e05eb3618df16a42a0c67abf818d6a0cb7c59824ccd44e90aa5c3ab5048,train
other,inaturalist,271188458,487789971,cc-by,https://inaturalist-open-data.s3.amazonaws.com/photos/487789971/large.jpeg,2187e3c39483b2dc3907ab41dfca03486eb950818ab34210ad13eb9784c0a88b,train
other,inaturalist,298966996,538579768,cc-by-nc,https://inaturalist-open-data.s3.amazonaws.com/photos/538579768/large.jpg,9551c72477ece19779290e4e14b1ee58f5a11835aa12a61d7476ad88f04b8066,train
other,inaturalist,335812067,610128434,cc-by-nc,https://inaturalist-open-data.s3.amazonaws.com/photos/610128434/large.jpg,01be998c479839979810ba67df61488a8aff6970e4aa5db1918ee0dd07411702,train
other,inaturalist,332281013,602989970,cc-by-nc,https://inaturalist-open-data.s3.amazonaws.com/photos/602989970/large.jpg,c7703f1f7ede54db671f35466e84da040b811b184c5729d26ec0fa58947a5e58,test
other,inaturalist,332446307,603309880,cc-by,https://inaturalist-open-data.s3.amazonaws.com/photos/603309880/large.jpg,0f4023199468e527877d57940434aca719c7c251f6054b5b2d048f3c66bebeff,train
other,inaturalist,336713428,611941726,cc-by,https://inaturalist-open-data.s3.amazonaws.com/photos/611941726/large.jpg,243896845b3acc4010c3453dc8f052620a6b9c29e448cec9e23190cc2d97b9dc,train
other,inaturalist,336713428,611941729,cc-by,https://inaturalist-open-data.s3.amazonaws.com/photos/611941729/large.jpg,6c296015c881fd177b033d644a01d73b1a998537007aa539cbc6c8f0988e134b,train
other,inaturalist,336713428,611941730,cc-by,https://inaturalist-open-data.s3.amazonaws.com/photos/611941730/large.jpg,46456ef0e54e70f0091650b0fb3e593353b48b3a61b191d4e99cc6c17247d3d6,train
other,inaturalist,333574181,605631126,cc-by-nc,https://inaturalist-open-data.s3.amazonaws.com/photos/605631126/large.jpg,8110bb5964b499c2cac0bbbe7c51501d5093ea74a1ef7131281e29f0b8c02082,test
other,inaturalist,332321496,603073271,cc-by-nc,https://inaturalist-open-data.s3.amazonaws.com/photos/603073271/large.jpg,b31c59863cb152dcc6e08016d25e630e0cc485b0faa9a09d58ca07359ac012e8,train
other,inaturalist,332321496,603073292,cc-by-nc,https://inaturalist-open-data.s3.amazonaws.com/photos/603073292/large.jpg,671fed50ac8e8e925efec4c9918a01184f0c4c0f6436ad6302dc3c1e5d447f8c,train
other,inaturalist,332321496,603073315,cc-by-nc,https://inaturalist-open-data.s3.amazonaws.com/photos/603073315/large.jpg,a4be7a8e911a3e02ffa842fe2959c8706e081a798cf5a3bd2bdc8b2344549001,train
other,inaturalist,332321496,603073334,cc-by-nc,https://inaturalist-open-data.s3.amazonaws.com/photos/603073334/large.jpg,9621ae7168d6c27f7069b80c06b28f0cc8bbd425fb3b28fab9aaa26e125423a9,train
other,inaturalist,332321496,603073356,cc-by-nc,https://inaturalist-open-data.s3.amazonaws.com/photos/603073356/large.jpg,895e15e0d3c53b8b82f1fa5203c2ced5cfa108882d27e6a8743313e5628336a1,train
other,inaturalist,331080122,600523788,cc-by-nc,https://inaturalist-open-data.s3.amazonaws.com/photos/600523788/large.jpg,575c181f592c9c9628116df397e9a72a7febc02ac8198863419693a39e5625fa,val
other,inaturalist,331080122,600523804,cc-by-nc,https://inaturalist-open-data.s3.amazonaws.com/photos/600523804/large.jpg,22bdf0bdefadcb3fcbdf94f4b49ea8dd0835958353e81c4067246fef9d912525,val
other,inaturalist,331080122,600523814,cc-by-nc,https://inaturalist-open-data.s3.amazonaws.com/photos/600523814/large.jpg,dca87e486e2e867c1703a2dcdcbd8a479876f00d450a10d232475c40406b6949,val
other,inaturalist,331080122,600523818,cc-by-nc,https://inaturalist-open-data.s3.amazonaws.com/photos/600523818/large.jpg,b2f1789416668f9fffe689fd5ce565740cb78325fe4e01846b48e69b12fd374b,val
other,inaturalist,331080122,600523827,cc-by-nc,https://inaturalist-open-data.s3.amazonaws.com/photos/600523827/large.jpg,32828dca03cea614a2f8b680149a2b46adde715a029cc4efdc8b368a7382d986,val
other,inaturalist,318267681,575190913,cc-by-nc,https://inaturalist-open-data.s3.amazonaws.com/photos/575190913/large.jpg,e3f9f5367e22e2fc1f161d2f7fc000c813c842577a912081691ba5993e55f354,test
other,inaturalist,335617180,609731489,cc-by,https://inaturalist-open-data.s3.amazonaws.com/photos/609731489/large.jpg,ad816bcc43c15c7634805980f3b2e7044a27ae4f800744414ab14d4ac8e4a0d1,train
other,inaturalist,274687566,493761934,cc-by-nc,https://inaturalist-open-data.s3.amazonaws.com/photos/493761934/large.jpg,118cac42a503325320f33beabe18f2fed9565e683960a52b9ce3f92059d0a219,train
other,inaturalist,274687566,493890995,cc-by-nc,https://inaturalist-open-data.s3.amazonaws.com/photos/493890995/large.jpg,663267402b6fccaee45635ffb8d49e28705c4af7a72843a86e1729b2c5fbefb8,train
other,inaturalist,278926245,500855570,cc-by-nc,https://inaturalist-open-data.s3.amazonaws.com/photos/500855570/large.jpeg,d05dd793f9cfa8097dd4e8d6f12716cf85ce9bfc03bef5228340e36f372d24c0,test
other,inaturalist,336506972,611515286,cc-by-nc,https://inaturalist-open-data.s3.amazonaws.com/photos/611515286/large.jpg,9baad760aef54c27c538f665e682f768e600b3ae18500ef3e5cdc6697b4d6df8,train
other,inaturalist,315181400,569353104,cc-by-nc,https://inaturalist-open-data.s3.amazonaws.com/photos/569353104/large.jpg,1c728570a61f3dee4a398be719712f520a1a84b5a214514f27f553c831aeff65,train
other,inaturalist,332816909,604082254,cc-by-nc,https://inaturalist-open-data.s3.amazonaws.com/photos/604082254/large.jpg,d20d9ae97716f470f2ad1c1d0c508e9208cca4f499631d316c18128c65021ed1,train
other,inaturalist,332816909,604082274,cc-by-nc,https://inaturalist-open-data.s3.amazonaws.com/photos/604082274/large.jpg,9ec2524b6ac06b434337fc02ec45498aaecf3628d0918b8416b9f849afdc34c4,train
other,inaturalist,308958463,557464002,cc-by,https://inaturalist-open-data.s3.amazonaws.com/photos/557464002/large.jpg,d5d229de20c81e1985930e47949c794a16172171939d34a246ef383927b4e97a,test
other,inaturalist,325480825,589304745,cc0,https://inaturalist-open-data.s3.amazonaws.com/photos/589304745/large.jpg,2db3f2566470a79f6b5d781b8944dfed362e3da511090462dfed9cacd72ae103,train
other,inaturalist,325480825,589304757,cc0,https://inaturalist-open-data.s3.amazonaws.com/photos/589304757/large.jpg,acd8af01e2a1e1b7b7192034b64c93fc212805d60794722f19e0bca519739818,train
other,inaturalist,231843897,411823344,cc-by-nc,https://inaturalist-open-data.s3.amazonaws.com/photos/411823344/large.jpeg,56f1c0695a03b7421f1ef753adb4f5da371ed9436523725287bfc08d6c781fdd,train
other,inaturalist,327779981,593867308,cc-by-nc,https://inaturalist-open-data.s3.amazonaws.com/photos/593867308/large.jpg,69201246e79914037120d4f4fa57b58220f49391b6625049e12f13d64f1f0fef,train
other,inaturalist,327779981,593867311,cc-by-nc,https://inaturalist-open-data.s3.amazonaws.com/photos/593867311/large.jpg,1b14d5bbcc0c1c3f8e4238fea45b86117c7ee7de2c52348cc0da4eb3b80f4992,train
other,inaturalist,327779981,593867301,cc-by-nc,https://inaturalist-open-data.s3.amazonaws.com/photos/593867301/large.jpg,5984b5815a2ab4b7ca66dbeacf5caa3c34b62c1c989df49f27a61515e6103a58,train
other,inaturalist,327779981,593867324,cc-by-nc,https://inaturalist-open-data.s3.amazonaws.com/photos/593867324/large.jpg,0cacd9fccb945982156e95bb1caa13f87ae2649f14fe7b153ba09a1a0b169989,train
other,inaturalist,319131493,576848310,cc-by-nc,https://inaturalist-open-data.s3.amazonaws.com/photos/576848310/large.jpg,05a57272519e5d4a09554f6f24c43e3809cd49dda05478e843ec569a3f7020d8,test
other,inaturalist,311771248,562826267,cc0,https://inaturalist-open-data.s3.amazonaws.com/photos/562826267/large.jpg,8fb564b97701e1f3df067c657617a7b1a68316dc012be30ff056c04a61fa05c7,train
other,inaturalist,316113524,571108391,cc-by-nc,https://inaturalist-open-data.s3.amazonaws.com/photos/571108391/large.jpg,a53b96d3bbe97c2b56c928994dac9ce8c5f77e062d49b858dc0f5c57021294e5,test
other,inaturalist,328924151,596135631,cc-by-nc,https://inaturalist-open-data.s3.amazonaws.com/photos/596135631/large.jpg,b4957047d478acadc9b7e42c010be41ba9c2513b8a8a7fdfc5c53a70e6a5dad5,train
other,inaturalist,333161090,604793174,cc-by-nc,https://inaturalist-open-data.s3.amazonaws.com/photos/604793174/large.jpg,77eb67bbd89c401401ef8a8c7e09029b08cd7b855e0cf2ae800527c69210706a,train
other,inaturalist,333963405,606372666,cc-by,https://inaturalist-open-data.s3.amazonaws.com/photos/606372666/large.jpg,9cb378c2dfbb228d31eae001dabfd3aeb4478b62ccd9be517eee6ec200a3db1a,train
other,inaturalist,333963405,606372667,cc-by,https://inaturalist-open-data.s3.amazonaws.com/photos/606372667/large.jpg,e8f50aca78c2e71042df514770073d38ce646abb623cfe14f43f0c978aee94c2,train
other,inaturalist,319362229,577286165,cc-by,https://inaturalist-open-data.s3.amazonaws.com/photos/577286165/large.jpg,340a8c543815a42bced724347cff015d391c33a2b13573b543d4c5d6e500ce70,val
other,inaturalist,317849023,574389972,cc-by-nc,https://inaturalist-open-data.s3.amazonaws.com/photos/574389972/large.jpg,c8495e930a1e6e7a9ec291327fc45978a3796dd2e9c6c438be63bb0472f6fc67,test
other,inaturalist,317849023,574390012,cc-by-nc,https://inaturalist-open-data.s3.amazonaws.com/photos/574390012/large.jpg,a7325156147906c7a8822382c4b5662426e6115e0824c75e7a92fe9c11584acc,test
other,inaturalist,272185445,489674887,cc-by-nc,https://inaturalist-open-data.s3.amazonaws.com/photos/489674887/large.jpg,6333a1d0c97ff41b2be688373a72b03af5cedd41a23770b06f9b9395bc235a67,train
other,inaturalist,334123046,606694449,cc-by-nc,https://inaturalist-open-data.s3.amazonaws.com/photos/606694449/large.jpg,61450c77283ae198f32b07961a7f5dcf640f99b1a820aa95410394b0564f4745,train
other,inaturalist,315554227,570049229,cc-by-nc,https://inaturalist-open-data.s3.amazonaws.com/photos/570049229/large.jpg,7cef14f1fedae31f22292d72be091ccb389c7143d4a68197ba2a51bef7da91c4,train
other,inaturalist,314312852,567702135,cc-by-nc,https://inaturalist-open-data.s3.amazonaws.com/photos/567702135/large.jpg,1dab28fed54b267187b778684edf1313504a7f034faebac5c79671666135a2d4,train
other,inaturalist,319227176,577027455,cc0,https://inaturalist-open-data.s3.amazonaws.com/photos/577027455/large.jpg,f77ea3b9cc28554c23632d6adfd7cbf7b091f79e73b225b4a1b8e80a60db7349,val
other,inaturalist,319227176,577028008,cc0,https://inaturalist-open-data.s3.amazonaws.com/photos/577028008/large.jpg,e27027df99c8f3f34575cdcd0bd3ce23f7a48458d2d86c90d9b1ee2d348e2955,val
other,inaturalist,319227176,577028020,cc0,https://inaturalist-open-data.s3.amazonaws.com/photos/577028020/large.jpg,4e66e375c9c70b4bce43b3bf6db9291728d743bdaafe9646ac5288e6306ef294,val
other,inaturalist,319227176,577028023,cc0,https://inaturalist-open-data.s3.amazonaws.com/photos/577028023/large.jpg,c64d9f70ae09dae80fee72ab625169e237ef416570d660bdb7424438ffcb4722,val
other,inaturalist,312911409,565019203,cc-by,https://inaturalist-open-data.s3.amazonaws.com/photos/565019203/large.jpg,efc060ed48d4bdbf25ea443b69aef76068f0543ff9e6d16f58144c60e90a44ad,train
other,inaturalist,332273389,602974501,cc-by-nc,https://inaturalist-open-data.s3.amazonaws.com/photos/602974501/large.jpg,d39c77e074a964c19fcf66bcf063205a89732d80fee6b7ef565fe7ab2980bd27,train
other,inaturalist,312480464,564184529,cc-by-nc,https://inaturalist-open-data.s3.amazonaws.com/photos/564184529/large.jpg,98ef1256c01743e999a1940b900d6aec4f0de2b222e2402869eb5e0f0420e330,train
other,inaturalist,312480464,564184569,cc-by-nc,https://inaturalist-open-data.s3.amazonaws.com/photos/564184569/large.jpg,56209d72a429fe7f052826d3730490959f77b87a3b73db6e138bc6f5c20eb965,train
other,inaturalist,312480464,564184602,cc-by-nc,https://inaturalist-open-data.s3.amazonaws.com/photos/564184602/large.jpg,1d736a78cb76f9ed265e630bdc15e04c8ed09b1f7970811fb915345a2d2afaec,train
other,inaturalist,282981196,508438389,cc-by-nc,https://inaturalist-open-data.s3.amazonaws.com/photos/508438389/large.jpg,223dfea878a0e418665fbe731e50abe9826009c11acc0ab6ad9ae5bd2756d775,test
other,inaturalist,282981196,508438388,cc-by-nc,https://inaturalist-open-data.s3.amazonaws.com/photos/508438388/large.jpg,4232d5db759ef73f160a43f3988e8f468e9d51461d9b12af5d9c6f31982fa591,test
other,inaturalist,280311599,503433128,cc-by-nc,https://inaturalist-open-data.s3.amazonaws.com/photos/503433128/large.jpg,d44fa534105537c1fcedcd2c6f029dfb9ea1a475354fadc22cc36f18d8333bd9,train
other,inaturalist,280311599,503433205,cc-by-nc,https://inaturalist-open-data.s3.amazonaws.com/photos/503433205/large.jpg,8f4d9926e76fabda236cc2095047a738914d807d798d34212e9bce245cb53c14,train
other,inaturalist,280311599,503464515,cc-by-nc,https://inaturalist-open-data.s3.amazonaws.com/photos/503464515/large.jpg,ab91a16047dac8073cbacc9a144fb101732b128ccbc732107802c62b3b44fe13,train
other,inaturalist,330478523,599278857,cc0,https://inaturalist-open-data.s3.amazonaws.com/photos/599278857/large.jpg,0175669a0be2c94cace791fa541b5e72d4f90865570b2f226c35b5ff8af4b8af,train
other,inaturalist,330478523,599278871,cc0,https://inaturalist-open-data.s3.amazonaws.com/photos/599278871/large.jpg,1e8530c237c0f11566350b403caba542825f64f4d126a889e75914139734e031,train
other,inaturalist,232511479,413087972,cc0,https://inaturalist-open-data.s3.amazonaws.com/photos/413087972/large.jpeg,44a3105011fbc9e9d71bcd29da8501bfb9969e3be3ca831ebd90da1df80b8bac,train
other,inaturalist,232511479,413092725,cc0,https://inaturalist-open-data.s3.amazonaws.com/photos/413092725/large.jpeg,9c42bfe714a399271061ab8f0c50142100b5b6aa6868130ca681dc535c043b2e,train
other,inaturalist,317744177,574610946,cc-by,https://inaturalist-open-data.s3.amazonaws.com/photos/574610946/large.jpg,8c8b14f803dae447909e1c80d6c89415484af4b433562ed450e42fa54d637fdf,test
other,inaturalist,335366131,609226850,cc-by-nc,https://inaturalist-open-data.s3.amazonaws.com/photos/609226850/large.jpg,681dc70a2f470f991db3136dbdb4399cf35e3b0d6b66c30047db9a5c84e4c969,train
other,inaturalist,289910345,521473560,cc-by-nc,https://inaturalist-open-data.s3.amazonaws.com/photos/521473560/large.jpg,5acd5334357e20e54ed5ac2c77ce0c12d95da79ab1acdeb78adccf7efbf4391f,train
other,inaturalist,289910345,521473787,cc-by-nc,https://inaturalist-open-data.s3.amazonaws.com/photos/521473787/large.jpg,3bbe0fc06379c796aa3e98a91832b7d1dec3f218d59ee07a55702b633f59a21d,train
other,inaturalist,289910345,521474007,cc-by-nc,https://inaturalist-open-data.s3.amazonaws.com/photos/521474007/large.jpg,8a16833cac1e50c86207197e2f853585ba4e932772cd611e27059e65d7ab4273,train
other,inaturalist,336492413,611487091,cc-by,https://inaturalist-open-data.s3.amazonaws.com/photos/611487091/large.jpg,ddfe89ab91dafa24b3a86e2c1150e62d8882c199bd4306fb5281f59f3057ad89,val
other,inaturalist,336492413,611487108,cc-by,https://inaturalist-open-data.s3.amazonaws.com/photos/611487108/large.jpg,439bad63769f5422a2d33745ad6aec759a4b36cab272b5c72a3ad4a3253f50f2,val
other,inaturalist,336492413,611487124,cc-by,https://inaturalist-open-data.s3.amazonaws.com/photos/611487124/large.jpg,17d4d7af45ed5f95afd6ff0656cceeecb7e63c880b8a4b3b823dc907b02b8c82,val
other,inaturalist,324549239,587443510,cc-by-nc,https://inaturalist-open-data.s3.amazonaws.com/photos/587443510/large.jpg,d284d7785208610b4dbbb9ec91afce59688dc7a574cd2cf8de68642cca463ecc,test
other,inaturalist,324549239,587443562,cc-by-nc,https://inaturalist-open-data.s3.amazonaws.com/photos/587443562/large.jpg,dc61a0312ee548a93e805c891ef66d9aec6e8015b5dfdad3c019c0e72f1e1e19,test
other,inaturalist,324549239,587443596,cc-by-nc,https://inaturalist-open-data.s3.amazonaws.com/photos/587443596/large.jpg,7fbd8216f0676651bce881c0a4f1f64355a8471cfb7cff2d8ab22e3aaf8ed102,test
other,inaturalist,339154911,616902928,cc-by-nc,https://inaturalist-open-data.s3.amazonaws.com/photos/616902928/large.jpg,3beac94125b4105d1a9785475729f17cebf3621c24e4ee6e04aad3c2d2e72821,train
other,inaturalist,337860466,614284201,cc-by-nc,https://inaturalist-open-data.s3.amazonaws.com/photos/614284201/large.jpg,8a50193deec6c65692c1ad828f9fc74378c76e9f389d0939bd9fe2eccfb9a1e8,train
other,inaturalist,337860466,614284224,cc-by-nc,https://inaturalist-open-data.s3.amazonaws.com/photos/614284224/large.jpg,1c5c974aef9c618301312cfa6942f9a474b4eaefceba7c6ed16d9771fc662b51,train
other,inaturalist,337860466,614284238,cc-by-nc,https://inaturalist-open-data.s3.amazonaws.com/photos/614284238/large.jpg,2cd13629f825c1c6e0accb5a78dfc783fccbb9261ffd03629838464dcf0e1834,train
other,inaturalist,337860466,614284267,cc-by-nc,https://inaturalist-open-data.s3.amazonaws.com/photos/614284267/large.jpg,32e0bf2605d38b6332850736a572fda6a637ee8a11488797e86c059ca8923888,train
other,inaturalist,305073704,550016324,cc-by,https://inaturalist-open-data.s3.amazonaws.com/photos/550016324/large.jpg,bce9651b9aec0d6420628b419a9d942b0c3d227877982618ef0ade0b078a2e9b,train
other,inaturalist,330476810,599275171,cc-by-nc,https://inaturalist-open-data.s3.amazonaws.com/photos/599275171/large.jpg,11256f6c75ef9da3469086b72c2221edf2d6928946ee33d1fcc4e4a254959e2a,train
other,inaturalist,330476810,599289333,cc-by-nc,https://inaturalist-open-data.s3.amazonaws.com/photos/599289333/large.jpg,70efbc4cfcb8b240c46246cebe4beaa6a0aeaf2dc70bb223eaeb0161951532fc,train
other,inaturalist,332778709,604007062,cc-by-nc,https://inaturalist-open-data.s3.amazonaws.com/photos/604007062/large.jpg,e2bde164c95e8b07adb929283599be74f4ca6dec2e2a7d9a4633cce3c22ea64b,train
other,inaturalist,318713844,576045386,cc-by-nc,https://inaturalist-open-data.s3.amazonaws.com/photos/576045386/large.jpg,ff7be0a39cb3bc8f79210d4dd90ca5497568b88e830c9f991172d7615d0ec808,train
other,inaturalist,297254786,535324966,cc-by-nc,https://inaturalist-open-data.s3.amazonaws.com/photos/535324966/large.jpg,fb84ad0a8629dd1521d3c5972a27ea015a9937b67a9f979dc417bba18e2b71f7,train
other,inaturalist,246704698,440465330,cc-by-nc,https://inaturalist-open-data.s3.amazonaws.com/photos/440465330/large.jpeg,c8c76f02b855a16282e882ec271208d52f07c626bc1e13c6398a433033efc951,train
other,inaturalist,332215655,602850091,cc-by-nc,https://inaturalist-open-data.s3.amazonaws.com/photos/602850091/large.jpg,e0ca5b101bfba300029a78c1157718ce72df3fd3cf837656f54ec7f715f8a565,val
other,inaturalist,262977304,472346093,cc-by-nc,https://inaturalist-open-data.s3.amazonaws.com/photos/472346093/large.jpeg,3ef64494cdcb991cd4323a05fac5f7bf3c088e4b60e670b66bc271d1423da23c,test
other,inaturalist,270857479,487159629,cc-by,https://inaturalist-open-data.s3.amazonaws.com/photos/487159629/large.jpg,7e57cbbb7ce6faa6ca6511f2b27085d610fd3ecb949c97c89e6760065145920e,train
other,inaturalist,285752451,513637700,cc-by-nc,https://inaturalist-open-data.s3.amazonaws.com/photos/513637700/large.jpg,5aa85e97873984cbca29353e34c7239200b2d06a17bc4142b3cb9f650f918fcc,train
other,inaturalist,335522430,609540745,cc-by-nc,https://inaturalist-open-data.s3.amazonaws.com/photos/609540745/large.jpg,619fe778d9502f680b0a998be6bbcf98446696560a090a3ff11b9c70025e246d,train
other,inaturalist,335522430,609540870,cc-by-nc,https://inaturalist-open-data.s3.amazonaws.com/photos/609540870/large.jpg,1398511a64824159935887a9ad6a5ecd122d98f7d287bd092c13abe6e4ec33db,train
other,inaturalist,314923763,568851157,cc-by-nc,https://inaturalist-open-data.s3.amazonaws.com/photos/568851157/large.jpg,fd0d1ad014706d3ac901f7703881c187db92eb27caeba02b27a11a218641fa3e,val
other,inaturalist,296355969,533615277,cc-by-nc,https://inaturalist-open-data.s3.amazonaws.com/photos/533615277/large.jpg,2c115b18c370fcf3572c6abd018a7c84cb16e78ae78c207ceb121985d50b9038,test
other,inaturalist,296355969,533615284,cc-by-nc,https://inaturalist-open-data.s3.amazonaws.com/photos/533615284/large.jpg,31d7793f0ae2e71aa081253ea9018b018f8006e0820ebd3a97cc124b3c1237ef,test
other,inaturalist,319672061,577880411,cc-by,https://inaturalist-open-data.s3.amazonaws.com/photos/577880411/large.jpg,793a63ee68835042d694478cf7b7579fd91ae46741a133cca9e661e874bb99aa,train
other,inaturalist,292361225,526114484,cc-by-nc,https://inaturalist-open-data.s3.amazonaws.com/photos/526114484/large.jpg,261e8c9ff03be6d24b058c5cd09795f4743d2de735c0551e36a71553c6443d59,train
other,inaturalist,308733326,557028037,cc0,https://inaturalist-open-data.s3.amazonaws.com/photos/557028037/large.jpg,2d46bb79fcd5b6414417c3705da0f279eaec6047c4ae6752475f7def80201c1c,train
other,inaturalist,332020072,602452087,cc-by,https://inaturalist-open-data.s3.amazonaws.com/photos/602452087/large.jpg,e0dbdbe6c89e524b594f08897d9fe7173e0fb2ea2d99c1ce68bf7e1dd448612c,train
other,inaturalist,323893898,586135404,cc-by-nc,https://inaturalist-open-data.s3.amazonaws.com/photos/586135404/large.jpg,b2012db31877b8550efca56c8d082ddde48bc073c98182790af031d8f3db4f76,val
other,inaturalist,333979262,606403799,cc-by-nc,https://inaturalist-open-data.s3.amazonaws.com/photos/606403799/large.jpg,c204f2bcc3167e6829a8d08e9cd54e0f9f9185b5476c319232f41d36075b0eb4,train
other,inaturalist,314437887,567916882,cc-by-nc,https://inaturalist-open-data.s3.amazonaws.com/photos/567916882/large.jpg,d92c5614fa8c6540894fe8244ca5186db412d94eb6afc5f18ce33d9e189f731c,train
other,inaturalist,314437887,567916893,cc-by-nc,https://inaturalist-open-data.s3.amazonaws.com/photos/567916893/large.jpg,7c879a5f8bb1418edb3aaa0625dc60e619b7b3d631f9be16679aa41c4fe25f8e,train
other,inaturalist,314437887,567916903,cc-by-nc,https://inaturalist-open-data.s3.amazonaws.com/photos/567916903/large.jpg,e2d0914a7337f0478df08b88b07201885fc2c5dd2b5d0ee921e6239ea2158a18,train
other,inaturalist,314437887,567916881,cc-by-nc,https://inaturalist-open-data.s3.amazonaws.com/photos/567916881/large.jpg,82705f58b5879bd7a616e00d426e5ff105744bb161a399e94e2fabd6c799df4f,train
other,inaturalist,330330808,598975376,cc-by,https://inaturalist-open-data.s3.amazonaws.com/photos/598975376/large.jpg,fb92445929147d4f5703c54d147d6137c9968f2497d133b2aa130705a55b9308,val
other,inaturalist,337844505,614251223,cc0,https://inaturalist-open-data.s3.amazonaws.com/photos/614251223/large.jpg,298248afb7e34ed88f2904c953a4f690ca9db4a1ef9763e2ab0f10e1cea14a5b,test
other,inaturalist,297387224,535573263,cc-by-nc,https://inaturalist-open-data.s3.amazonaws.com/photos/535573263/large.jpg,13c1a3a28c1a0c5a219ec7939b52adcb4c5a573a1a8ce261460ff5ed7dce4b4a,train
other,inaturalist,287513433,516981361,cc-by-nc,https://inaturalist-open-data.s3.amazonaws.com/photos/516981361/large.jpg,40141c83db9f539160a21a84c767024d0e458e6cbdc0c4a1d69d302a097034d9,train
other,inaturalist,287513433,516981391,cc-by-nc,https://inaturalist-open-data.s3.amazonaws.com/photos/516981391/large.jpg,ff705ca4f6530f3f72bffe863eee3b0de48f07abdb08ad1cf8f59049268f8ece,train
other,inaturalist,287513433,516981413,cc-by-nc,https://inaturalist-open-data.s3.amazonaws.com/photos/516981413/large.jpg,33f1a294916195355900e086ef2ac283c5a787d30b48fc67f396b6f4a058234c,train
other,inaturalist,336504766,611510722,cc-by,https://inaturalist-open-data.s3.amazonaws.com/photos/611510722/large.jpg,3716b8b69709de175762b611021dcbb8c398d8817d8a0f4c926b7cfbc3ad0fb7,val
other,inaturalist,338013988,614600646,cc-by-nc,https://inaturalist-open-data.s3.amazonaws.com/photos/614600646/large.jpg,960a9bfc003cfa15b488a96d7d30058fd3e96ee47185a28e637912c1f9d82e49,test
other,inaturalist,338013988,614600643,cc-by-nc,https://inaturalist-open-data.s3.amazonaws.com/photos/614600643/large.jpg,a660a5e64ecb49344d5ef59879241ae66c296733048806f2bdd8e7e42c50feb3,test
other,inaturalist,338013988,614600662,cc-by-nc,https://inaturalist-open-data.s3.amazonaws.com/photos/614600662/large.jpg,cc6a4c937f55d134df8f59b769544e4f5154d525f6b0fb9adaea78e58d6a24d9,test
other,inaturalist,338013988,614600659,cc-by-nc,https://inaturalist-open-data.s3.amazonaws.com/photos/614600659/large.jpg,c767564420f4eeeee4464afa5d49234913414d2e2bf24a5e1bd9562a2da7a89c,test
other,inaturalist,338013988,614600661,cc-by-nc,https://inaturalist-open-data.s3.amazonaws.com/photos/614600661/large.jpg,7222ba7e0c826a9ec393c6f0987f855fba522d892915e44578db1e5822c53bf8,test
other,inaturalist,338013988,614600679,cc-by-nc,https://inaturalist-open-data.s3.amazonaws.com/photos/614600679/large.jpg,517401d828b8a24ef0be52bde92ad3f7a2225eef87478efaa0292949d8a0a97e,test
other,inaturalist,338013988,614600680,cc-by-nc,https://inaturalist-open-data.s3.amazonaws.com/photos/614600680/large.jpg,a218f413be589dfa29a06ae958bb79926751501db970c49861be670dfe0b1b3b,test
other,inaturalist,271188547,487790101,cc-by,https://inaturalist-open-data.s3.amazonaws.com/photos/487790101/large.jpeg,1f4b8f1eb38f37fac2b458b363f1c6f5bf208817bac7fedafa7c3f6c162cf703,train
other,inaturalist,271188547,487790124,cc-by,https://inaturalist-open-data.s3.amazonaws.com/photos/487790124/large.jpeg,e641b18d621022e3e114a6dc254261512f4298166d678343a0e5696f3152c0cb,train
other,inaturalist,332435293,603305505,cc-by,https://inaturalist-open-data.s3.amazonaws.com/photos/603305505/large.jpg,f0bc2273c83c267529a0088fd9c1b3566c090f2c021160dc0ea783db2ac22dca,train
other,inaturalist,332435293,603305541,cc-by,https://inaturalist-open-data.s3.amazonaws.com/photos/603305541/large.jpg,dde772fe346acbe6a09f6b5c7c2dac4ea69257df46de3f79ec04a6b9642fa365,train
other,inaturalist,309323868,558165169,cc-by-nc,https://inaturalist-open-data.s3.amazonaws.com/photos/558165169/large.jpg,cc0eba3565bcb85c1dd56b18da0f3be5366f7d232d9d76f538f707bf3875f4f7,val
other,inaturalist,283239899,508919317,cc-by,https://inaturalist-open-data.s3.amazonaws.com/photos/508919317/large.jpg,38849e5066c03d602f24a785f51cc68c6d5aa8df88b0854cfa4cda554b8fc468,train
other,inaturalist,334632067,607734718,cc-by-nc,https://inaturalist-open-data.s3.amazonaws.com/photos/607734718/large.jpg,770a85ce9ca1545691765ee1e5680155faeac141cc09a666c4d68fc7abc5ad28,train
other,inaturalist,338475311,615546804,cc-by-nc,https://inaturalist-open-data.s3.amazonaws.com/photos/615546804/large.jpg,0e21d159dda71dd2a759a3f06550b2b4caa4a9885c359cc5731699f33dad172a,train
other,inaturalist,338475311,615546819,cc-by-nc,https://inaturalist-open-data.s3.amazonaws.com/photos/615546819/large.jpg,ac1fdcb1bece6dc0144685ce93f3b8db296ed0820a13cd1c4962d1c7092d8f16,train
other,inaturalist,291619029,524694238,cc-by-nc,https://inaturalist-open-data.s3.amazonaws.com/photos/524694238/large.jpg,f1a46e7834fb5624e7b123d78af7e1261216d2988f30b64dfcc7973855e80a68,val
other,inaturalist,226153235,401049878,cc-by-nc,https://inaturalist-open-data.s3.amazonaws.com/photos/401049878/large.jpeg,a120a74116e524deb48d28150917ee078f6e381743d55ec98560d3b156bd1dce,train
other,inaturalist,226153235,401050383,cc-by-nc,https://inaturalist-open-data.s3.amazonaws.com/photos/401050383/large.jpeg,ad110a5a77e951dd182508e87cd491a2204fa5b2941a8433ef56552ce4c4760d,train
other,inaturalist,226153235,401050387,cc-by-nc,https://inaturalist-open-data.s3.amazonaws.com/photos/401050387/large.jpeg,d1c63fbef02e1c237ec36877b4efb268c68614efd54cc03b48f1213791328289,train
other,inaturalist,291190042,523896311,cc-by-nc,https://inaturalist-open-data.s3.amazonaws.com/photos/523896311/large.jpg,750046212b49635d86750a13f7ae50370d1c83a7412f68cb1b97c42ba7f5a984,val
other,inaturalist,300890015,542171899,cc-by-nc,https://inaturalist-open-data.s3.amazonaws.com/photos/542171899/large.jpg,07568b394477a6e2f1fda2e8e5c8476303224a5afea0635fc176b62b1067221c,train
other,inaturalist,336446503,611396444,cc-by-nc,https://inaturalist-open-data.s3.amazonaws.com/photos/611396444/large.jpg,338fddf32478ab10061060fda53d678f543e1c638730cb9a33d0f39588f623d7,train
other,inaturalist,265574195,477047744,cc0,https://inaturalist-open-data.s3.amazonaws.com/photos/477047744/large.jpeg,3ecc22e42e1e20a17db42b6f2dc082cd7e3e833646d1203f589a823c52088400,train
other,inaturalist,338747822,616089129,cc-by-nc,https://inaturalist-open-data.s3.amazonaws.com/photos/616089129/large.jpg,76b6dac9c8c66d399e11a27da0ae05aaae4c5fdedee73e68d459d57404767491,train
other,inaturalist,336810252,612137927,cc-by-nc,https://inaturalist-open-data.s3.amazonaws.com/photos/612137927/large.jpg,5f37be8eb78aca2cf72b3df71c7f3650e3c354459e36625a1ed43f76ebc03d91,val
other,inaturalist,333969348,606384273,cc-by,https://inaturalist-open-data.s3.amazonaws.com/photos/606384273/large.jpg,ac062f986d43d15edc70e46b04eb256fb61164070a347a8a8d136238479d5566,train
other,inaturalist,338015208,614603359,cc-by-nc,https://inaturalist-open-data.s3.amazonaws.com/photos/614603359/large.jpg,e325560885a050cf4bf6acfd3445d625d7dc606580a6dfc480c0bd6e06cb84ce,train
other,inaturalist,338015208,614603570,cc-by-nc,https://inaturalist-open-data.s3.amazonaws.com/photos/614603570/large.gif,0e2bff673cc4ed1a59e935f49e5c6db9bd9076892a9ff17ecf3899e4df0bed3c,train
other,inaturalist,338535823,615680963,cc-by-nc,https://inaturalist-open-data.s3.amazonaws.com/photos/615680963/large.jpg,61f7b342384497a7575024291ff2b918549fec4b110715c74784198c475efb03,train
other,inaturalist,338535823,615680979,cc-by-nc,https://inaturalist-open-data.s3.amazonaws.com/photos/615680979/large.jpg,a87d499ff55a2dbe02f93d73bbec6051dfbf21d45f104fd7d6f18daca50dc4f2,train
other,inaturalist,338535823,615680993,cc-by-nc,https://inaturalist-open-data.s3.amazonaws.com/photos/615680993/large.jpg,fbb8113c2fc2d145aacef032ec6b65d1123e0d5c544c76e9257318333d3783eb,train
other,inaturalist,295925891,532792680,cc-by-nc,https://inaturalist-open-data.s3.amazonaws.com/photos/532792680/large.jpg,b7a847a294b68459f705a8c354594940c05b71a5add1eee05cf5fb12a86b7daa,val
other,inaturalist,295925891,532792709,cc-by-nc,https://inaturalist-open-data.s3.amazonaws.com/photos/532792709/large.jpg,ce85f206a23f874ddadebfaab7d3ae1145e4258a7b7d48d9e6ee5ff8a0ec7564,val
other,inaturalist,295925891,532792725,cc-by-nc,https://inaturalist-open-data.s3.amazonaws.com/photos/532792725/large.jpg,0e133b68a58ac4105169335ebcade107c509abe3bcedaf224b73470bf76bb0a4,val
other,inaturalist,295925891,532792750,cc-by-nc,https://inaturalist-open-data.s3.amazonaws.com/photos/532792750/large.jpg,e6837915f2b237d9840a134557338ff865fa690928c1d988f208a3da88a13389,val
other,inaturalist,331348985,601078725,cc-by-nc,https://inaturalist-open-data.s3.amazonaws.com/photos/601078725/large.jpg,30ee9b7e558da34ece0852c39421155259d05e8aafcfa02f1571e8dcbbad1eac,train
other,inaturalist,272178311,489661161,cc-by,https://inaturalist-open-data.s3.amazonaws.com/photos/489661161/large.jpeg,ebd91b783eaa089489e2c1ef551524028b89dc64ba0eabce94e92e86590f445b,train
other,inaturalist,326176497,590700957,cc-by-nc,https://inaturalist-open-data.s3.amazonaws.com/photos/590700957/large.jpg,c94a15ca30775c5e32925336b2fa361fdf53144a2156776ed5903784bcdce6f2,train
other,inaturalist,306819644,553344050,cc-by-nc,https://inaturalist-open-data.s3.amazonaws.com/photos/553344050/large.jpg,77ad1c3e0d5568d85d55ac99fa093457827cd56eb090ee1d78c08c792cffb6dd,train
other,inaturalist,333842434,606125051,cc-by-nc,https://inaturalist-open-data.s3.amazonaws.com/photos/606125051/large.jpg,836cd8c7338faf1aa905081db88c2894dd5b76dfe620a9a157841bd536cf77ac,train
other,inaturalist,335854952,610213506,cc-by-nc,https://inaturalist-open-data.s3.amazonaws.com/photos/610213506/large.jpg,32b461817748232c73722000362ace875633b71193f82ae359c257911564f6d6,train
other,inaturalist,335854952,610213504,cc-by-nc,https://inaturalist-open-data.s3.amazonaws.com/photos/610213504/large.jpg,0e79ff697969d4ab859a2b10587cf77190a2c3299edad3c4c379ca48c8edfa0e,train
other,inaturalist,307035863,553754265,cc0,https://inaturalist-open-data.s3.amazonaws.com/photos/553754265/large.jpg,0a893fb3bf962e39734091654204624f4e17a9103a7c496c09e01a8fa24b6f1b,test
other,inaturalist,307035863,553754313,cc0,https://inaturalist-open-data.s3.amazonaws.com/photos/553754313/large.jpg,62e142e2615f7cf3801f2ef0cf303f08332d80d66933c420cc346257e01bb639,test
other,inaturalist,307035863,553754345,cc0,https://inaturalist-open-data.s3.amazonaws.com/photos/553754345/large.jpg,41bf76415320a4cb9d00ab84e3f94eb535a2401c07cb1f10b0a568639b48f7d3,test
other,inaturalist,294425041,529948139,cc-by-nc,https://inaturalist-open-data.s3.amazonaws.com/photos/529948139/large.jpg,2b9e49b3cae8f4a47b1b0682bf2fa2cbc3af98af589acc300614698c55466425,train
other,inaturalist,338293121,615172267,cc-by-nc,https://inaturalist-open-data.s3.amazonaws.com/photos/615172267/large.jpg,d96d333ac5cd5527b19bc915fcfeb2db19c3e201d975491961285983432e4a9e,train
other,inaturalist,323822745,585999341,cc-by-nc,https://inaturalist-open-data.s3.amazonaws.com/photos/585999341/large.jpg,52c453e7ea1fe61b9ea4698b9850debaa537e59988584939e93ba9ffaa05ec34,train
other,inaturalist,334014086,606473136,cc-by,https://inaturalist-open-data.s3.amazonaws.com/photos/606473136/large.jpg,4b3877e779447d491b2d51b0b795463be40f105c159d1353f2bfb0c5579cf6df,train
other,inaturalist,294681860,530418269,cc-by-nc,https://inaturalist-open-data.s3.amazonaws.com/photos/530418269/large.jpg,d5a51d24de6ec4fdaca6523b7deede6d7dff00c9a39088e09fb2f3da198ebb1f,train
other,inaturalist,302643136,545435259,cc-by-nc,https://inaturalist-open-data.s3.amazonaws.com/photos/545435259/large.jpg,a8a1899661393332373c1f149a53aca8ca7ca4d33fb7319be64d06c0e209fe7f,train
other,inaturalist,302643136,545435304,cc-by-nc,https://inaturalist-open-data.s3.amazonaws.com/photos/545435304/large.jpg,92fac83c10fbcb835e09386d4c9a0f19aa5e160ac2703a377529e095bc734fec,train
other,inaturalist,302643136,545435339,cc-by-nc,https://inaturalist-open-data.s3.amazonaws.com/photos/545435339/large.jpg,437113a056508e475a2bf24997503a08ad7afb01c7a34adb8696ab5e7554722b,train
other,inaturalist,309548333,558593225,cc-by-nc,https://inaturalist-open-data.s3.amazonaws.com/photos/558593225/large.jpg,c517506263153c2ec5885584e34deac8a4e173c79d8209a817a4cc3b25b72f64,val
other,inaturalist,315790385,570504720,cc-by-nc,https://inaturalist-open-data.s3.amazonaws.com/photos/570504720/large.jpg,781f162b84407b4f164194fe66e14fe46c148b22a7980d0613d53607822aac43,train
other,inaturalist,281725376,506109621,cc-by-nc,https://inaturalist-open-data.s3.amazonaws.com/photos/506109621/large.jpg,24d93c24fbd1a253af83273cc616ff2284291d944199c6efc9ffdb885ee22ffc,train
other,inaturalist,281725376,506109666,cc-by-nc,https://inaturalist-open-data.s3.amazonaws.com/photos/506109666/large.jpg,7826bf1deead69de42626c773e1aa3fede72f9b98247feb7988940f4e7f52821,train
other,inaturalist,280625262,503982606,cc-by-nc,https://inaturalist-open-data.s3.amazonaws.com/photos/503982606/large.jpeg,d85dbdd62236c3d2ef98db23468c1d8179db0600095f2db29afc2833b4cc793e,val
other,inaturalist,336270086,611037848,cc-by,https://inaturalist-open-data.s3.amazonaws.com/photos/611037848/large.jpg,ea44ae178a26392cfa092161d8d4872ff406b0fc0dd1dacee303481ddb39ad13,test
other,inaturalist,336270086,611037849,cc-by,https://inaturalist-open-data.s3.amazonaws.com/photos/611037849/large.jpg,8b354ab4bbf1b82a6d849db9385f82270cf8eb964f612b05850df1d7bdc33c40,test
other,inaturalist,300381718,541224774,cc-by-nc,https://inaturalist-open-data.s3.amazonaws.com/photos/541224774/large.jpg,8f0e4c6f0e2e43607da89efbeaac6f9913256e37a48ec215e66e0f1dc36fd709,train
other,inaturalist,289666211,521014376,cc-by-nc,https://inaturalist-open-data.s3.amazonaws.com/photos/521014376/large.jpg,fdccc605f600384523ecb040f9edb3afecdb18ad842631deb9ff17c114509f19,train
other,inaturalist,321301630,581055182,cc-by-nc,https://inaturalist-open-data.s3.amazonaws.com/photos/581055182/large.jpg,f673ff05107e559edeb5a693e73b6fa1c3bab1719f592a7e9ab67c459d1f809b,train
other,inaturalist,315754801,570438843,cc-by-nc,https://inaturalist-open-data.s3.amazonaws.com/photos/570438843/large.jpg,31341968a00f76d63eda79e1026ac04a8b194e0310285dc27ed78f0399eecdbd,train
other,inaturalist,315754801,570438844,cc-by-nc,https://inaturalist-open-data.s3.amazonaws.com/photos/570438844/large.jpg,a723caed08206586c4103ec5db0b82f064dd69bdf023117fc07e0777a8fcf302,train
other,inaturalist,315754801,570438835,cc-by-nc,https://inaturalist-open-data.s3.amazonaws.com/photos/570438835/large.jpg,5cec9a20a257b231dd2401cdfc2c495dec8d23e4e79644cee518fcbad401c75e,train
other,inaturalist,328761768,595809537,cc-by-nc,https://inaturalist-open-data.s3.amazonaws.com/photos/595809537/large.jpg,4d98a33a0fce80d39a059bddbc3ed4655cb29694a501946f82d0b449d75dc5cf,val
other,inaturalist,336979618,612480245,cc-by,https://inaturalist-open-data.s3.amazonaws.com/photos/612480245/large.jpg,ee397cbea9ddaf53e475cc11535e6e657535ecf94f1ba44657aaaa6ea4608751,train
other,inaturalist,336979618,612480267,cc-by,https://inaturalist-open-data.s3.amazonaws.com/photos/612480267/large.jpg,3fc55f72719f4eda9a4c17d47dfefa4bda4f5c10c7de55b16e769394f6895b99,train
other,inaturalist,336979618,612480290,cc-by,https://inaturalist-open-data.s3.amazonaws.com/photos/612480290/large.jpg,d5f40f4b6a17ca1cf9378cee3febba5c8aa64eb3668feee23cbbc73f81cfe574,train
other,inaturalist,336979618,612480313,cc-by,https://inaturalist-open-data.s3.amazonaws.com/photos/612480313/large.jpg,d5ea6fa8763d194e65ee81c295c8019c086e893df324d8632639bde2be4ecbb7,train
other,inaturalist,336979618,612480364,cc-by,https://inaturalist-open-data.s3.amazonaws.com/photos/612480364/large.jpg,fc75db990865ad3b29cf7c18465d0be97299965a83592112ffea5bbdfda18882,train
other,inaturalist,336979618,612480380,cc-by,https://inaturalist-open-data.s3.amazonaws.com/photos/612480380/large.jpg,7563089c8c0300a38d0b301452973279f9ee8c3f1829970409065a4f5ef04ca3,train
other,inaturalist,336979618,612480398,cc-by,https://inaturalist-open-data.s3.amazonaws.com/photos/612480398/large.jpg,41886bc0e1a53f35e4a8fb42f940e9a418e71a97a2f964d86453607b0cba5580,train
other,inaturalist,336979618,612480421,cc-by,https://inaturalist-open-data.s3.amazonaws.com/photos/612480421/large.jpg,0644e9ee4af7c20bb8ba043874659d5ce5fc30bc5811cc8db435412dba3572b6,train
other,inaturalist,336979618,612480441,cc-by,https://inaturalist-open-data.s3.amazonaws.com/photos/612480441/large.jpg,654db832cdddf7fd2abb678c5449980f64ac2b30d9df78c96780383bf1798e3c,train
other,inaturalist,336979618,612480459,cc-by,https://inaturalist-open-data.s3.amazonaws.com/photos/612480459/large.jpg,22049b931db7896e785d88e54ad91dcde710803ea9df268e7098ec157fd00fe9,train
other,inaturalist,336979618,612480479,cc-by,https://inaturalist-open-data.s3.amazonaws.com/photos/612480479/large.jpg,cf7227869e58f49804224ba9b686b29d2495a0a7f3ff0e3405b01b5851adcb63,train
other,inaturalist,312858922,564919522,cc-by-nc,https://inaturalist-open-data.s3.amazonaws.com/photos/564919522/large.jpg,d15d2b4a0616d1cb63562c3d44253b7f9639e4850ced3e2ade99b12ecbf4e44e,val
other,inaturalist,312858922,564919538,cc-by-nc,https://inaturalist-open-data.s3.amazonaws.com/photos/564919538/large.jpg,7bf404cf8ccb9a82b09ed7b2914d2a907043895d65471aa95c1c0b762cacb420,val
other,inaturalist,312858922,564919552,cc-by-nc,https://inaturalist-open-data.s3.amazonaws.com/photos/564919552/large.jpg,37f41d60acdd21db7fa0e85c0cd9763e60cf43fb236169b945c3b6f0b0c7c35e,val
other,inaturalist,332539393,603519629,cc-by-nc,https://inaturalist-open-data.s3.amazonaws.com/photos/603519629/large.jpg,227251bdac45bd0d76d9320870a61174a96f0877a4fa639cfe098dc3a150ad13,test
other,inaturalist,301792555,543853726,cc-by-nc,https://inaturalist-open-data.s3.amazonaws.com/photos/543853726/large.jpg,2bebac2d536f1105f6f3c7fcff3f9726faffef7b23d3bc780fa9afe05ebc53f8,test
other,inaturalist,309594442,558680712,cc-by-nc,https://inaturalist-open-data.s3.amazonaws.com/photos/558680712/large.jpg,18d3f93b6f3ab7d82c0255077aec7df8d0dca455851d436cf0cc67ed0ddb7688,test
other,inaturalist,274576019,503775215,cc-by-nc,https://inaturalist-open-data.s3.amazonaws.com/photos/503775215/large.jpeg,86b652520cd701b9f9a71ee86d1b44064190faabe5ddcf3e17d0b014630f4b0d,train
other,inaturalist,338874028,616346677,cc-by-nc,https://inaturalist-open-data.s3.amazonaws.com/photos/616346677/large.jpg,799fb0699d5012d4d8178997f37890b182aac9ddf5d959f18c4c2c70cd21e8bb,train
other,inaturalist,338874028,616346734,cc-by-nc,https://inaturalist-open-data.s3.amazonaws.com/photos/616346734/large.jpg,ded58c4cb0d524510f4510f1ebdbc62b9fe3819c5a46caf0aa425a8455039dcc,train
other,inaturalist,336704675,611924105,cc-by-nc,https://inaturalist-open-data.s3.amazonaws.com/photos/611924105/large.jpg,e32d5cb6bcf50205b70490eebef7a3832f12484120c9b88fea0d2f4509932ec0,val
other,inaturalist,297533770,535851057,cc-by-nc,https://inaturalist-open-data.s3.amazonaws.com/photos/535851057/large.jpg,7a741ff7a538739218ce8d7613752e1e7344526341f9c1f8e41965b88ac602ac,test
other,inaturalist,297533770,535851078,cc-by-nc,https://inaturalist-open-data.s3.amazonaws.com/photos/535851078/large.jpg,137437d6cacacb983ebe88603791783a7a9db0a7ce7083985af78a2c63dbb639,test
other,inaturalist,316094319,571072562,cc-by,https://inaturalist-open-data.s3.amazonaws.com/photos/571072562/large.jpg,850fff9d8485d867801b48443d7adfbe7720e5fcff916c854bd76bd7224bf111,train
other,inaturalist,339046884,616683210,cc-by-nc,https://inaturalist-open-data.s3.amazonaws.com/photos/616683210/large.jpg,c01b6fa96da001226c5fc02f0ec88a8515c0b4e8c7d683156684959316ae6072,train
other,inaturalist,336475801,611454204,cc-by,https://inaturalist-open-data.s3.amazonaws.com/photos/611454204/large.jpg,18326f576a2dbb5c21c50f48174a9ff048715a162259b40b909fa1b1401eb93a,train
other,inaturalist,336475801,611454205,cc-by,https://inaturalist-open-data.s3.amazonaws.com/photos/611454205/large.jpg,a717711a963a17b4610543fd0af2e582ebc3b4be85c26152fd67f68f06f02a2c,train
other,inaturalist,336475801,611454225,cc-by,https://inaturalist-open-data.s3.amazonaws.com/photos/611454225/large.jpg,6fa982ce6165850d8b89e4e984067b3c8ca8b682abe0ccc240f8180ff07817fe,train
other,inaturalist,336475801,611454214,cc-by,https://inaturalist-open-data.s3.amazonaws.com/photos/611454214/large.jpg,77ba6329fa29d495a50faf574ea3d58602198296153eed888e63e48031c0d8f6,train
other,inaturalist,336475801,611454220,cc-by,https://inaturalist-open-data.s3.amazonaws.com/photos/611454220/large.jpg,c9605a627e3949fe63f885e0d2c7c08f84fbb8581ffea16948c09df1e5cc267c,train
other,inaturalist,336475801,611454227,cc-by,https://inaturalist-open-data.s3.amazonaws.com/photos/611454227/large.jpg,360e9a34e237ff6c76e4b9da51d8c101172e78ddfb5aef06f87813551967c3fc,train
other,inaturalist,336475801,611454221,cc-by,https://inaturalist-open-data.s3.amazonaws.com/photos/611454221/large.jpg,b5bd7783e8c0cc1c3188cdabf6d338c00e5f656bb59a9fffe0d90936524eb89e,train
other,inaturalist,336475801,611454224,cc-by,https://inaturalist-open-data.s3.amazonaws.com/photos/611454224/large.jpg,810b8fceaa954539246e3d0119eabc9e68a8670bb1ed14f9b8211c0a0fa29dda,train
other,inaturalist,336475801,611454231,cc-by,https://inaturalist-open-data.s3.amazonaws.com/photos/611454231/large.jpg,a7ad04cfd21a36a49a9bf8012e8e3550e5bb47e83cf8474dce8d255495222c48,train
other,inaturalist,336475801,611454236,cc-by,https://inaturalist-open-data.s3.amazonaws.com/photos/611454236/large.jpg,3b50a430f4e986a98fe540364840c87a45b8568566531538a534ed64d4017203,train
other,inaturalist,308886512,557325195,cc-by-nc,https://inaturalist-open-data.s3.amazonaws.com/photos/557325195/large.jpg,29cf98fee28e5a3cc945ef597f846f197dd0293392c53385d420301b96a98666,val
other,inaturalist,334493147,607452338,cc-by-nc,https://inaturalist-open-data.s3.amazonaws.com/photos/607452338/large.jpg,ff4c555fe1d97a70d08ffa1c97bd0734912fa31dd66ca418792627ca0e8614cf,val
other,inaturalist,307396755,554453852,cc-by,https://inaturalist-open-data.s3.amazonaws.com/photos/554453852/large.jpg,3caa91fa06d1bd549a4004f71f957de575e22cdf211bd0b06e60c5ceade5a6c7,test
other,inaturalist,333348515,605173157,cc-by-nc,https://inaturalist-open-data.s3.amazonaws.com/photos/605173157/large.jpg,333904d5a7de7031c1084194b4358a6738d0ab4b73a13fb603027763b8a12e04,val
other,inaturalist,314858072,568718730,cc-by-nc,https://inaturalist-open-data.s3.amazonaws.com/photos/568718730/large.jpg,f9dc30ef3ff850743bfde47491d81f2b754475e284bbc31b435b0a56b79158ac,test
other,inaturalist,334525190,607516225,cc-by-nc,https://inaturalist-open-data.s3.amazonaws.com/photos/607516225/large.jpg,cd433ab7f78216ce8e99485f618663a1fce92fdd2bc18c400be0df6a79451ab0,train
other,inaturalist,282137474,506867173,cc-by-nc,https://inaturalist-open-data.s3.amazonaws.com/photos/506867173/large.jpg,6de65c6acdad7425eac43f1b3b56eae5c0696d63350e8b748eae8602405238ca,train
other,inaturalist,332569688,603584355,cc-by-nc,https://inaturalist-open-data.s3.amazonaws.com/photos/603584355/large.jpg,3172b645ae073429fccf0380f8f49910306e6552d5d2b8709ea2e20bf5444d13,train
other,inaturalist,333489834,605459215,cc-by-nc,https://inaturalist-open-data.s3.amazonaws.com/photos/605459215/large.jpg,f7260a34a04926418167616cf3d572815821f8c12f12603b438e0086dd1db8d7,train
other,inaturalist,331591881,601568027,cc-by,https://inaturalist-open-data.s3.amazonaws.com/photos/601568027/large.jpg,215a1967ea7ae2d46d00c9db40de7c704bf957eb710352ddca1bb700178d93b0,val
other,inaturalist,331591881,601568023,cc-by,https://inaturalist-open-data.s3.amazonaws.com/photos/601568023/large.jpg,1aad2282078a99eb8a91c0f7a91130bc3ee6a2d76a996985f6d519051c47469c,val
other,inaturalist,245209370,437526230,cc-by-nc,https://inaturalist-open-data.s3.amazonaws.com/photos/437526230/large.jpeg,2308f5e2cf6fd2d6f04eef56f09471af504b07fba67c4497874f014b785000b6,test
other,inaturalist,285759860,513622596,cc-by-nc,https://inaturalist-open-data.s3.amazonaws.com/photos/513622596/large.jpg,58cf32452268e75e4c42779ede566df2ee95d491008031dafc4720ae0487031f,train
other,inaturalist,285759860,513622618,cc-by-nc,https://inaturalist-open-data.s3.amazonaws.com/photos/513622618/large.jpg,7098c2486207f4f555d3861959681432caddaf1b2592d8ebaba77466f93c4aa7,train
other,inaturalist,285759860,513622621,cc-by-nc,https://inaturalist-open-data.s3.amazonaws.com/photos/513622621/large.jpg,8097ec99cb8e1f38296212c60949d555690f91eadfecfbb6fde18417e64c0311,train
other,inaturalist,289228123,520197638,cc-by-nc,https://inaturalist-open-data.s3.amazonaws.com/photos/520197638/large.jpg,d10ca65aa5e5e3935d17500aac7669b8d4fe73275f1bf9e3eaa50704260dadfb,train
other,inaturalist,297577205,535932534,cc0,https://inaturalist-open-data.s3.amazonaws.com/photos/535932534/large.jpg,e342b5dfb1eb5ee84be3a7722f199000c350a85870b6aff3ad2143c435d84a0d,test
other,inaturalist,287516741,516982592,cc-by-nc,https://inaturalist-open-data.s3.amazonaws.com/photos/516982592/large.jpg,88418a545fc0c0aac63e2ac1651483808cd9197fd7059ad394f3b0b755f1690e,train
other,inaturalist,306524269,552786541,cc-by-nc,https://inaturalist-open-data.s3.amazonaws.com/photos/552786541/large.jpg,39f1ce266f86bd53ca7689266177c76ad86c6b9b7102c39dcca7ddad54cd6dfd,train
other,inaturalist,320392540,579273656,cc-by-nc,https://inaturalist-open-data.s3.amazonaws.com/photos/579273656/large.jpg,49d293d749677fe600e01ed009c66e3675a8f01a15504dbbf796b380de891fb2,train
other,inaturalist,320392540,579273663,cc-by-nc,https://inaturalist-open-data.s3.amazonaws.com/photos/579273663/large.jpg,832337303defd51c52bbde9b457f207a79b12085a0ccc8a300c855fc005922db,train
other,inaturalist,320392540,579273666,cc-by-nc,https://inaturalist-open-data.s3.amazonaws.com/photos/579273666/large.jpg,6b7f0464a51db273f2c21c4e75fd759f06c2102b197edfe8dceeb59577b77b84,train
other,inaturalist,309354836,558224801,cc-by-nc,https://inaturalist-open-data.s3.amazonaws.com/photos/558224801/large.jpg,2eb7d5c60a7d48cc76ce8294a6d5542bdef007b5f65f8cd37c1cb65593628f35,val
other,inaturalist,283719120,509820320,cc-by-nc,https://inaturalist-open-data.s3.amazonaws.com/photos/509820320/large.jpg,f190c3fa56b90043458dd9b81cebab0686d55c51d4975f546ea103d5b217c898,test
other,inaturalist,335500191,609494803,cc0,https://inaturalist-open-data.s3.amazonaws.com/photos/609494803/large.jpg,914675fc473982f70d00c86ee4ab8c8b68f26304d06318f66c3d6e8a2e2929c8,train
other,inaturalist,336799506,612116382,cc-by-nc,https://inaturalist-open-data.s3.amazonaws.com/photos/612116382/large.jpg,55444319d03dbdb54a3d96e4c972db94321b21f0ed66379323d21e1a934f7551,train
other,inaturalist,336799506,612116385,cc-by-nc,https://inaturalist-open-data.s3.amazonaws.com/photos/612116385/large.jpg,a0b1d11062264ca86df54b60a697fe0ed9553c149d648ee59acf854fa53605c3,train
other,inaturalist,336799506,612116379,cc-by-nc,https://inaturalist-open-data.s3.amazonaws.com/photos/612116379/large.jpg,385ebf14c005e09dd7011dd0ad605964edc2c6b41f69049bc7ce5c994971bfce,train
other,inaturalist,336799506,612116381,cc-by-nc,https://inaturalist-open-data.s3.amazonaws.com/photos/612116381/large.jpg,68a225c459d9884587827b62624f59fe2f371accf76239aae2c61879bd14dc18,train
other,inaturalist,334534984,607537008,cc-by-nc,https://inaturalist-open-data.s3.amazonaws.com/photos/607537008/large.jpg,97804efd9c114bede0af38722f074c4017606ce44ba7faa2df989e3638ff35e3,val
other,inaturalist,306819389,553343527,cc-by-nc,https://inaturalist-open-data.s3.amazonaws.com/photos/553343527/large.jpg,83cfd674784e9198f1b923a055fc7585fd58f42160a2bca1cb41265397a8e2ca,test
other,inaturalist,335331888,609158359,cc-by-nc,https://inaturalist-open-data.s3.amazonaws.com/photos/609158359/large.jpg,4fbc955de63139b3bf92691cc0bdebd7d00555044b60a60be4e12117815693e9,train
other,inaturalist,332575794,603596744,cc-by-nc,https://inaturalist-open-data.s3.amazonaws.com/photos/603596744/large.jpg,1dbee3193c41a79585cb34131d13d714e41ba3b4cb9bb41f2bcbdc3fdea125e9,train
other,inaturalist,309592170,558676528,cc-by-nc,https://inaturalist-open-data.s3.amazonaws.com/photos/558676528/large.jpg,3517797551f1aa945a9d12748c4370c5332ed0337d4da0efadd9375c0d6d046a,val
other,inaturalist,335999252,610494972,cc-by-nc,https://inaturalist-open-data.s3.amazonaws.com/photos/610494972/large.jpg,258dc2bf8d6f579c50e2cb26c3750cda9b282fbeb99ac667da254edf80fdcca1,test
other,inaturalist,335999252,610494965,cc-by-nc,https://inaturalist-open-data.s3.amazonaws.com/photos/610494965/large.jpg,90c2f12d83b72c5fee9c129fa85d91e459c71275154741dec3afc25f86286ecb,test
other,inaturalist,335999252,610494973,cc-by-nc,https://inaturalist-open-data.s3.amazonaws.com/photos/610494973/large.jpg,e2740b04a94ec1508b9807b23ab918f7bdddaee0a26d12d73eabd19843238703,test
other,inaturalist,336259835,611018237,cc-by-nc,https://inaturalist-open-data.s3.amazonaws.com/photos/611018237/large.jpg,cee4eb28ff2965aa949d5917b19ed4120ea7f6b2e9dc52845d0753857149ad75,train
other,inaturalist,338711683,616023891,cc0,https://inaturalist-open-data.s3.amazonaws.com/photos/616023891/large.jpg,1b592fb70e05a8ce117394b6909c6600e167757f22ce42038bf48adc6b053c55,train
other,inaturalist,332786991,604024148,cc-by,https://inaturalist-open-data.s3.amazonaws.com/photos/604024148/large.jpg,12612015df98ce040cfbb7fa7c5c5b2d64d59c504bc25a84d5addc986a2d99e1,train
other,inaturalist,332786991,604024187,cc-by,https://inaturalist-open-data.s3.amazonaws.com/photos/604024187/large.jpg,9d1ae9cca659674b9bf9de1b4ed27ad8e82055a69416ede4038152b86b143277,train
other,inaturalist,305623043,551064948,cc-by-nc,https://inaturalist-open-data.s3.amazonaws.com/photos/551064948/large.jpg,2d12a4e5db4057a026e24a6e4c5366c3aebf78683c942881a85b69bb6c43c10c,val
other,inaturalist,336823443,612162814,cc-by-nc,https://inaturalist-open-data.s3.amazonaws.com/photos/612162814/large.jpg,a5cf62062deb77ac543e895e966a33c3a6a108080a7cb9a060fefda92cf2e5e8,train
other,inaturalist,307703672,555050118,cc-by-nc,https://inaturalist-open-data.s3.amazonaws.com/photos/555050118/large.jpg,b30ab652d4cb83c31d284cd18fbb116f5e1244e024d645eab504e2212bc18d1c,train
other,inaturalist,317723550,574153820,cc-by-nc,https://inaturalist-open-data.s3.amazonaws.com/photos/574153820/large.jpg,b9970d483ab4c35e8d5eb578f847703984e73073cc4cc71fcead33457a560c4c,train
other,inaturalist,328080494,594435526,cc-by,https://inaturalist-open-data.s3.amazonaws.com/photos/594435526/large.jpg,5068cd2ed8cf59b2ce0b8802c6aacfd82101b674f7cc3175e318f98a55f9aceb,train
other,inaturalist,328080494,594435557,cc-by,https://inaturalist-open-data.s3.amazonaws.com/photos/594435557/large.jpg,c3941bb673438f2c0ff495f853216ca2050de4f901f34b83ef50a1e085874ef5,train
other,inaturalist,328080494,594435587,cc-by,https://inaturalist-open-data.s3.amazonaws.com/photos/594435587/large.jpg,dfb83b6d92091a0913220e474b01fa8056b2b22c0c111637cdb4fd218b1b5b86,train
other,inaturalist,320110024,578726057,cc-by-nc,https://inaturalist-open-data.s3.amazonaws.com/photos/578726057/large.jpg,a63448f6319d0c9efe14738ee863e82f3ed575ec1900c9c22e20737920e91631,val
other,inaturalist,336623093,611756320,cc-by-nc,https://inaturalist-open-data.s3.amazonaws.com/photos/611756320/large.jpg,55513e863130a77c4fdfa32dbebdaea4c730060da14ead8d1652a18a2a554998,train
other,inaturalist,336623093,611756321,cc-by-nc,https://inaturalist-open-data.s3.amazonaws.com/photos/611756321/large.jpg,b41c88d1640c0e4820344dd992807be639bef9d8786ae50e6016f7f384695438,train
other,inaturalist,336623093,611756324,cc-by-nc,https://inaturalist-open-data.s3.amazonaws.com/photos/611756324/large.jpg,883cef421f585cd77fdc90f7f1ba25a46855725a7a8592dcff8b3229b2265330,train
other,inaturalist,290653579,522887095,cc-by-nc,https://inaturalist-open-data.s3.amazonaws.com/photos/522887095/large.jpg,23d61cf28d12ef53ac7036285eada9d525a6ce2b9f7ac958af5a5e66c985c0d0,val
other,inaturalist,290653579,522887149,cc-by-nc,https://inaturalist-open-data.s3.amazonaws.com/photos/522887149/large.jpg,2bc6d8db9d952606a5388ae4d2bb29b7202b7e1c2fe8abbb5558b25577144fa2,val
other,inaturalist,337149622,612828650,cc-by-nc,https://inaturalist-open-data.s3.amazonaws.com/photos/612828650/large.jpg,ac2f294ed051eefc1daf14ebb2890de187c39af27d40eab51c1d1d4dc24bf938,test
other,inaturalist,333434085,605347237,cc-by-nc,https://inaturalist-open-data.s3.amazonaws.com/photos/605347237/large.jpg,48aa4c2b7915229c844bfbee41e400fb3ea67608e7a93d670c9214b3f910ff4d,train
other,inaturalist,273619396,492086959,cc-by-nc,https://inaturalist-open-data.s3.amazonaws.com/photos/492086959/large.png,9385f0b749c6729ab5dfd130586eb5c0de03b9ec445a0c92dbf0b137140aaa0c,train
other,inaturalist,307115496,553906202,cc-by-nc,https://inaturalist-open-data.s3.amazonaws.com/photos/553906202/large.jpg,eb77f5bbe480740be557d2123ffd9193af6098cd9effd0ce204bd0b4d22f7f60,train
other,inaturalist,254729949,456335683,cc-by-nc,https://inaturalist-open-data.s3.amazonaws.com/photos/456335683/large.jpeg,08f21de1e6af2f89a86aef35ffcbe2ea850b156b982dd991fec772706c0d540a,test
other,inaturalist,320035844,578576233,cc-by,https://inaturalist-open-data.s3.amazonaws.com/photos/578576233/large.jpg,f09f00e3e5caa35fd9922129826e726d18d58c32eef0ec414001a501a37b24d7,train
other,inaturalist,291631851,524718554,cc-by,https://inaturalist-open-data.s3.amazonaws.com/photos/524718554/large.jpg,1e6f9d838c3db741f5f304c7f703d1687ad9bdafad4a7e5f3325018e7f9951f0,train
other,inaturalist,333720592,605876289,cc-by-nc,https://inaturalist-open-data.s3.amazonaws.com/photos/605876289/large.jpg,d24b1e23136832b3eb6a74ef59383a05b21469f129828fc038062df5ffcb7801,train
other,inaturalist,333963385,606372626,cc-by,https://inaturalist-open-data.s3.amazonaws.com/photos/606372626/large.jpg,ffa22def68cf7522896ec976b2eaed28d79dc003a7b37eb5e93d355552345dc2,train
other,inaturalist,308770746,557099975,cc-by-nc,https://inaturalist-open-data.s3.amazonaws.com/photos/557099975/large.jpg,8c599231e40f809a48411f496afd05e0eaf7dd8269217b37412ac371f8945092,val
other,inaturalist,335607550,609710935,cc-by-nc,https://inaturalist-open-data.s3.amazonaws.com/photos/609710935/large.jpg,b0e610b71bc71d6cc80ff6a402d06c4ca5c2eba5bd1779e9dc41ce2798ace6f7,test
other,inaturalist,332996504,604457549,cc-by,https://inaturalist-open-data.s3.amazonaws.com/photos/604457549/large.jpg,5098221918aa8866dcf229a55df86f8f7e7a4eab37b79f95a5af4ccc1b506bb4,train
other,inaturalist,309489693,558474968,cc0,https://inaturalist-open-data.s3.amazonaws.com/photos/558474968/large.jpg,4524d857993cbc24eaf6e9c130e78f471782b3ac2506f738060fa2b74547d5c4,train
other,inaturalist,309489693,558474952,cc0,https://inaturalist-open-data.s3.amazonaws.com/photos/558474952/large.jpg,1308fa40c140c9d960c4ad7ff64a84893090fee4150da19080b193054cfe573a,train
other,inaturalist,338087964,614752486,cc-by-nc,https://inaturalist-open-data.s3.amazonaws.com/photos/614752486/large.jpg,fbd3b2680753b8ebb8521f5de19489aec808fbd4f99918daeb5d1d74e464b8a9,train
other,inaturalist,311761605,562812773,cc-by-nc,https://inaturalist-open-data.s3.amazonaws.com/photos/562812773/large.jpg,a9029c0b357188ee0f4bdc683a689af18b0d950096e8e5abffcdfe33a03b73d8,val
other,inaturalist,244902914,436930056,cc-by-nc,https://inaturalist-open-data.s3.amazonaws.com/photos/436930056/large.jpeg,b039adf010373a38319fdf98adc62ba98df6f76b98f69d733452d303d5a3cab0,test
other,inaturalist,337958253,614487437,cc-by-nc,https://inaturalist-open-data.s3.amazonaws.com/photos/614487437/large.jpg,c812d21c745a8cb372c3fe007495c7b19e210fd0273cb3d467fca90162b87f28,train
other,inaturalist,326898569,592137360,cc-by,https://inaturalist-open-data.s3.amazonaws.com/photos/592137360/large.jpg,b6c452cd3725ce854d6e0ed4aacf159b00798a83f238d6e5a315770e2ebfa4dc,train
other,inaturalist,326898569,592137376,cc-by,https://inaturalist-open-data.s3.amazonaws.com/photos/592137376/large.jpg,d932422fab9fac53d7f8563e5f255c03f824ce51f93d2efd0a3f4b208888ba27,train
other,inaturalist,320824523,580123291,cc-by,https://inaturalist-open-data.s3.amazonaws.com/photos/580123291/large.jpg,3d16c7911f4513c76c12d2990d069371e5be43d45d6503de683b5d1e064fba3e,train
other,inaturalist,320824523,580125969,cc-by,https://inaturalist-open-data.s3.amazonaws.com/photos/580125969/large.jpg,89603847600d2e27611fd0de1f4769403c61addd54b42639ea41148d3d38fef9,train
other,inaturalist,320824523,580125989,cc-by,https://inaturalist-open-data.s3.amazonaws.com/photos/580125989/large.jpg,8924620744698fdf4096ef05d00a89d90e158565c50c27701220077f354f270d,train
other,inaturalist,320824523,580126016,cc-by,https://inaturalist-open-data.s3.amazonaws.com/photos/580126016/large.jpg,198b9341c00c60292afe07253d04c0e580be2130a9ee4961cdbf0a93b554b1b9,train
other,inaturalist,336601451,611711658,cc-by-nc,https://inaturalist-open-data.s3.amazonaws.com/photos/611711658/large.jpg,6cea1fd82cda22e3b6f5e88071856629ad3c1da8a781761a73439c3efc5d0c0e,val
other,inaturalist,319147941,576879010,cc-by-nc,https://inaturalist-open-data.s3.amazonaws.com/photos/576879010/large.jpg,96ca2c7b73e9580c2421160f93179bf15e44b4159bf87399fd37ed51437eae2a,test
other,inaturalist,319147941,576879045,cc-by-nc,https://inaturalist-open-data.s3.amazonaws.com/photos/576879045/large.jpg,c0f7a98e74965c750c7fa7d05d90b56c71b4c298779662b290d98b8c0b10516f,test
other,inaturalist,335106706,608706005,cc-by-nc,https://inaturalist-open-data.s3.amazonaws.com/photos/608706005/large.jpg,0a09fed130815d34b1c870c15b8da0be7bd29369bf8d820bf36e9cf050f9fd2b,train
other,inaturalist,293512481,528287832,cc-by-nc,https://inaturalist-open-data.s3.amazonaws.com/photos/528287832/large.jpg,64f6329a8882b3f5094c6d12748e278de5b301df8d568e0b675959e21d889cfb,val
other,inaturalist,237238704,422181686,cc-by-nc,https://inaturalist-open-data.s3.amazonaws.com/photos/422181686/large.jpeg,716a8bb9b8d63f09dc76963b4a2685a05dd2f3cf424635f6866e8ff4e71bedf1,train
other,inaturalist,313080098,565346231,cc-by-nc,https://inaturalist-open-data.s3.amazonaws.com/photos/565346231/large.jpg,7eeff089396cebea977c106937ff75b22c3b3e546635ad6dd3f7b92c801710bf,train
other,inaturalist,313080098,565346230,cc-by-nc,https://inaturalist-open-data.s3.amazonaws.com/photos/565346230/large.jpg,5ed39c3475619833b4b55a9c2ca06aa0b771c210a827d54ce154b0aa5504d232,train
other,inaturalist,224133401,397208407,cc-by,https://inaturalist-open-data.s3.amazonaws.com/photos/397208407/large.jpg,3ca6ab490d7ae12a670931ccb45fbec21a14d821eacbfaf8cec999f34ba16165,train
other,inaturalist,224133401,397208431,cc-by,https://inaturalist-open-data.s3.amazonaws.com/photos/397208431/large.jpg,1254f7fda9d6650826d6e82d470ffd29457479f0614c05efdac0fae2c6dfc0ae,train
other,inaturalist,224133401,397208454,cc-by,https://inaturalist-open-data.s3.amazonaws.com/photos/397208454/large.jpg,5c2507aa3d2814e8066561840a7a98888ccb116f9dddecfd1afbfd9a09053447,train
other,inaturalist,302590991,545342146,cc-by-nc,https://inaturalist-open-data.s3.amazonaws.com/photos/545342146/large.jpg,463f9f9b1bd3546ad584ea74713379e3557d7886038d5f49adbeabe7a8dec07a,val
other,inaturalist,277838673,498878477,cc-by,https://inaturalist-open-data.s3.amazonaws.com/photos/498878477/large.jpeg,3dba96a692e9334646586f91a106fa854d09a6c13f9bbe3913ab631402378785,test
other,inaturalist,277838673,498878559,cc-by,https://inaturalist-open-data.s3.amazonaws.com/photos/498878559/large.jpeg,0fb4ec61c0cea56ec76547c8e445e6200f0887f5a0dd03e8f57e10d70adfef8f,test
other,inaturalist,336355626,611212422,cc-by-nc,https://inaturalist-open-data.s3.amazonaws.com/photos/611212422/large.jpg,cb03163915857edf86ef90f1ec1e1b2f8ca0377077305d019ffa6cbc593f6f33,train
other,inaturalist,333013390,604492824,cc-by-nc,https://inaturalist-open-data.s3.amazonaws.com/photos/604492824/large.jpg,1679eb851b304be7d0cac45145e41e04d84dd9ac0380858200ecac8eb1d08b6d,train
other,inaturalist,288492832,518818575,cc-by-nc,https://inaturalist-open-data.s3.amazonaws.com/photos/518818575/large.jpg,80f75f0af32cac2cbd7e6f4aabab7fb63646ebbc51479d9962b9fbf13f4932ea,val
other,inaturalist,306100210,551974194,cc-by-nc,https://inaturalist-open-data.s3.amazonaws.com/photos/551974194/large.jpg,f5a5570917be549d71f8cbd1c6a025589631817d21f9fd93e4dadd39e50550ab,train
other,inaturalist,306369365,552490614,cc-by-nc,https://inaturalist-open-data.s3.amazonaws.com/photos/552490614/large.jpg,517d404c260ac0cefebe9d2085654f0e969a2b6aa484b23df030a592c5438a7f,train
other,inaturalist,294833241,530720975,cc-by-nc,https://inaturalist-open-data.s3.amazonaws.com/photos/530720975/large.jpg,a5e08f525219136cce9610c66f9e350748d7e48a360a893385d79cb76ad451f3,train
other,inaturalist,294833241,530721000,cc-by-nc,https://inaturalist-open-data.s3.amazonaws.com/photos/530721000/large.jpg,082e5643e658ca57dc846aca2265c6e7b5f6bcf470b62d5beb9bad72c41594f2,train
other,inaturalist,294833241,530721035,cc-by-nc,https://inaturalist-open-data.s3.amazonaws.com/photos/530721035/large.jpg,a2b8b19e39f34c28293257ce003f8e4eff9af29b407ecee6a6e2db08763a4f3e,train
other,inaturalist,265472289,476847354,cc-by,https://inaturalist-open-data.s3.amazonaws.com/photos/476847354/large.jpg,62a7123e6dd1505f4dba6d8da5029450b7967448e75c4aa36719e44edb951753,val
other,inaturalist,265472289,476847360,cc-by,https://inaturalist-open-data.s3.amazonaws.com/photos/476847360/large.jpg,00d29055a86efbbb0208cc8ac3b8c5401cd4d709805ea861f7ed704512932f69,val
other,inaturalist,313565951,566270325,cc-by-nc,https://inaturalist-open-data.s3.amazonaws.com/photos/566270325/large.jpg,830c8b19254db0bf63cefc90dfb06d9bb3bf082e77d966b71f578b22d949176d,test
other,inaturalist,313565951,566271450,cc-by-nc,https://inaturalist-open-data.s3.amazonaws.com/photos/566271450/large.jpg,b94721281204bfddc87e0eb1b5feeb0ed0217c8e7fcd7d00dd03ce63948ce8be,test
other,inaturalist,313565951,566271445,cc-by-nc,https://inaturalist-open-data.s3.amazonaws.com/photos/566271445/large.jpg,804ab3b079f44b402a8f2ed647db0f8ea292daca6363f2ad94fdeae39f9a2f7c,test
other,inaturalist,313565951,566271444,cc-by-nc,https://inaturalist-open-data.s3.amazonaws.com/photos/566271444/large.jpg,0c84740f390d06e5d0abe6a2b6ac1ad9d983a7668398a1a327b7b0cb89b87941,test
other,inaturalist,313565951,566271471,cc-by-nc,https://inaturalist-open-data.s3.amazonaws.com/photos/566271471/large.jpg,c59cf6a97c705262da144df1deb78acd1f73d91c546c52c7877ea4fcf923f20c,test
other,inaturalist,313565951,566271490,cc-by-nc,https://inaturalist-open-data.s3.amazonaws.com/photos/566271490/large.jpg,af43652729b7d68c1b5830e4271ec0a3e717c14edb1915532cce25c2cc5594ac,test
other,inaturalist,313565951,566271491,cc-by-nc,https://inaturalist-open-data.s3.amazonaws.com/photos/566271491/large.jpg,1a111059ce9e4321e3a1bebf0c39a1654076e494f845976112801f5fc9be2873,test
other,inaturalist,292698796,526775412,cc-by-nc,https://inaturalist-open-data.s3.amazonaws.com/photos/526775412/large.jpg,5871a3d4f9cbf9c65ce7d31fb323c455a944dcde5bd1e7ed899cc80df2c735ab,train
other,inaturalist,314450338,567940218,cc-by-nc,https://inaturalist-open-data.s3.amazonaws.com/photos/567940218/large.jpg,104a90f4c5e225065a1df262271ae94b350c605be24cb35bb5337eb2df688e79,train
other,inaturalist,334323850,607106310,cc-by,https://inaturalist-open-data.s3.amazonaws.com/photos/607106310/large.jpg,fd1495ca8b5f3181966c3647bd21746ea6aa1feab85e4d61a6ed53b307fa5b77,train
other,inaturalist,320125628,578756442,cc-by-nc,https://inaturalist-open-data.s3.amazonaws.com/photos/578756442/large.jpg,b18a8366046bc2c5b933fffa7d039767378f75fcfe00673d016cf8579cdbccfe,train
other,inaturalist,337666453,613888833,cc-by-nc,https://inaturalist-open-data.s3.amazonaws.com/photos/613888833/large.jpg,2ccfcc565d395c5ddc3b492923b7976c7810fe26067c6f4dc0c8d1b863f6bf77,train
other,inaturalist,314289200,567654286,cc-by,https://inaturalist-open-data.s3.amazonaws.com/photos/567654286/large.jpg,a437d9ab6517047f351445f0d975efb4ee4871eacd7608d7ef5ef03f7cfe8e1a,train
other,inaturalist,296902611,534665508,cc-by-nc,https://inaturalist-open-data.s3.amazonaws.com/photos/534665508/large.jpg,b1f1b2a09077e8d45e65355d628bc1f8cdde234d1ba5ed2661685552dc9cd058,train
other,inaturalist,296902611,534665556,cc-by-nc,https://inaturalist-open-data.s3.amazonaws.com/photos/534665556/large.jpg,1d15ba86f14a420c1dc8e8ee73ac0fbd5ac0b3a30a1776a64f420a90299613ff,train
other,inaturalist,296902611,534665603,cc-by-nc,https://inaturalist-open-data.s3.amazonaws.com/photos/534665603/large.jpg,855eb9af3dcacd29c007dda563df69808604c12c4287fe09a24b70b9f7847d48,train
other,inaturalist,308815508,557186077,cc-by-nc,https://inaturalist-open-data.s3.amazonaws.com/photos/557186077/large.jpg,65f91bdf87256fb2f6e0b260ec410ef040132e909439d7bd17e040f46afcc84e,val
other,inaturalist,334528126,607522354,cc-by-nc,https://inaturalist-open-data.s3.amazonaws.com/photos/607522354/large.jpg,f2878cd25742896cc7bfb7dda0557b4de0ab8f3b05630264c2095533a69dcb12,train
other,inaturalist,320384298,579258701,cc-by-nc,https://inaturalist-open-data.s3.amazonaws.com/photos/579258701/large.jpg,0b83bbd1c8764da5a4974ba89ee9bab436c9dca7c38c9bdd19a4ce35bc5b6f48,train
other,inaturalist,332798140,604046318,cc-by-nc,https://inaturalist-open-data.s3.amazonaws.com/photos/604046318/large.jpg,a1f50576b3a15344737b50bcb65d561b4525ffa46ffa3e4cad964c30d60da619,val
other,inaturalist,332798140,604046378,cc-by-nc,https://inaturalist-open-data.s3.amazonaws.com/photos/604046378/large.jpg,e849472de3b3b4469d4ab53b326a99af27c5170aaa012fcdcae3eb6bd63f05ed,val
other,inaturalist,332798140,604046429,cc-by-nc,https://inaturalist-open-data.s3.amazonaws.com/photos/604046429/large.jpg,eae5f078c4964332fba350fc6f817ebfb6b582fef7379b944a43659ca56fbd00,val
other,inaturalist,332798140,604046432,cc-by-nc,https://inaturalist-open-data.s3.amazonaws.com/photos/604046432/large.jpg,be17221411e9d5e9c030661adafd5063f25d927126192726c24b697615e63ef7,val
other,inaturalist,312639418,564497466,cc-by-nc,https://inaturalist-open-data.s3.amazonaws.com/photos/564497466/large.jpg,11c211b5fab0cd68a88b24d95ef6a7640593014170a026db0581f317641ccb3e,train
other,inaturalist,336128522,610755911,cc-by-nc,https://inaturalist-open-data.s3.amazonaws.com/photos/610755911/large.jpg,2245c7eb4f9cd401877cd446bc4cecc2a8456bce9c9f1f844e9598ddd629cd87,train
other,inaturalist,309264677,558052441,cc-by-nc,https://inaturalist-open-data.s3.amazonaws.com/photos/558052441/large.jpg,b4660fafcd1dbba5572bc875699abfe40bd0ac984411d49eb804ff13466860ba,train
other,inaturalist,332771708,603992947,cc-by,https://inaturalist-open-data.s3.amazonaws.com/photos/603992947/large.jpg,af766343fa9067710feb13a032d1b41b0eb3baf6c459ab98ea7a163d221f4150,train
other,inaturalist,332771708,603992975,cc-by,https://inaturalist-open-data.s3.amazonaws.com/photos/603992975/large.jpg,8222b989b401f8b489983a4c85ab79a351a9c7bc54adc113cab78865603f6221,train
other,inaturalist,332771708,603993013,cc-by,https://inaturalist-open-data.s3.amazonaws.com/photos/603993013/large.jpg,7df520becef2b92204ec1de70d06ff9e331019a53d73572b37c661049c4ea560,train
other,inaturalist,334241938,606938911,cc-by,https://inaturalist-open-data.s3.amazonaws.com/photos/606938911/large.jpg,86ce33cfb5e8a750f8ab772ba9384e1de08c24213fbd409deb8041149e0cd2eb,train
other,inaturalist,334241938,606938909,cc-by,https://inaturalist-open-data.s3.amazonaws.com/photos/606938909/large.jpg,516196c9dcf2d63cd2f870ccb6f5ae3140a68f8737fc430e1f2782ffcf7e1b94,train
other,inaturalist,334850440,608178765,cc-by-nc,https://inaturalist-open-data.s3.amazonaws.com/photos/608178765/large.jpg,29945647353165062afec43c9751636008aa818ba30a0d6dee03ac1295c4a545,train
other,inaturalist,334850440,608178770,cc-by-nc,https://inaturalist-open-data.s3.amazonaws.com/photos/608178770/large.jpg,86da100c815bdfb73af31d90408ca600e0e6262c1845b0d3d930e95c052e3f2b,train
other,inaturalist,337188655,612908393,cc-by-nc,https://inaturalist-open-data.s3.amazonaws.com/photos/612908393/large.jpg,08c2675101a778ce6aab54ac3060e62fd204177eadc89a5f24dd9cf479d0d125,train
other,inaturalist,337188655,612908402,cc-by-nc,https://inaturalist-open-data.s3.amazonaws.com/photos/612908402/large.jpg,113e5e159e47b3f31f35a16ef5631e3a2d2ce180d7dec470d4e30b0fcdb7c1ae,train
other,inaturalist,337188655,612908412,cc-by-nc,https://inaturalist-open-data.s3.amazonaws.com/photos/612908412/large.jpg,319ee1e71947141632c459731c4a7f7648ce473fb25a9a0165d9aa4d220945d9,train
other,inaturalist,337188655,612908423,cc-by-nc,https://inaturalist-open-data.s3.amazonaws.com/photos/612908423/large.jpg,3f69b7999728e3ebf2a24918907d1b7726aea5e83774dc8882eef4bdcb30bc83,train
other,inaturalist,337188655,612908429,cc-by-nc,https://inaturalist-open-data.s3.amazonaws.com/photos/612908429/large.jpg,a05822b66f1312289740cca163aba7093ca6699ad954a4f7a113d63e908d2813,train
other,inaturalist,338570335,615748904,cc-by-nc,https://inaturalist-open-data.s3.amazonaws.com/photos/615748904/large.jpg,6abab2ac09d74920054f41c13eadd513128051e26d561a4bc80396757ba34579,train
other,inaturalist,332603265,603651467,cc-by-nc,https://inaturalist-open-data.s3.amazonaws.com/photos/603651467/large.jpg,7ff0d0957a17d9a7361f895f6c9afc674e175cdd4bf9e6892afa4526b1cb20dd,val
other,inaturalist,332603265,603651490,cc-by-nc,https://inaturalist-open-data.s3.amazonaws.com/photos/603651490/large.jpg,6e67adcd32138ef90b0510781dc86b5b26141b51fbb628a72c1c3c58f11d846c,val
other,inaturalist,332603265,603651488,cc-by-nc,https://inaturalist-open-data.s3.amazonaws.com/photos/603651488/large.jpg,ff39dc4e11a439d2a0000c71407cbb55f1bf873db1ef90ab403372cc04b8e2b9,val
other,inaturalist,332603265,603651492,cc-by-nc,https://inaturalist-open-data.s3.amazonaws.com/photos/603651492/large.jpg,2b62112404976c943491cdb80bda54000764203592987eff25eaa751ca94ff09,val
other,inaturalist,337795161,614153468,cc-by-nc,https://inaturalist-open-data.s3.amazonaws.com/photos/614153468/large.jpg,293b6d88ecd59de6d91f9f1a84f657186079d25e3dc43bf81b1b35caf8549744,test
other,inaturalist,333626357,605687208,cc-by-nc,https://inaturalist-open-data.s3.amazonaws.com/photos/605687208/large.jpg,964d4bf860382f0d70096bc523a8ab49e5269ebf4e3c3af0174d2d6b85ea729e,train
other,inaturalist,333626357,605687240,cc-by-nc,https://inaturalist-open-data.s3.amazonaws.com/photos/605687240/large.jpg,f9d1a532a06acaf6cc4a95768544344bdd3a26aaff8bbd3c52fa6e9043d4368d,train
other,inaturalist,333626357,605687958,cc-by-nc,https://inaturalist-open-data.s3.amazonaws.com/photos/605687958/large.jpg,8011971bee892b40af241303c703d850184353d7ed1edfa77f7f08c1e783d743,train
other,inaturalist,333626357,606483178,cc-by-nc,https://inaturalist-open-data.s3.amazonaws.com/photos/606483178/large.jpg,2d4c7a1c8daff69b7393cec6427235084281aa2fb686e47de6dac87c483cbf46,train
other,inaturalist,333626357,606483184,cc-by-nc,https://inaturalist-open-data.s3.amazonaws.com/photos/606483184/large.jpg,fe0abeb090c49fd088975f1b038687af0f180ed62000a86749f10d52ba4c0fcc,train
other,inaturalist,323693215,585742117,cc-by-nc,https://inaturalist-open-data.s3.amazonaws.com/photos/585742117/large.jpg,6656ae2ed4a2e1bda7a670ace09b77403d663007b68205c9481249f8c6488f09,test
other,inaturalist,323693215,585742150,cc-by-nc,https://inaturalist-open-data.s3.amazonaws.com/photos/585742150/large.jpg,5a753d29247474a001f334213790b5936b540b53b93c72ef02995866e6dc65ee,test
other,inaturalist,320784581,580044442,cc-by-nc,https://inaturalist-open-data.s3.amazonaws.com/photos/580044442/large.jpg,ae693b9da44e0d05cf3b1e68fd9aba70469a67625a3a48e5b291e18552126cff,train
other,inaturalist,328041583,594358348,cc-by-nc,https://inaturalist-open-data.s3.amazonaws.com/photos/594358348/large.jpg,b4ddc0feb2ab61fd039b6900c959233ecb7d1d9010792bdc16f1996d79cc7614,train
other,inaturalist,328041583,594358452,cc-by-nc,https://inaturalist-open-data.s3.amazonaws.com/photos/594358452/large.jpg,2e891dde282489dc1b5bc3a32bfc4d4716d2cb067180414acca7b4f3a4692407,train
other,inaturalist,269592718,484748881,cc-by-nc,https://inaturalist-open-data.s3.amazonaws.com/photos/484748881/large.jpeg,7f9ceee281a3b3bbf5427685914c3571faa0633987d064fb3d03cb3141f213fd,train
other,inaturalist,322311474,583024834,cc-by-nc,https://inaturalist-open-data.s3.amazonaws.com/photos/583024834/large.jpg,9b435408d1c403c70405c960306bffd1ac73a62cc8489afe7082a1b4e55d33a8,train
other,inaturalist,322311474,583025596,cc-by-nc,https://inaturalist-open-data.s3.amazonaws.com/photos/583025596/large.jpg,0469ededf96a27f7d13022c443e823b81ee920f06cad5ba38ecf47edc4b1c0e3,train
other,inaturalist,304573104,549066498,cc-by-nc,https://inaturalist-open-data.s3.amazonaws.com/photos/549066498/large.jpg,3272a8a2b23290f9a3479b1bfb4aaf408e46af481ea5f07217b0d5908a148acb,train
other,inaturalist,304573104,549066827,cc-by-nc,https://inaturalist-open-data.s3.amazonaws.com/photos/549066827/large.jpg,e5fb3ff9d727dddb0f3af96b476467a58ea28384a801af5dc74e0a33f9e7bcc3,train
other,inaturalist,304573104,549066759,cc-by-nc,https://inaturalist-open-data.s3.amazonaws.com/photos/549066759/large.jpg,817316e806934e56ea6e013a27be38e777d3bb4c6730a5671d065fed1450d86e,train
other,inaturalist,330516882,599359909,cc-by-nc,https://inaturalist-open-data.s3.amazonaws.com/photos/599359909/large.jpg,c4758ccaa1a97e906c7e8428be1098ccca45fa37047bb5b1e022bf45019de236,test
other,inaturalist,336618296,611747648,cc-by-nc,https://inaturalist-open-data.s3.amazonaws.com/photos/611747648/large.jpg,25ca5b9512595c4dfc6496d484e9a750eeb48e8b1cce3d7718c774989ce9bd7e,train
other,inaturalist,271794978,488927881,cc-by,https://inaturalist-open-data.s3.amazonaws.com/photos/488927881/large.jpeg,2f163edb4b25eb5d92ad3422ac7d23d0d5a1b3c8409b69465a12a328f1348c42,train
other,inaturalist,329686810,597663641,cc-by,https://inaturalist-open-data.s3.amazonaws.com/photos/597663641/large.jpg,ada46f5f5683ab45d1cfce165b55ceddb1855c4d8cf0b6de4640d74c8064795d,val
other,inaturalist,329686810,597663658,cc-by,https://inaturalist-open-data.s3.amazonaws.com/photos/597663658/large.jpg,515125d6e9fee8d9e4359dd03ae1203f48eb2ceab091b3afd8b2de0081e89270,val
other,inaturalist,335492224,609478654,cc-by-nc,https://inaturalist-open-data.s3.amazonaws.com/photos/609478654/large.jpg,8761e5b100db0fd8de70100c18e58f68d98ac4ff19f16c83ce823680c771e3aa,test
other,inaturalist,335492224,609478675,cc-by-nc,https://inaturalist-open-data.s3.amazonaws.com/photos/609478675/large.jpg,70a69d187a0095b531ab34a6d5a45738d0b23d198a902d65adf6ed9529d1b677,test
other,inaturalist,335492224,609478697,cc-by-nc,https://inaturalist-open-data.s3.amazonaws.com/photos/609478697/large.jpg,064893b1f840a05d0f4403a038ae701e069622a7dce82d6d13806fe5f025f731,test
other,inaturalist,335492224,609478719,cc-by-nc,https://inaturalist-open-data.s3.amazonaws.com/photos/609478719/large.jpg,c4a2b9a12d16e1a09513e727de0259a88ffa93f46135cea3ab5b3d1c8c34b88b,test
other,inaturalist,335064269,608633667,cc-by-nc,https://inaturalist-open-data.s3.amazonaws.com/photos/608633667/large.jpg,f232fe77cddbe51c8f9bcad8dfd1f76b4bb26ab4590ad54c9fce7ad2da111db0,train
other,inaturalist,337002637,612505136,cc0,https://inaturalist-open-data.s3.amazonaws.com/photos/612505136/large.jpg,2c8b560752727a06c08f9d4ef48d116e9cd02c0a7c105d0b38d5c9cc78567d5d,train
other,inaturalist,337002637,612505414,cc0,https://inaturalist-open-data.s3.amazonaws.com/photos/612505414/large.jpg,46ff3ae5cbd2080294c40292c265ab949444e3487c5376c941c171c1c6b25e50,train
other,inaturalist,308015151,555652009,cc-by-nc,https://inaturalist-open-data.s3.amazonaws.com/photos/555652009/large.jpg,3766a6db0736122e5630eedae205336608ff68a932245fb1437ec0de9b33d665,train
other,inaturalist,335734013,609969176,cc-by-nc,https://inaturalist-open-data.s3.amazonaws.com/photos/609969176/large.jpg,76c6b42e5b05d888d3f4b4e689de7d8d97d20795116fdd78691748e5574ae531,train
other,inaturalist,335734013,609969255,cc-by-nc,https://inaturalist-open-data.s3.amazonaws.com/photos/609969255/large.jpg,dee9a7a86f709e5a7ec0d7680973d7bdd22643fcdd19e169b7625edec266d550,train
other,inaturalist,335734013,609969292,cc-by-nc,https://inaturalist-open-data.s3.amazonaws.com/photos/609969292/large.jpg,cb9786dc73ed0dcacfc29e2184ec6742c9d8dae4fa430c1e183fd33f168b5a24,train
other,inaturalist,304903941,549705179,cc-by-nc,https://inaturalist-open-data.s3.amazonaws.com/photos/549705179/large.jpg,545cf7459c578d5bbd99d7879320956769d3d9464f97e7cfa11e2cd949444484,train
other,inaturalist,275464651,494986268,cc-by-nc,https://inaturalist-open-data.s3.amazonaws.com/photos/494986268/large.png,11b4c50dc808cb96cdc7ddd97784ff50b6addeb214d1f38c24998f4bf0daa814,val
other,inaturalist,318867774,576345339,cc-by-nc,https://inaturalist-open-data.s3.amazonaws.com/photos/576345339/large.jpg,9d4f81cf77dbc22d84a92c084512982160ae1aaeff3de1784eb257813ab36af0,train
other,inaturalist,331970383,602350059,cc-by-nc,https://inaturalist-open-data.s3.amazonaws.com/photos/602350059/large.jpg,d2d3d31c87d871e18248ac8e6b6911ca582253a623048ab96846568c0010b37e,train
other,inaturalist,331970383,602350058,cc-by-nc,https://inaturalist-open-data.s3.amazonaws.com/photos/602350058/large.jpg,40fb09b93d0a521b00143055433cf063529d09149bca39f100e735b1d288d8b7,train
other,inaturalist,297009565,534860754,cc-by-nc,https://inaturalist-open-data.s3.amazonaws.com/photos/534860754/large.jpg,c7d103284d162df926360ff6fc78b17b49193ed84796d6a31467df4bef4641a7,train
other,inaturalist,297009565,534860840,cc-by-nc,https://inaturalist-open-data.s3.amazonaws.com/photos/534860840/large.jpg,fb1ae636ff67c16033d3b88e6e4564a79b5d0b28edb6e478558f24d568abd7e1,train
other,inaturalist,297009565,534860860,cc-by-nc,https://inaturalist-open-data.s3.amazonaws.com/photos/534860860/large.jpg,8154deb3bea0ae246efd1008b7ca578662a91bf5b9fede09f97ae13807fae610,train
other,inaturalist,329047152,596381134,cc-by,https://inaturalist-open-data.s3.amazonaws.com/photos/596381134/large.jpg,c589ae0e4e0de9a5b1e69915d615a7def1fbc3b7ec970b957f338c13b3fdb804,val
other,inaturalist,288588853,518998550,cc-by-nc,https://inaturalist-open-data.s3.amazonaws.com/photos/518998550/large.jpg,f1784912419980d42389ac42af01098bbddaba1d7799d2c81a1b11ed79c621b3,train
other,inaturalist,316149214,571164483,cc-by-nc,https://inaturalist-open-data.s3.amazonaws.com/photos/571164483/large.jpg,a6c969e543c37fd96b71fe6da5ee29d513fadb48f4cbc13aac131a95569cc0be,train
other,inaturalist,316322417,571501803,cc-by-nc,https://inaturalist-open-data.s3.amazonaws.com/photos/571501803/large.jpg,48d997fb52af497ba8160ce2c01ff9a02bbc926d707fd1decaf9836eeb0da5b3,val
other,inaturalist,316322417,571501887,cc-by-nc,https://inaturalist-open-data.s3.amazonaws.com/photos/571501887/large.jpg,0de7a9b03ea7dbd45d82adbd3a93729a2f87d5eb8029b9985dbc4e0e1a6e1e22,val
other,inaturalist,316322417,571501881,cc-by-nc,https://inaturalist-open-data.s3.amazonaws.com/photos/571501881/large.jpg,2ed425a1cefe8613bb92a99e9c45933c191c85344feed963e000f5c5fc4ac76e,val
other,inaturalist,316322417,571501883,cc-by-nc,https://inaturalist-open-data.s3.amazonaws.com/photos/571501883/large.jpg,a05bf42aae62a77920558932ebe3a7254fede7c5f058f9918980a46e1b65490c,val
other,inaturalist,328921664,596130878,cc-by-nc,https://inaturalist-open-data.s3.amazonaws.com/photos/596130878/large.jpg,8a2fac3efd0e4752bf117349925f5cc864027a9fdf672b503d8a3428b63c9f49,test
other,inaturalist,328921664,596132851,cc-by-nc,https://inaturalist-open-data.s3.amazonaws.com/photos/596132851/large.jpg,d4493e2b137173daaf637488e58415622abe6feec86410f0e20a6c1fa4117474,test
other,inaturalist,328921664,596130850,cc-by-nc,https://inaturalist-open-data.s3.amazonaws.com/photos/596130850/large.jpg,cf66f971c38d4fb3accb797826ab9b77119ed3694f7ad4bb5d9f55a36b7a6cf6,test
other,inaturalist,328921664,596130883,cc-by-nc,https://inaturalist-open-data.s3.amazonaws.com/photos/596130883/large.jpg,13ae9958558b6668421a050e63bf45653ab900b3d96136ec5212cfde9a4c4559,test
other,inaturalist,328921664,596130816,cc-by-nc,https://inaturalist-open-data.s3.amazonaws.com/photos/596130816/large.jpg,c6e2e195425b5f20ffd6d8ff3442e673b726ded0291bd728582da4b904c49ff6,test
other,inaturalist,328921664,596130868,cc-by-nc,https://inaturalist-open-data.s3.amazonaws.com/photos/596130868/large.jpg,f5f65158a942686a394625ca1c5e5157776b27b505bb925665b4bee951367dff,test
other,inaturalist,328921664,596130852,cc-by-nc,https://inaturalist-open-data.s3.amazonaws.com/photos/596130852/large.jpg,922fd5784ffb54711889b1ed976d4aff58d3c5d1c75b73872c50b95bf000b712,test
other,inaturalist,328921664,596130854,cc-by-nc,https://inaturalist-open-data.s3.amazonaws.com/photos/596130854/large.jpg,f6dd31a1a9554f34222850497a2a01d3e02ef5ab8c0e95a3c3e582c5ae30294c,test
other,inaturalist,326971891,592282763,cc-by-nc,https://inaturalist-open-data.s3.amazonaws.com/photos/592282763/large.jpg,92d0613363f9c867891b350ff93de28636a7ee06405ec47ded01c9eeb4457b04,train
other,inaturalist,295069072,531164765,cc-by-nc,https://inaturalist-open-data.s3.amazonaws.com/photos/531164765/large.jpg,364ccfe9b8cdaf0f65d597823f6b7e6ba970179da99b0b201ef5d1fb35e96aaf,train
other,inaturalist,333146528,604764294,cc-by-nc,https://inaturalist-open-data.s3.amazonaws.com/photos/604764294/large.jpg,ae0249e75492c8271d5b45ecabcac273f226e5328f5d8c171f77d07bf7161f24,train
other,inaturalist,335345760,609185285,cc-by-nc,https://inaturalist-open-data.s3.amazonaws.com/photos/609185285/large.jpg,7a6ea7172cf5640a146b9832c18c503176a29fd463af44479b156d49e4450799,train
other,inaturalist,333008553,604482625,cc-by-nc,https://inaturalist-open-data.s3.amazonaws.com/photos/604482625/large.jpg,2703d93d9d67deb89e979617107185340de4e480ef4ac7fe209fd7357dc7976d,train
other,inaturalist,312547495,564317006,cc-by-nc,https://inaturalist-open-data.s3.amazonaws.com/photos/564317006/large.jpg,2d8434cf42cb051bf57d60e15920f2165329eb1e359d2dbb6a49284619706c78,train
other,inaturalist,312547495,564317089,cc-by-nc,https://inaturalist-open-data.s3.amazonaws.com/photos/564317089/large.jpg,472812e86abedf19c2ec6b1c245af662307569bf8656a1aea4e0240ca19f9ad8,train
other,inaturalist,312547495,564317177,cc-by-nc,https://inaturalist-open-data.s3.amazonaws.com/photos/564317177/large.jpg,1efccbdcd94f6f3cb1dd578af71c0f4a99c37630f0e04ab461dbaa36efff8f02,train
other,inaturalist,334654495,607776969,cc-by-nc,https://inaturalist-open-data.s3.amazonaws.com/photos/607776969/large.jpg,65e5da5b32e0a06bb579da5db1fb96b49000a0277d11755979ad55c4e411df8c,train
other,inaturalist,332785930,604021969,cc-by-nc,https://inaturalist-open-data.s3.amazonaws.com/photos/604021969/large.jpg,e8d16e771d1d7f20ce9599f3c777cd796eae4a37ab41b407855fc974f58a648b,train
other,inaturalist,337449856,613444929,cc-by-nc,https://inaturalist-open-data.s3.amazonaws.com/photos/613444929/large.jpg,b5edac2d24d35f32f97f5b10db31af2b5651484a2f38af4caaa853ddf4fbe3cd,train
other,inaturalist,273361265,491665597,cc-by-nc,https://inaturalist-open-data.s3.amazonaws.com/photos/491665597/large.jpeg,29a4f792ba74016cd1266c6a297f58ed6dbb342f9baade1a682805b0122656a1,train
other,inaturalist,301038585,542445223,cc-by-nc,https://inaturalist-open-data.s3.amazonaws.com/photos/542445223/large.jpg,86e1950568d8c699d24b81ca09ba49b480b4e9fd221b7a82db2148ebc0a4bbf9,train
other,inaturalist,301038585,542445270,cc-by-nc,https://inaturalist-open-data.s3.amazonaws.com/photos/542445270/large.jpg,9723a24fb6bb95b62235e0093e1f00d82ecff8fad4e2a932dff9ab7dcb924895,train
other,inaturalist,301038585,542445315,cc-by-nc,https://inaturalist-open-data.s3.amazonaws.com/photos/542445315/large.jpg,a4b4f04aec061606ddc2d40fac23ec7d13224bc57306ca291c5b3eaf22097da0,train
other,inaturalist,277175342,497707639,cc-by-nc,https://inaturalist-open-data.s3.amazonaws.com/photos/497707639/large.jpg,b57537dce2ea388fb74d0548bb4edf4cbf3bffb8da8b318416ff16da1de2fcc8,train
other,inaturalist,277175342,497707673,cc-by-nc,https://inaturalist-open-data.s3.amazonaws.com/photos/497707673/large.jpg,2449a15f22ccad6eaca1ba65672b2e3307bf58436092076dd4aa59f0ff25383f,train
other,inaturalist,289192308,520128270,cc-by-nc,https://inaturalist-open-data.s3.amazonaws.com/photos/520128270/large.jpg,f1ca1bb1a6f32ca848049eaa41e47e92f6c0a5be9469101e2963d6121f5000a1,val
other,inaturalist,289192308,520128297,cc-by-nc,https://inaturalist-open-data.s3.amazonaws.com/photos/520128297/large.jpg,efe1d553a529c574e849a810c59821cfcfaa78c09bd82dabf0e2c64d5d427b2b,val
other,inaturalist,318691408,576005973,cc-by,https://inaturalist-open-data.s3.amazonaws.com/photos/576005973/large.jpg,2a4ccfe2c6351d44b3781d73ae8fca60f1da4a05978a2999197f4fb6900799c9,train
other,inaturalist,339154733,616902841,cc-by-nc,https://inaturalist-open-data.s3.amazonaws.com/photos/616902841/large.jpg,499b416d373dda62051b8b04f2efd8b0c0eade91d686964be85a056c434e40a6,train
other,inaturalist,309572954,558640346,cc-by-nc,https://inaturalist-open-data.s3.amazonaws.com/photos/558640346/large.jpg,da21b99536678a7cd8fd6bd3da5fffd93bc0f0799800f7c48c43b41d6c5da1bb,train
other,inaturalist,283748849,509874418,cc-by-nc,https://inaturalist-open-data.s3.amazonaws.com/photos/509874418/large.jpg,b58374bd8d4b73df41e6bd0a5904d3ca224f8199af6558df2a07f65a4a6cc6ad,train
other,inaturalist,336736360,611986393,cc-by-nc,https://inaturalist-open-data.s3.amazonaws.com/photos/611986393/large.jpg,16b999700ab8a7e040c3e8b046984e69aa302ab337447d052656e1f7b35b8d63,train
other,inaturalist,306543354,552842843,cc-by-nc,https://inaturalist-open-data.s3.amazonaws.com/photos/552842843/large.jpg,8150d6937b315e66f81559e85555ef9cccdde463d44c71ce2057519e2564192b,train
other,inaturalist,331988914,602389228,cc-by-nc,https://inaturalist-open-data.s3.amazonaws.com/photos/602389228/large.jpg,e454c4c6b17dad46dfe9ccfabb51e1461dd08483faafa3ac62399084fdf1e08a,train
other,inaturalist,332185719,602795369,cc-by,https://inaturalist-open-data.s3.amazonaws.com/photos/602795369/large.jpg,f57f239f672216868944f20a0e5e61ba282e0d4425a5e070290e6bd15af2fcf8,val
other,inaturalist,293056598,527439059,cc-by-nc,https://inaturalist-open-data.s3.amazonaws.com/photos/527439059/large.jpg,7f95e69348c5b9c92dab531536c9cf8ad2b3bed9347c14d03486ed1efb6f2144,train
other,inaturalist,293056598,527439106,cc-by-nc,https://inaturalist-open-data.s3.amazonaws.com/photos/527439106/large.jpg,2d54213168206f9066a4f7e3a3d79d0fd7707abaa097435ea65056706c95567e,train
other,inaturalist,305094866,550061966,cc0,https://inaturalist-open-data.s3.amazonaws.com/photos/550061966/large.jpg,2375f39cf6225e75fc58f5940544083ae2c740692747a65d77dfbcb75ed72939,train
other,inaturalist,305094866,550062454,cc0,https://inaturalist-open-data.s3.amazonaws.com/photos/550062454/large.jpg,5080e6edd3ae26121e884d0f10c6a245b05a46b30aeed9da360e9082ffc2a7a5,train
other,inaturalist,305094866,550062456,cc0,https://inaturalist-open-data.s3.amazonaws.com/photos/550062456/large.jpg,10b80a5cb483424964b86261dc17c75b3a3cf5a0dc14b50daad29c58920cfe76,train
other,inaturalist,305094866,550062458,cc0,https://inaturalist-open-data.s3.amazonaws.com/photos/550062458/large.jpg,b87ff0da2226ea776ba35add946129e89ba8b5b535a2f8c1a07fdd133c1d9640,train
other,inaturalist,334816450,608106864,cc-by-nc,https://inaturalist-open-data.s3.amazonaws.com/photos/608106864/large.jpg,2319e872045966b94299d1b2ee442f308e78c51d26bd0cc3e0be317566c27eed,val
other,inaturalist,325749288,589839532,cc-by-nc,https://inaturalist-open-data.s3.amazonaws.com/photos/589839532/large.jpg,f7160aefafe23e30a90d47c3e2d072b1aeedf0d97eb22917e939b622786a9096,train
other,inaturalist,325749288,589839526,cc-by-nc,https://inaturalist-open-data.s3.amazonaws.com/photos/589839526/large.jpg,dee82bd58539a1b34d8f2837c532f6407f3811c48cfde5191505956bfb42d4d8,train
other,inaturalist,334765662,608001239,cc-by-nc,https://inaturalist-open-data.s3.amazonaws.com/photos/608001239/large.jpg,fb40080bc718402b0797a041c3111e07cf36ce13d3f1a5e057664d421e1b549f,val
other,inaturalist,277172512,497682076,cc-by,https://inaturalist-open-data.s3.amazonaws.com/photos/497682076/large.jpeg,945dae409e69988507c0fa7ae802e3a68be9892dee4a425842ac7ea99afee2d3,test
other,inaturalist,291835652,525093715,cc-by-nc,https://inaturalist-open-data.s3.amazonaws.com/photos/525093715/large.jpg,ee01fe30a139ef0c49189ff45da1d7e0efdfd818bf04861dfd11abba2cb60ec9,train
other,inaturalist,327131671,592594372,cc-by-nc,https://inaturalist-open-data.s3.amazonaws.com/photos/592594372/large.jpg,9c0c56b059b9a616b1c44bd9dbfc8df53551f7b4713930587f9334c2cdb1ba83,train
other,inaturalist,338186669,614953234,cc-by-nc,https://inaturalist-open-data.s3.amazonaws.com/photos/614953234/large.jpg,e3c7a625b104a89928543a490a7559ef8456f6f35ed3525ed5428b2fcea14cce,train
other,inaturalist,338186669,614953233,cc-by-nc,https://inaturalist-open-data.s3.amazonaws.com/photos/614953233/large.jpg,391015cc9bb9d2fca41c6b6c6985eaab73df69683c9194d734274a861a233d75,train
other,inaturalist,257728159,462375765,cc-by-nc,https://inaturalist-open-data.s3.amazonaws.com/photos/462375765/large.jpg,b43f8e64cee963065ad89154304ec2d5b4b38cf131bfbc2bc91709728ef125aa,val
other,inaturalist,320686372,579847044,cc-by-nc,https://inaturalist-open-data.s3.amazonaws.com/photos/579847044/large.jpg,4288a6c7da6ab3433b3e7a921cb1f87b89b1072405aa1b637c05c39c98e239c7,test
other,inaturalist,320686372,579847070,cc-by-nc,https://inaturalist-open-data.s3.amazonaws.com/photos/579847070/large.jpg,555a9d89609975924d5cc3d17da8b6cfe68e241ef10da0f65a77c93ff5459d33,test
other,inaturalist,320686372,579847104,cc-by-nc,https://inaturalist-open-data.s3.amazonaws.com/photos/579847104/large.jpg,7fd324d3dd536fcf8211af0c79656ec24c0105c5522c129a65fa53cebac7a7bc,test
other,inaturalist,320686372,579847117,cc-by-nc,https://inaturalist-open-data.s3.amazonaws.com/photos/579847117/large.jpg,4988fb8f8e838da638e70b5e048cba845fcd400fc579e8bed33a579fc8934632,test
other,inaturalist,320686372,579847157,cc-by-nc,https://inaturalist-open-data.s3.amazonaws.com/photos/579847157/large.jpg,623ffe425924eb9fcd474af664c13272005d14584e64de3d33248ae783d31e8e,test
other,inaturalist,327112029,592558983,cc-by-nc,https://inaturalist-open-data.s3.amazonaws.com/photos/592558983/large.jpg,6c99cb80926314630689a67b38915bdf4c9190106a8fcc02d401d4a461716455,train
other,inaturalist,281733925,506125428,cc-by-nc,https://inaturalist-open-data.s3.amazonaws.com/photos/506125428/large.jpg,76aad67cc3311d74a692c8113e66658498bbae8c33e91197c11bb6d72f62394a,train
other,inaturalist,281733925,506125451,cc-by-nc,https://inaturalist-open-data.s3.amazonaws.com/photos/506125451/large.jpg,eac240dc3e352fb8c7acb230307d82558773f0c5fcbb34c61a135f556d943e65,train
other,inaturalist,338305076,615197031,cc-by-nc,https://inaturalist-open-data.s3.amazonaws.com/photos/615197031/large.jpg,c02ad25d702b0065417941d75889d9d77ebcb2709db0c0e2c7a37a7a6a478da2,train
other,inaturalist,338305076,615196973,cc-by-nc,https://inaturalist-open-data.s3.amazonaws.com/photos/615196973/large.jpg,e367c7f1d98436357b9c45849b7981b234354c8be08fda82ac0381e2774b07ab,train
other,inaturalist,338305076,615196970,cc-by-nc,https://inaturalist-open-data.s3.amazonaws.com/photos/615196970/large.jpg,652bfb77cff028cdad21733eefd9cb2efb853e01a0322f1bcbdb9c2b465b9476,train
other,inaturalist,338305076,615197021,cc-by-nc,https://inaturalist-open-data.s3.amazonaws.com/photos/615197021/large.jpg,e8a32e7a8891668daf308b89cbfdcc67055b95bc6716dab183cbf1d88f99425a,train
other,inaturalist,304573161,549071592,cc-by-nc,https://inaturalist-open-data.s3.amazonaws.com/photos/549071592/large.jpg,53a8155e09d3342c13cc396ae27e5bf2c4c39c28e259f07cef2a62640e77a00f,val
other,inaturalist,304573161,549071596,cc-by-nc,https://inaturalist-open-data.s3.amazonaws.com/photos/549071596/large.jpg,ff7956ceb2e88c5bebfac1ef30f3c3d2255957742c2408536659cbb47f817ea8,val
other,inaturalist,335687424,609874261,cc-by-nc,https://inaturalist-open-data.s3.amazonaws.com/photos/609874261/large.jpg,5d2305dd505feea571b9c4991bf0729d3104c07537053ead429ffeec684b1751,train
other,inaturalist,335687424,609874265,cc-by-nc,https://inaturalist-open-data.s3.amazonaws.com/photos/609874265/large.jpg,e89dc55d92005b282d9addcf04491839402bfaa43e664e489fcd7cd721d88bdd,train
other,inaturalist,233351550,414698789,cc-by-nc,https://inaturalist-open-data.s3.amazonaws.com/photos/414698789/large.jpeg,c7a1e311dbc659aeaedf699f505e7ca2c4461ec56ce7f04608977016aae0d43c,train
other,inaturalist,320138508,578781044,cc0,https://inaturalist-open-data.s3.amazonaws.com/photos/578781044/large.jpg,c76f6da52c7ff35753cc046d9f1b836aa582aadbfe0fb9f60b066e84176b2781,train
other,inaturalist,338062289,614702481,cc-by-nc,https://inaturalist-open-data.s3.amazonaws.com/photos/614702481/large.jpg,daaa6586cbd2bf26cc2d9b3a6243a43d58d1fa87519dba1bdcf7275c85f01baa,train
other,inaturalist,338062289,614702484,cc-by-nc,https://inaturalist-open-data.s3.amazonaws.com/photos/614702484/large.jpg,0eda564fc698ce81d54f563fcd274a328bbaaa016b448361d6caad2e1aaa87f0,train
other,inaturalist,338062289,614702485,cc-by-nc,https://inaturalist-open-data.s3.amazonaws.com/photos/614702485/large.jpg,79ff5cd99ab1db32b48af24f708521fd78b840253368e36d608e3f9f39125394,train
other,inaturalist,338062289,614702493,cc-by-nc,https://inaturalist-open-data.s3.amazonaws.com/photos/614702493/large.jpg,29c2179d3d605e54e9446aa26668d8cefc4d9f38a88dcded879a113796277b2c,train
other,inaturalist,338062289,614702498,cc-by-nc,https://inaturalist-open-data.s3.amazonaws.com/photos/614702498/large.jpg,51165c3b6fc970671a05b91915fc4ea913084c8f49282c53580b5f5abc7cb44a,train
other,inaturalist,338062289,614702497,cc-by-nc,https://inaturalist-open-data.s3.amazonaws.com/photos/614702497/large.jpg,8426d4492c681ff86818807631f48852156ff9a6c330c2f7011e85d957151331,train
other,inaturalist,338062289,614702504,cc-by-nc,https://inaturalist-open-data.s3.amazonaws.com/photos/614702504/large.jpg,8432bdb0b19a23a2b1e4bd093f934926ad356b741b29ca9139781f4415683cd6,train
other,inaturalist,338062289,614702506,cc-by-nc,https://inaturalist-open-data.s3.amazonaws.com/photos/614702506/large.jpg,0ba360bfb691e3169a6f90f71f0777087b0cb07705ba3da53eeaa8faac10c8f8,train
other,inaturalist,315493821,569937329,cc0,https://inaturalist-open-data.s3.amazonaws.com/photos/569937329/large.jpg,f6b919ebb7d06f77f23d6313fac8e14ff9471d959e60803f70821413d0ec748d,val
other,inaturalist,315493821,569937363,cc0,https://inaturalist-open-data.s3.amazonaws.com/photos/569937363/large.jpg,3812bbc8d4c3cabab71f61dfdb69bdaf9ec716e30375d007aeef22af399e2b46,val
other,inaturalist,315493821,569937391,cc0,https://inaturalist-open-data.s3.amazonaws.com/photos/569937391/large.jpg,f7a0e29fde9b21e5c17c922f9e1b47e72978d589d75f7a3e7d15d9fa40e9fb36,val
other,inaturalist,315493821,569937785,cc0,https://inaturalist-open-data.s3.amazonaws.com/photos/569937785/large.jpg,a69ee78a83354c5be19427800bed720bbac96b3e2d1cc24ff339e1e8c49fbfde,val
other,inaturalist,315493821,569937811,cc0,https://inaturalist-open-data.s3.amazonaws.com/photos/569937811/large.jpg,1e19d2eb5a8d2176a30006dcf33f8d1aa694b8b27f6a88a0c902d586b20010d1,val
other,inaturalist,315493821,569939586,cc0,https://inaturalist-open-data.s3.amazonaws.com/photos/569939586/large.jpg,8af15990b36cbc92b541af8cc659a463a85a88f07c583aa3f6282b81d6fc3d0c,val
other,inaturalist,315493821,569939619,cc0,https://inaturalist-open-data.s3.amazonaws.com/photos/569939619/large.jpg,f76cc604c02789880aebb2382c728259759fb967d45169e055660078dd1c7aad,val
other,inaturalist,315493821,569939650,cc0,https://inaturalist-open-data.s3.amazonaws.com/photos/569939650/large.jpg,61418e9bdcb1c3029aa3b267087b95373ad4f2c9118b04b8d1102152fff829d8,val
other,inaturalist,315493821,569939769,cc0,https://inaturalist-open-data.s3.amazonaws.com/photos/569939769/large.jpg,29e956205a8f96cc484cb7b0a25d5113d52f62b6e086451c60ac094d4f4992df,val
other,inaturalist,335384979,609264728,cc-by,https://inaturalist-open-data.s3.amazonaws.com/photos/609264728/large.jpg,b8fd51976a4e8008c5549d15b8e3b728f24b57c5802c8e22a5658625621b597c,train
other,inaturalist,317480134,573688170,cc-by,https://inaturalist-open-data.s3.amazonaws.com/photos/573688170/large.jpg,d2fef2f2b05f1d94f190bec84d9e3428be37d4c31ed788c5a4b8d6d5e90973bc,test
other,inaturalist,305036485,549952641,cc-by-nc,https://inaturalist-open-data.s3.amazonaws.com/photos/549952641/large.jpg,f595ad345532e56773f24b341c22c5e61f1173c97920d8df20b4eb32fc5897ea,train
other,inaturalist,305036485,549952690,cc-by-nc,https://inaturalist-open-data.s3.amazonaws.com/photos/549952690/large.jpg,1f7a0f1fa0331e7e9aeae5410feff515ed3b8480ac911eabc50390847ead1f76,train
other,inaturalist,315334171,569637136,cc-by-nc,https://inaturalist-open-data.s3.amazonaws.com/photos/569637136/large.jpg,010b7c236a2ba25e48a6962e5fab28fe8ea1c72abb66682f0b288e15a00997cd,train
other,inaturalist,315334171,569637171,cc-by-nc,https://inaturalist-open-data.s3.amazonaws.com/photos/569637171/large.jpg,972f3d08602cb5f1e0c44f97bbb8b7734c69f18ae0039f7cfae092c9b94a7c24,train
other,inaturalist,322370898,583168297,cc-by-nc,https://inaturalist-open-data.s3.amazonaws.com/photos/583168297/large.jpg,7d3bd239f08246948984db0fe5b571b8cbf0f44849c750853f4f55e3d95a3924,test
other,inaturalist,336824332,612164068,cc-by-nc,https://inaturalist-open-data.s3.amazonaws.com/photos/612164068/large.jpg,904615648820cf9c46e47167b4ea0e60402843236aec13136e826781f8d03d55,train
other,inaturalist,333080887,604631178,cc-by-nc,https://inaturalist-open-data.s3.amazonaws.com/photos/604631178/large.jpg,fb8d4d3b0fe8d395644dca3862197f499eecf95ad94201607c1cf42256ed1e38,train
other,inaturalist,308039647,555698453,cc-by,https://inaturalist-open-data.s3.amazonaws.com/photos/555698453/large.jpg,6c589393904d61dde2d1e9313f975d10f438048a6a2b088a01eab20a6e3c56d5,train
other,inaturalist,308039647,555698483,cc-by,https://inaturalist-open-data.s3.amazonaws.com/photos/555698483/large.jpg,adfedace8597c37d8876de2d2cdeb9d358e54ad54bda623360fda72a16367bf8,train
other,inaturalist,308039647,555698528,cc-by,https://inaturalist-open-data.s3.amazonaws.com/photos/555698528/large.jpg,e883adccc59ae9bfdf97837d5ecd3442f9a94b58c8293c1c225fa7d1017bc25d,train
other,inaturalist,308039647,555698554,cc-by,https://inaturalist-open-data.s3.amazonaws.com/photos/555698554/large.jpg,727f06040dd84c9bd875037796fef8223cc100bab8a5ed63f19c275b983a374c,train
other,inaturalist,278002331,499174070,cc-by-nc,https://inaturalist-open-data.s3.amazonaws.com/photos/499174070/large.jpg,74caff5e2ae2d3ada262a9e93c631e9c6fcdf71c029d32d0456f937742346483,test
other,inaturalist,337559403,613668287,cc-by-nc,https://inaturalist-open-data.s3.amazonaws.com/photos/613668287/large.jpg,0172cb6042ebd63a33f9229d058df0d30e20dc361926947ea8e342d6f163870b,train
other,inaturalist,333955741,606357006,cc-by-nc,https://inaturalist-open-data.s3.amazonaws.com/photos/606357006/large.jpg,74433e196034da4c37be52f022919f2c34b5b2a26c80cf2ebb6f6dc6ca0754ed,train
other,inaturalist,287085016,516170417,cc-by-nc,https://inaturalist-open-data.s3.amazonaws.com/photos/516170417/large.jpg,69215094d30417db18ffd4dca24cb2b80e6638ff71ce096ec89d401339ece5b8,test
other,inaturalist,311360858,562051956,cc-by,https://inaturalist-open-data.s3.amazonaws.com/photos/562051956/large.jpg,5650289a8529ea6c8bcc77533ed578fb9f25578d90e5b6e21c560014880c71e9,train
other,inaturalist,311360858,562051979,cc-by,https://inaturalist-open-data.s3.amazonaws.com/photos/562051979/large.jpg,6f7d060afd560284ebfa0fdd03574b9ed60f708f9a04852027a9ecf77bfcb42f,train
other,inaturalist,311360858,562052017,cc-by,https://inaturalist-open-data.s3.amazonaws.com/photos/562052017/large.jpg,225cca13f6038da7c125cef115b0d252b9ee6d6db1ff0358a3b6b7ef029d3d27,train
other,inaturalist,319084313,576756834,cc-by,https://inaturalist-open-data.s3.amazonaws.com/photos/576756834/large.jpg,2276dd29cead1578ada9e5e0889824bd6cb72686f2d094d6fd1c9fcb07a3903b,train
other,inaturalist,320798164,580040792,cc-by,https://inaturalist-open-data.s3.amazonaws.com/photos/580040792/large.jpg,51b53f6f23633dc988f786d7821fcf8ef12d5b061a959ee299c2c550e5d35045,test
other,inaturalist,317260025,573268300,cc-by-nc,https://inaturalist-open-data.s3.amazonaws.com/photos/573268300/large.jpg,39c245c5b9e36b4dc8488a2c284d445ea0e76fd92d75140d0249a5434859b33b,train
other,inaturalist,283708764,509801255,cc-by,https://inaturalist-open-data.s3.amazonaws.com/photos/509801255/large.jpg,93e71e4332a89ef6f9b38b14149091f9489edf7d5c39668d608689d416e24a27,train
other,inaturalist,288416678,518679841,cc-by,https://inaturalist-open-data.s3.amazonaws.com/photos/518679841/large.jpg,bae9c95d4332af7265b477877f4fa8347a958c9279fd8b9672be571bb9c9901c,train
other,inaturalist,337866585,614278368,cc-by,https://inaturalist-open-data.s3.amazonaws.com/photos/614278368/large.jpg,b37be8c0a861b960547bf5e3e4398be2fff2c4bc1c09becd7cc70cdcf4a8d272,train
other,inaturalist,337106059,612738992,cc-by,https://inaturalist-open-data.s3.amazonaws.com/photos/612738992/large.jpg,b4e4d26bd3374bd69bdcb4dbe2d735aedf2c9e12aa517f565c104fae9d024975,test
other,inaturalist,319183209,576942053,cc-by,https://inaturalist-open-data.s3.amazonaws.com/photos/576942053/large.jpg,04878d5c38334e79b1514d9d0ebe7434ff59ab74193a0bc65a1f55fb0632bc3e,train
other,inaturalist,334138433,606726097,cc-by-nc,https://inaturalist-open-data.s3.amazonaws.com/photos/606726097/large.jpg,aba18afc92a4cdecc00ea5010947fa164cf4210e56fe3c1bbe042329a7a1bb7f,train
other,inaturalist,331472219,601332846,cc-by,https://inaturalist-open-data.s3.amazonaws.com/photos/601332846/large.jpg,885068d73d3de43b09ea62e8bfce5f9ee4227125db13e792c3b1e3d110a9c0d6,train
other,inaturalist,331472219,601333489,cc-by,https://inaturalist-open-data.s3.amazonaws.com/photos/601333489/large.jpg,881b89e67f5f2957dec92f00e5bc0c3d4b78ec1641cb8b00fe56b3deb2073787,train
other,inaturalist,332441273,603315719,cc-by-nc,https://inaturalist-open-data.s3.amazonaws.com/photos/603315719/large.jpg,5ef794801de34b84d18470f123f82795973cf6c299cda2d379b3f7c748c1e15d,test
other,inaturalist,329705751,597705076,cc-by,https://inaturalist-open-data.s3.amazonaws.com/photos/597705076/large.jpg,2411927f778cdc6f25ec189e2821fad93667fbcc8c985cea74a2d6710eb0842d,train
other,inaturalist,329705751,597705097,cc-by,https://inaturalist-open-data.s3.amazonaws.com/photos/597705097/large.jpg,c7aca9a9c4171d47518f5b5d0599d2b12aed64dbd743e247a2db4799d7a931a8,train
other,inaturalist,336266789,611030260,cc-by-nc,https://inaturalist-open-data.s3.amazonaws.com/photos/611030260/large.jpg,24b61a30c609a7e24c71814785bcfbaf277d67bd5dda68d3bf9e17f1a1495259,train
other,inaturalist,336266789,611030261,cc-by-nc,https://inaturalist-open-data.s3.amazonaws.com/photos/611030261/large.jpg,f17a4fc66fa1ac6a9bb90c506c3ab4220e28ce047f4df4d8e6c58a0e1fd1a8d8,train
other,inaturalist,336266789,611030262,cc-by-nc,https://inaturalist-open-data.s3.amazonaws.com/photos/611030262/large.jpg,4aa3efff3075bccd8d33ac4ac366d0978b692bcc82aeeb56b1758678456e4d09,train
other,inaturalist,336228193,610954109,cc-by,https://inaturalist-open-data.s3.amazonaws.com/photos/610954109/large.jpg,752252da592d3d732c72b50295eff9f86802279f397809d651d3f7e4328896f6,val
other,inaturalist,336228193,610954118,cc-by,https://inaturalist-open-data.s3.amazonaws.com/photos/610954118/large.jpg,4cbf323aa9996652035bab5a1564eff17d69050d81bb60a661e97bf552a0a44b,val
other,inaturalist,336228193,610954122,cc-by,https://inaturalist-open-data.s3.amazonaws.com/photos/610954122/large.jpg,dc45fce74dbada7792f9912ff2bab428e1d880b3561daf1f32293561b8e9211b,val
other,inaturalist,332177277,602777178,cc-by-nc,https://inaturalist-open-data.s3.amazonaws.com/photos/602777178/large.jpg,cc51c6e375303fdd109cfd2cb745c7bf593a78e0ce859edad2d0188eaf134db9,test
other,inaturalist,332177277,602777205,cc-by-nc,https://inaturalist-open-data.s3.amazonaws.com/photos/602777205/large.jpg,4408b076bab8f81a26c8830de07ecd94895ddd120448a12fd6468d2d70c2077d,test
other,inaturalist,332177277,602777220,cc-by-nc,https://inaturalist-open-data.s3.amazonaws.com/photos/602777220/large.jpg,1aa8ab2425b64838653987cee85684445e11f19c811ae72127232a2d153e63a9,test
other,inaturalist,332177277,602777245,cc-by-nc,https://inaturalist-open-data.s3.amazonaws.com/photos/602777245/large.jpg,77c2f068199b63d73c73b6b9911bc735ed1772c1e1282427bed3038d9641cbfa,test
other,inaturalist,332339620,603102737,cc-by-nc,https://inaturalist-open-data.s3.amazonaws.com/photos/603102737/large.jpg,673cf4bf23918e773d6244cf6adf734a94fc5e2969c39085311fbb3a887bd901,train
other,inaturalist,332339620,603102727,cc-by-nc,https://inaturalist-open-data.s3.amazonaws.com/photos/603102727/large.jpg,3cf185cdd5d1a999f864f4b4981cdee7596b181fc9fa9ebc1c8dfbbbcc8f73e5,train
other,inaturalist,333650435,605733072,cc-by-nc,https://inaturalist-open-data.s3.amazonaws.com/photos/605733072/large.jpg,525249c4546a5daa479ca61edeb39a40dc9afbc7f7eb924912e27a38d21d49e9,train
other,inaturalist,333650435,605733069,cc-by-nc,https://inaturalist-open-data.s3.amazonaws.com/photos/605733069/large.jpg,270cf27a4d54d98835f46340ddbb23fc06cde7a2311c339ee560c400bf29ad89,train
other,inaturalist,315494177,569932093,cc-by-nc,https://inaturalist-open-data.s3.amazonaws.com/photos/569932093/large.jpg,92fd31ac2df5992cd1d5e33f9fdf0a63218900bb144e55fddf297911822300f3,train
other,inaturalist,307745342,555130074,cc-by-nc,https://inaturalist-open-data.s3.amazonaws.com/photos/555130074/large.jpg,9378bc3acf227a786588a8a8db412394807995f148bdcfd95f357dc12b2bc9dd,train
other,inaturalist,314775091,568566062,cc-by,https://inaturalist-open-data.s3.amazonaws.com/photos/568566062/large.jpg,b5ca11377f4cfad1b2a1e0e80fff72c032983eee567fa8d6e7e0a965826a7e9f,train
other,inaturalist,314775091,568566098,cc-by,https://inaturalist-open-data.s3.amazonaws.com/photos/568566098/large.jpg,1521324f9162b1adbdcd0834fc497c7b09ee7722be56ad0cc940a6d53f4b0547,train
other,inaturalist,319373233,577307543,cc-by,https://inaturalist-open-data.s3.amazonaws.com/photos/577307543/large.jpg,4704f825e73d59ca575fcb58cc4c7ec7ad56df78231ceb386dabfdca2948a419,train
other,inaturalist,338557302,615723769,cc-by-nc,https://inaturalist-open-data.s3.amazonaws.com/photos/615723769/large.jpg,4785d7f9858a66aaa8f3ec22df356f0d7ef441b4424e86e0562427564f7383ca,train
other,inaturalist,307272116,554212290,cc-by-nc,https://inaturalist-open-data.s3.amazonaws.com/photos/554212290/large.jpg,69e6f73b2c3133c5717c47b4282eb9a8630336784f46af95cded27e1a1f22e06,train
other,inaturalist,336241034,610980713,cc-by,https://inaturalist-open-data.s3.amazonaws.com/photos/610980713/large.jpg,fd5cf84309107a454fb8cf6bb75dae10a7c29dcad17dd59284c8242b5d935abd,val
other,inaturalist,292413053,526208848,cc-by-nc,https://inaturalist-open-data.s3.amazonaws.com/photos/526208848/large.jpg,24ee9fc3b3d85cab04b6c8c6279e61dee3b2cc7221c2d4bdf4cedbebc54bb59b,train
other,inaturalist,251573637,450165524,cc-by-nc,https://inaturalist-open-data.s3.amazonaws.com/photos/450165524/large.jpeg,9fe64b0c0f30e8f3a710447d1cc8e20eb083acafc4c0dc6666014a3b6b288abf,train
other,inaturalist,334039983,606529000,cc-by-nc,https://inaturalist-open-data.s3.amazonaws.com/photos/606529000/large.jpg,54c0d72449e5b76e0ecf7fd832836ca04face9dadf314af5125bebec95e4cc41,train
